solid CATIA STL
  facet normal  0.000000e+000 -1.000000e+000  -0.000000e+000
    outer loop
      vertex -9.652160e+000  6.700000e+000 -8.099124e+000
      vertex -1.000000e+001  6.700000e+000 -1.400000e+000
      vertex -1.184013e+001  6.700000e+000 -4.309454e+000
    endloop
  endfacet
  facet normal  0.000000e+000 -1.000000e+000  0.000000e+000
    outer loop
      vertex  1.000000e+001  6.700000e+000 -1.400000e+000
      vertex  9.652160e+000  6.700000e+000 -8.099124e+000
      vertex  1.184013e+001  6.700000e+000 -4.309454e+000
    endloop
  endfacet
  facet normal  -0.000000e+000 -1.000000e+000  0.000000e+000
    outer loop
      vertex -1.184013e+001  6.700000e+000 -4.309454e+000
      vertex -1.000000e+001  6.700000e+000 -1.400000e+000
      vertex -1.098995e+001  6.700000e+000 -9.899495e-001
    endloop
  endfacet
  facet normal  0.000000e+000 -1.000000e+000  0.000000e+000
    outer loop
      vertex  1.184013e+001  6.700000e+000  4.309454e+000
      vertex  1.000000e+001  6.700000e+000  1.400000e+000
      vertex  1.098995e+001  6.700000e+000  9.899495e-001
    endloop
  endfacet
  facet normal  0.000000e+000 -1.000000e+000  0.000000e+000
    outer loop
      vertex -1.260000e+001  6.700000e+000  1.543055e-015
      vertex -1.184013e+001  6.700000e+000 -4.309454e+000
      vertex -1.098995e+001  6.700000e+000 -9.899495e-001
    endloop
  endfacet
  facet normal  0.000000e+000 -1.000000e+000  0.000000e+000
    outer loop
      vertex -1.260000e+001  6.700000e+000  1.543055e-015
      vertex -1.098995e+001  6.700000e+000 -9.899495e-001
      vertex -1.140000e+001  6.700000e+000  1.714505e-016
    endloop
  endfacet
  facet normal  0.000000e+000 -1.000000e+000  0.000000e+000
    outer loop
      vertex -1.260000e+001  6.700000e+000  1.543055e-015
      vertex -1.140000e+001  6.700000e+000  1.714505e-016
      vertex -1.098995e+001  6.700000e+000  9.899495e-001
    endloop
  endfacet
  facet normal  -0.000000e+000 -1.000000e+000  0.000000e+000
    outer loop
      vertex -1.260000e+001  6.700000e+000  1.543055e-015
      vertex -1.098995e+001  6.700000e+000  9.899495e-001
      vertex -1.184013e+001  6.700000e+000  4.309454e+000
    endloop
  endfacet
  facet normal  0.000000e+000 -1.000000e+000  0.000000e+000
    outer loop
      vertex  1.184013e+001  6.700000e+000  4.309454e+000
      vertex  9.652160e+000  6.700000e+000  8.099124e+000
      vertex  1.000000e+001  6.700000e+000  1.400000e+000
    endloop
  endfacet
  facet normal  0.000000e+000 -1.000000e+000  0.000000e+000
    outer loop
      vertex  1.000000e+001  6.700000e+000  1.400000e+000
      vertex  9.652160e+000  6.700000e+000  8.099124e+000
      vertex -1.000000e+001  6.700000e+000  1.400000e+000
    endloop
  endfacet
  facet normal  0.000000e+000 -1.000000e+000  0.000000e+000
    outer loop
      vertex  1.000000e+001  6.700000e+000  1.400000e+000
      vertex -1.000000e+001  6.700000e+000  1.400000e+000
      vertex  9.010051e+000  6.700000e+000  9.899495e-001
    endloop
  endfacet
  facet normal  0.000000e+000 -1.000000e+000  0.000000e+000
    outer loop
      vertex  9.010051e+000  6.700000e+000  9.899495e-001
      vertex -1.000000e+001  6.700000e+000  1.400000e+000
      vertex -9.010051e+000  6.700000e+000  9.899495e-001
    endloop
  endfacet
  facet normal  0.000000e+000 -1.000000e+000  0.000000e+000
    outer loop
      vertex  9.010051e+000  6.700000e+000  9.899495e-001
      vertex -9.010051e+000  6.700000e+000  9.899495e-001
      vertex  8.600000e+000  6.700000e+000  1.714505e-016
    endloop
  endfacet
  facet normal  -0.000000e+000 -1.000000e+000  0.000000e+000
    outer loop
      vertex  8.600000e+000  6.700000e+000  1.714505e-016
      vertex -9.010051e+000  6.700000e+000  9.899495e-001
      vertex -8.600000e+000  6.700000e+000 -3.429011e-016
    endloop
  endfacet
  facet normal  0.000000e+000 -1.000000e+000  0.000000e+000
    outer loop
      vertex  8.600000e+000  6.700000e+000  1.714505e-016
      vertex -8.600000e+000  6.700000e+000 -3.429011e-016
      vertex  9.010051e+000  6.700000e+000 -9.899495e-001
    endloop
  endfacet
  facet normal  0.000000e+000 -1.000000e+000  0.000000e+000
    outer loop
      vertex  9.010051e+000  6.700000e+000 -9.899495e-001
      vertex -8.600000e+000  6.700000e+000 -3.429011e-016
      vertex -9.010051e+000  6.700000e+000 -9.899495e-001
    endloop
  endfacet
  facet normal  0.000000e+000 -1.000000e+000  0.000000e+000
    outer loop
      vertex  9.010051e+000  6.700000e+000 -9.899495e-001
      vertex -9.010051e+000  6.700000e+000 -9.899495e-001
      vertex  1.000000e+001  6.700000e+000 -1.400000e+000
    endloop
  endfacet
  facet normal  0.000000e+000 -1.000000e+000  0.000000e+000
    outer loop
      vertex  1.000000e+001  6.700000e+000 -1.400000e+000
      vertex -9.010051e+000  6.700000e+000 -9.899495e-001
      vertex -1.000000e+001  6.700000e+000 -1.400000e+000
    endloop
  endfacet
  facet normal  0.000000e+000 -1.000000e+000  0.000000e+000
    outer loop
      vertex  1.000000e+001  6.700000e+000 -1.400000e+000
      vertex -1.000000e+001  6.700000e+000 -1.400000e+000
      vertex  9.652160e+000  6.700000e+000 -8.099124e+000
    endloop
  endfacet
  facet normal  0.000000e+000 -1.000000e+000  0.000000e+000
    outer loop
      vertex  9.652160e+000  6.700000e+000 -8.099124e+000
      vertex -1.000000e+001  6.700000e+000 -1.400000e+000
      vertex -9.652160e+000  6.700000e+000 -8.099124e+000
    endloop
  endfacet
  facet normal  0.000000e+000 -1.000000e+000  0.000000e+000
    outer loop
      vertex  9.652160e+000  6.700000e+000 -8.099124e+000
      vertex -9.652160e+000  6.700000e+000 -8.099124e+000
      vertex  6.300000e+000  6.700000e+000 -1.091192e+001
    endloop
  endfacet
  facet normal  0.000000e+000 -1.000000e+000  0.000000e+000
    outer loop
      vertex  6.300000e+000  6.700000e+000 -1.091192e+001
      vertex -9.652160e+000  6.700000e+000 -8.099124e+000
      vertex -6.300000e+000  6.700000e+000 -1.091192e+001
    endloop
  endfacet
  facet normal  0.000000e+000 -1.000000e+000  0.000000e+000
    outer loop
      vertex  6.300000e+000  6.700000e+000 -1.091192e+001
      vertex -6.300000e+000  6.700000e+000 -1.091192e+001
      vertex  2.187967e+000  6.700000e+000 -1.240858e+001
    endloop
  endfacet
  facet normal  0.000000e+000 -1.000000e+000  0.000000e+000
    outer loop
      vertex  2.187967e+000  6.700000e+000 -1.240858e+001
      vertex -6.300000e+000  6.700000e+000 -1.091192e+001
      vertex -2.187967e+000  6.700000e+000 -1.240858e+001
    endloop
  endfacet
  facet normal  0.000000e+000 -1.000000e+000  0.000000e+000
    outer loop
      vertex  2.187967e+000  6.700000e+000  1.240858e+001
      vertex -2.187967e+000  6.700000e+000  1.240858e+001
      vertex  6.300000e+000  6.700000e+000  1.091192e+001
    endloop
  endfacet
  facet normal  0.000000e+000 -1.000000e+000  0.000000e+000
    outer loop
      vertex  6.300000e+000  6.700000e+000  1.091192e+001
      vertex -2.187967e+000  6.700000e+000  1.240858e+001
      vertex -6.300000e+000  6.700000e+000  1.091192e+001
    endloop
  endfacet
  facet normal  0.000000e+000 -1.000000e+000  0.000000e+000
    outer loop
      vertex  6.300000e+000  6.700000e+000  1.091192e+001
      vertex -6.300000e+000  6.700000e+000  1.091192e+001
      vertex  9.652160e+000  6.700000e+000  8.099124e+000
    endloop
  endfacet
  facet normal  0.000000e+000 -1.000000e+000  0.000000e+000
    outer loop
      vertex  9.652160e+000  6.700000e+000  8.099124e+000
      vertex -6.300000e+000  6.700000e+000  1.091192e+001
      vertex -9.652160e+000  6.700000e+000  8.099124e+000
    endloop
  endfacet
  facet normal  0.000000e+000 -1.000000e+000  -0.000000e+000
    outer loop
      vertex  9.652160e+000  6.700000e+000  8.099124e+000
      vertex -9.652160e+000  6.700000e+000  8.099124e+000
      vertex -1.000000e+001  6.700000e+000  1.400000e+000
    endloop
  endfacet
  facet normal  0.000000e+000 -1.000000e+000  0.000000e+000
    outer loop
      vertex -1.000000e+001  6.700000e+000  1.400000e+000
      vertex -9.652160e+000  6.700000e+000  8.099124e+000
      vertex -1.184013e+001  6.700000e+000  4.309454e+000
    endloop
  endfacet
  facet normal  0.000000e+000 -1.000000e+000  0.000000e+000
    outer loop
      vertex -1.000000e+001  6.700000e+000  1.400000e+000
      vertex -1.184013e+001  6.700000e+000  4.309454e+000
      vertex -1.098995e+001  6.700000e+000  9.899495e-001
    endloop
  endfacet
  facet normal  0.000000e+000 -1.000000e+000  0.000000e+000
    outer loop
      vertex  1.184013e+001  6.700000e+000  4.309454e+000
      vertex  1.098995e+001  6.700000e+000  9.899495e-001
      vertex  1.260000e+001  6.700000e+000  0.000000e+000
    endloop
  endfacet
  facet normal  0.000000e+000 -1.000000e+000  0.000000e+000
    outer loop
      vertex  1.260000e+001  6.700000e+000  0.000000e+000
      vertex  1.098995e+001  6.700000e+000  9.899495e-001
      vertex  1.140000e+001  6.700000e+000  0.000000e+000
    endloop
  endfacet
  facet normal  0.000000e+000 -1.000000e+000  0.000000e+000
    outer loop
      vertex  1.260000e+001  6.700000e+000  0.000000e+000
      vertex  1.140000e+001  6.700000e+000  0.000000e+000
      vertex  1.184013e+001  6.700000e+000 -4.309454e+000
    endloop
  endfacet
  facet normal  0.000000e+000 -1.000000e+000  0.000000e+000
    outer loop
      vertex  1.184013e+001  6.700000e+000 -4.309454e+000
      vertex  1.140000e+001  6.700000e+000  0.000000e+000
      vertex  1.098995e+001  6.700000e+000 -9.899495e-001
    endloop
  endfacet
  facet normal  0.000000e+000 -1.000000e+000  -0.000000e+000
    outer loop
      vertex  1.184013e+001  6.700000e+000 -4.309454e+000
      vertex  1.098995e+001  6.700000e+000 -9.899495e-001
      vertex  1.000000e+001  6.700000e+000 -1.400000e+000
    endloop
  endfacet
  facet normal  3.826835e-001  0.000000e+000 -9.238795e-001
    outer loop
      vertex -1.000000e+001  1.000000e+001  1.400000e+000
      vertex -1.098995e+001  6.700000e+000  9.899495e-001
      vertex -1.098995e+001  1.000000e+001  9.899495e-001
    endloop
  endfacet
  facet normal  9.238796e-001  0.000000e+000 -3.826834e-001
    outer loop
      vertex -1.098995e+001  1.000000e+001  9.899495e-001
      vertex -1.098995e+001  6.700000e+000  9.899495e-001
      vertex -1.140000e+001  6.700000e+000  1.714505e-016
    endloop
  endfacet
  facet normal  9.238796e-001  0.000000e+000 -3.826834e-001
    outer loop
      vertex -1.098995e+001  1.000000e+001  9.899495e-001
      vertex -1.140000e+001  6.700000e+000  1.714505e-016
      vertex -1.140000e+001  1.000000e+001  1.714505e-016
    endloop
  endfacet
  facet normal  3.826835e-001  0.000000e+000 -9.238795e-001
    outer loop
      vertex -1.098995e+001  6.700000e+000  9.899495e-001
      vertex -1.000000e+001  1.000000e+001  1.400000e+000
      vertex -1.000000e+001  6.700000e+000  1.400000e+000
    endloop
  endfacet
  facet normal -3.826835e-001  0.000000e+000 -9.238795e-001
    outer loop
      vertex -1.000000e+001  6.700000e+000  1.400000e+000
      vertex -1.000000e+001  1.000000e+001  1.400000e+000
      vertex -9.010051e+000  1.000000e+001  9.899495e-001
    endloop
  endfacet
  facet normal -3.826835e-001  -0.000000e+000 -9.238795e-001
    outer loop
      vertex -1.000000e+001  6.700000e+000  1.400000e+000
      vertex -9.010051e+000  1.000000e+001  9.899495e-001
      vertex -9.010051e+000  6.700000e+000  9.899495e-001
    endloop
  endfacet
  facet normal -9.238796e-001  0.000000e+000 -3.826834e-001
    outer loop
      vertex -9.010051e+000  6.700000e+000  9.899495e-001
      vertex -9.010051e+000  1.000000e+001  9.899495e-001
      vertex -8.600000e+000  1.000000e+001 -3.429011e-016
    endloop
  endfacet
  facet normal -9.238796e-001  -0.000000e+000 -3.826834e-001
    outer loop
      vertex -9.010051e+000  6.700000e+000  9.899495e-001
      vertex -8.600000e+000  1.000000e+001 -3.429011e-016
      vertex -8.600000e+000  6.700000e+000 -3.429011e-016
    endloop
  endfacet
  facet normal -3.826835e-001  0.000000e+000  9.238795e-001
    outer loop
      vertex -1.000000e+001  1.000000e+001 -1.400000e+000
      vertex -9.010051e+000  6.700000e+000 -9.899495e-001
      vertex -9.010051e+000  1.000000e+001 -9.899495e-001
    endloop
  endfacet
  facet normal -9.238796e-001  0.000000e+000  3.826834e-001
    outer loop
      vertex -9.010051e+000  1.000000e+001 -9.899495e-001
      vertex -9.010051e+000  6.700000e+000 -9.899495e-001
      vertex -8.600000e+000  6.700000e+000 -3.429011e-016
    endloop
  endfacet
  facet normal -9.238796e-001  0.000000e+000  3.826834e-001
    outer loop
      vertex -9.010051e+000  1.000000e+001 -9.899495e-001
      vertex -8.600000e+000  6.700000e+000 -3.429011e-016
      vertex -8.600000e+000  1.000000e+001 -3.429011e-016
    endloop
  endfacet
  facet normal -3.826835e-001  0.000000e+000  9.238795e-001
    outer loop
      vertex -9.010051e+000  6.700000e+000 -9.899495e-001
      vertex -1.000000e+001  1.000000e+001 -1.400000e+000
      vertex -1.000000e+001  6.700000e+000 -1.400000e+000
    endloop
  endfacet
  facet normal  3.826835e-001  -0.000000e+000  9.238795e-001
    outer loop
      vertex -1.000000e+001  6.700000e+000 -1.400000e+000
      vertex -1.000000e+001  1.000000e+001 -1.400000e+000
      vertex -1.098995e+001  1.000000e+001 -9.899495e-001
    endloop
  endfacet
  facet normal  3.826835e-001  0.000000e+000  9.238795e-001
    outer loop
      vertex -1.000000e+001  6.700000e+000 -1.400000e+000
      vertex -1.098995e+001  1.000000e+001 -9.899495e-001
      vertex -1.098995e+001  6.700000e+000 -9.899495e-001
    endloop
  endfacet
  facet normal  9.238796e-001  -0.000000e+000  3.826834e-001
    outer loop
      vertex -1.098995e+001  6.700000e+000 -9.899495e-001
      vertex -1.098995e+001  1.000000e+001 -9.899495e-001
      vertex -1.140000e+001  1.000000e+001  1.714505e-016
    endloop
  endfacet
  facet normal  9.238796e-001  0.000000e+000  3.826834e-001
    outer loop
      vertex -1.098995e+001  6.700000e+000 -9.899495e-001
      vertex -1.140000e+001  1.000000e+001  1.714505e-016
      vertex -1.140000e+001  6.700000e+000  1.714505e-016
    endloop
  endfacet
  facet normal -3.826835e-001  0.000000e+000  9.238795e-001
    outer loop
      vertex  1.000000e+001  1.000000e+001 -1.400000e+000
      vertex  1.098995e+001  6.700000e+000 -9.899495e-001
      vertex  1.098995e+001  1.000000e+001 -9.899495e-001
    endloop
  endfacet
  facet normal -9.238796e-001  0.000000e+000  3.826834e-001
    outer loop
      vertex  1.098995e+001  1.000000e+001 -9.899495e-001
      vertex  1.098995e+001  6.700000e+000 -9.899495e-001
      vertex  1.140000e+001  6.700000e+000  0.000000e+000
    endloop
  endfacet
  facet normal -9.238796e-001  0.000000e+000  3.826834e-001
    outer loop
      vertex  1.098995e+001  1.000000e+001 -9.899495e-001
      vertex  1.140000e+001  6.700000e+000  0.000000e+000
      vertex  1.140000e+001  1.000000e+001  0.000000e+000
    endloop
  endfacet
  facet normal -3.826835e-001  0.000000e+000  9.238795e-001
    outer loop
      vertex  1.098995e+001  6.700000e+000 -9.899495e-001
      vertex  1.000000e+001  1.000000e+001 -1.400000e+000
      vertex  1.000000e+001  6.700000e+000 -1.400000e+000
    endloop
  endfacet
  facet normal  3.826835e-001  -0.000000e+000  9.238795e-001
    outer loop
      vertex  1.000000e+001  6.700000e+000 -1.400000e+000
      vertex  1.000000e+001  1.000000e+001 -1.400000e+000
      vertex  9.010051e+000  1.000000e+001 -9.899495e-001
    endloop
  endfacet
  facet normal  3.826835e-001  0.000000e+000  9.238795e-001
    outer loop
      vertex  1.000000e+001  6.700000e+000 -1.400000e+000
      vertex  9.010051e+000  1.000000e+001 -9.899495e-001
      vertex  9.010051e+000  6.700000e+000 -9.899495e-001
    endloop
  endfacet
  facet normal  9.238796e-001  -0.000000e+000  3.826834e-001
    outer loop
      vertex  9.010051e+000  6.700000e+000 -9.899495e-001
      vertex  9.010051e+000  1.000000e+001 -9.899495e-001
      vertex  8.600000e+000  1.000000e+001  1.714505e-016
    endloop
  endfacet
  facet normal  9.238796e-001  0.000000e+000  3.826834e-001
    outer loop
      vertex  9.010051e+000  6.700000e+000 -9.899495e-001
      vertex  8.600000e+000  1.000000e+001  1.714505e-016
      vertex  8.600000e+000  6.700000e+000  1.714505e-016
    endloop
  endfacet
  facet normal  3.826835e-001  0.000000e+000 -9.238795e-001
    outer loop
      vertex  1.000000e+001  1.000000e+001  1.400000e+000
      vertex  9.010051e+000  6.700000e+000  9.899495e-001
      vertex  9.010051e+000  1.000000e+001  9.899495e-001
    endloop
  endfacet
  facet normal  9.238796e-001  0.000000e+000 -3.826834e-001
    outer loop
      vertex  9.010051e+000  1.000000e+001  9.899495e-001
      vertex  9.010051e+000  6.700000e+000  9.899495e-001
      vertex  8.600000e+000  6.700000e+000  1.714505e-016
    endloop
  endfacet
  facet normal  9.238796e-001  0.000000e+000 -3.826834e-001
    outer loop
      vertex  9.010051e+000  1.000000e+001  9.899495e-001
      vertex  8.600000e+000  6.700000e+000  1.714505e-016
      vertex  8.600000e+000  1.000000e+001  1.714505e-016
    endloop
  endfacet
  facet normal  3.826835e-001  0.000000e+000 -9.238795e-001
    outer loop
      vertex  9.010051e+000  6.700000e+000  9.899495e-001
      vertex  1.000000e+001  1.000000e+001  1.400000e+000
      vertex  1.000000e+001  6.700000e+000  1.400000e+000
    endloop
  endfacet
  facet normal -3.826835e-001  0.000000e+000 -9.238795e-001
    outer loop
      vertex  1.000000e+001  6.700000e+000  1.400000e+000
      vertex  1.000000e+001  1.000000e+001  1.400000e+000
      vertex  1.098995e+001  1.000000e+001  9.899495e-001
    endloop
  endfacet
  facet normal -3.826835e-001  -0.000000e+000 -9.238795e-001
    outer loop
      vertex  1.000000e+001  6.700000e+000  1.400000e+000
      vertex  1.098995e+001  1.000000e+001  9.899495e-001
      vertex  1.098995e+001  6.700000e+000  9.899495e-001
    endloop
  endfacet
  facet normal -9.238796e-001  0.000000e+000 -3.826834e-001
    outer loop
      vertex  1.098995e+001  6.700000e+000  9.899495e-001
      vertex  1.098995e+001  1.000000e+001  9.899495e-001
      vertex  1.140000e+001  1.000000e+001  0.000000e+000
    endloop
  endfacet
  facet normal -9.238796e-001  -0.000000e+000 -3.826834e-001
    outer loop
      vertex  1.098995e+001  6.700000e+000  9.899495e-001
      vertex  1.140000e+001  1.000000e+001  0.000000e+000
      vertex  1.140000e+001  6.700000e+000  0.000000e+000
    endloop
  endfacet
  facet normal  0.000000e+000 -9.999999e-001  0.000000e+000
    outer loop
      vertex -1.098995e+001  1.000000e+001  9.899495e-001
      vertex -9.010051e+000  1.000000e+001  9.899495e-001
      vertex -1.000000e+001  1.000000e+001  1.400000e+000
    endloop
  endfacet
  facet normal  0.000000e+000 -1.000000e+000  0.000000e+000
    outer loop
      vertex -9.010051e+000  1.000000e+001  9.899495e-001
      vertex -1.098995e+001  1.000000e+001  9.899495e-001
      vertex -8.600000e+000  1.000000e+001 -3.429011e-016
    endloop
  endfacet
  facet normal  0.000000e+000 -1.000000e+000  0.000000e+000
    outer loop
      vertex -8.600000e+000  1.000000e+001 -3.429011e-016
      vertex -1.098995e+001  1.000000e+001  9.899495e-001
      vertex -1.140000e+001  1.000000e+001  1.714505e-016
    endloop
  endfacet
  facet normal  0.000000e+000 -1.000000e+000  0.000000e+000
    outer loop
      vertex -8.600000e+000  1.000000e+001 -3.429011e-016
      vertex -1.140000e+001  1.000000e+001  1.714505e-016
      vertex -9.010051e+000  1.000000e+001 -9.899495e-001
    endloop
  endfacet
  facet normal  0.000000e+000 -1.000000e+000  0.000000e+000
    outer loop
      vertex -9.010051e+000  1.000000e+001 -9.899495e-001
      vertex -1.140000e+001  1.000000e+001  1.714505e-016
      vertex -1.098995e+001  1.000000e+001 -9.899495e-001
    endloop
  endfacet
  facet normal  0.000000e+000 -9.999999e-001  0.000000e+000
    outer loop
      vertex -9.010051e+000  1.000000e+001 -9.899495e-001
      vertex -1.098995e+001  1.000000e+001 -9.899495e-001
      vertex -1.000000e+001  1.000000e+001 -1.400000e+000
    endloop
  endfacet
  facet normal  0.000000e+000 -9.999999e-001  0.000000e+000
    outer loop
      vertex  9.010051e+000  1.000000e+001  9.899495e-001
      vertex  1.098995e+001  1.000000e+001  9.899495e-001
      vertex  1.000000e+001  1.000000e+001  1.400000e+000
    endloop
  endfacet
  facet normal  0.000000e+000 -1.000000e+000  0.000000e+000
    outer loop
      vertex  1.098995e+001  1.000000e+001  9.899495e-001
      vertex  9.010051e+000  1.000000e+001  9.899495e-001
      vertex  1.140000e+001  1.000000e+001  0.000000e+000
    endloop
  endfacet
  facet normal  0.000000e+000 -1.000000e+000  0.000000e+000
    outer loop
      vertex  1.140000e+001  1.000000e+001  0.000000e+000
      vertex  9.010051e+000  1.000000e+001  9.899495e-001
      vertex  8.600000e+000  1.000000e+001  1.714505e-016
    endloop
  endfacet
  facet normal  0.000000e+000 -1.000000e+000  0.000000e+000
    outer loop
      vertex  1.140000e+001  1.000000e+001  0.000000e+000
      vertex  8.600000e+000  1.000000e+001  1.714505e-016
      vertex  1.098995e+001  1.000000e+001 -9.899495e-001
    endloop
  endfacet
  facet normal  0.000000e+000 -1.000000e+000  0.000000e+000
    outer loop
      vertex  1.098995e+001  1.000000e+001 -9.899495e-001
      vertex  8.600000e+000  1.000000e+001  1.714505e-016
      vertex  9.010051e+000  1.000000e+001 -9.899495e-001
    endloop
  endfacet
  facet normal  0.000000e+000 -9.999999e-001  0.000000e+000
    outer loop
      vertex  1.098995e+001  1.000000e+001 -9.899495e-001
      vertex  9.010051e+000  1.000000e+001 -9.899495e-001
      vertex  1.000000e+001  1.000000e+001 -1.400000e+000
    endloop
  endfacet
  facet normal  0.000000e+000 -1.000000e+000  0.000000e+000
    outer loop
      vertex -4.635255e+000  3.400000e+000  1.426585e+001
      vertex -8.816779e+000  3.400000e+000  1.213525e+001
      vertex -2.187967e+000  3.400000e+000  1.240858e+001
    endloop
  endfacet
  facet normal  0.000000e+000 -1.000000e+000  0.000000e+000
    outer loop
      vertex -6.300000e+000  3.400000e+000 -1.091192e+001
      vertex -8.816779e+000  3.400000e+000 -1.213525e+001
      vertex -2.187967e+000  3.400000e+000 -1.240858e+001
    endloop
  endfacet
  facet normal  0.000000e+000 -1.000000e+000  0.000000e+000
    outer loop
      vertex -8.816779e+000  3.400000e+000 -1.213525e+001
      vertex -4.635255e+000  3.400000e+000 -1.426585e+001
      vertex -2.187967e+000  3.400000e+000 -1.240858e+001
    endloop
  endfacet
  facet normal  0.000000e+000 -1.000000e+000  -0.000000e+000
    outer loop
      vertex -2.187967e+000  3.400000e+000 -1.240858e+001
      vertex -4.635255e+000  3.400000e+000 -1.426585e+001
      vertex -1.607813e-014  3.400000e+000 -1.500000e+001
    endloop
  endfacet
  facet normal  0.000000e+000 -1.000000e+000  0.000000e+000
    outer loop
      vertex -2.187967e+000  3.400000e+000 -1.240858e+001
      vertex -1.607813e-014  3.400000e+000 -1.500000e+001
      vertex  2.187967e+000  3.400000e+000 -1.240858e+001
    endloop
  endfacet
  facet normal  0.000000e+000 -1.000000e+000  -0.000000e+000
    outer loop
      vertex  2.187967e+000  3.400000e+000 -1.240858e+001
      vertex -1.607813e-014  3.400000e+000 -1.500000e+001
      vertex  4.635255e+000  3.400000e+000 -1.426585e+001
    endloop
  endfacet
  facet normal  0.000000e+000 -1.000000e+000  0.000000e+000
    outer loop
      vertex  2.187967e+000  3.400000e+000 -1.240858e+001
      vertex  4.635255e+000  3.400000e+000 -1.426585e+001
      vertex  8.816779e+000  3.400000e+000 -1.213525e+001
    endloop
  endfacet
  facet normal  -0.000000e+000 -1.000000e+000  0.000000e+000
    outer loop
      vertex  6.300000e+000  3.400000e+000  1.091192e+001
      vertex  8.816779e+000  3.400000e+000  1.213525e+001
      vertex  2.187967e+000  3.400000e+000  1.240858e+001
    endloop
  endfacet
  facet normal  0.000000e+000 -1.000000e+000  0.000000e+000
    outer loop
      vertex  2.187967e+000  3.400000e+000  1.240858e+001
      vertex  8.816779e+000  3.400000e+000  1.213525e+001
      vertex  4.635255e+000  3.400000e+000  1.426585e+001
    endloop
  endfacet
  facet normal  0.000000e+000 -1.000000e+000  0.000000e+000
    outer loop
      vertex  2.187967e+000  3.400000e+000  1.240858e+001
      vertex  4.635255e+000  3.400000e+000  1.426585e+001
      vertex -2.187967e+000  3.400000e+000  1.240858e+001
    endloop
  endfacet
  facet normal  0.000000e+000 -1.000000e+000  0.000000e+000
    outer loop
      vertex -2.187967e+000  3.400000e+000  1.240858e+001
      vertex  4.635255e+000  3.400000e+000  1.426585e+001
      vertex  4.249154e-015  3.400000e+000  1.500000e+001
    endloop
  endfacet
  facet normal  0.000000e+000 -1.000000e+000  0.000000e+000
    outer loop
      vertex -2.187967e+000  3.400000e+000  1.240858e+001
      vertex  4.249154e-015  3.400000e+000  1.500000e+001
      vertex -4.635255e+000  3.400000e+000  1.426585e+001
    endloop
  endfacet
  facet normal  -0.000000e+000 -1.000000e+000  0.000000e+000
    outer loop
      vertex -8.816779e+000  3.400000e+000 -1.213525e+001
      vertex -6.300000e+000  3.400000e+000 -1.091192e+001
      vertex -1.213525e+001  3.400000e+000 -8.816779e+000
    endloop
  endfacet
  facet normal  0.000000e+000 -1.000000e+000  0.000000e+000
    outer loop
      vertex -1.213525e+001  3.400000e+000 -8.816779e+000
      vertex -6.300000e+000  3.400000e+000 -1.091192e+001
      vertex -9.652160e+000  3.400000e+000 -8.099124e+000
    endloop
  endfacet
  facet normal  -0.000000e+000 -1.000000e+000  0.000000e+000
    outer loop
      vertex -1.213525e+001  3.400000e+000 -8.816779e+000
      vertex -9.652160e+000  3.400000e+000 -8.099124e+000
      vertex -1.426585e+001  3.400000e+000 -4.635255e+000
    endloop
  endfacet
  facet normal  0.000000e+000 -1.000000e+000  0.000000e+000
    outer loop
      vertex -1.426585e+001  3.400000e+000 -4.635255e+000
      vertex -9.652160e+000  3.400000e+000 -8.099124e+000
      vertex -1.184013e+001  3.400000e+000 -4.309454e+000
    endloop
  endfacet
  facet normal  -0.000000e+000 -1.000000e+000  0.000000e+000
    outer loop
      vertex -1.426585e+001  3.400000e+000 -4.635255e+000
      vertex -1.184013e+001  3.400000e+000 -4.309454e+000
      vertex -1.500000e+001  3.400000e+000  8.498309e-015
    endloop
  endfacet
  facet normal  0.000000e+000 -1.000000e+000  0.000000e+000
    outer loop
      vertex -1.500000e+001  3.400000e+000  8.498309e-015
      vertex -1.184013e+001  3.400000e+000 -4.309454e+000
      vertex -1.260000e+001  3.400000e+000  1.543055e-015
    endloop
  endfacet
  facet normal  0.000000e+000 -1.000000e+000  0.000000e+000
    outer loop
      vertex -1.500000e+001  3.400000e+000  8.498309e-015
      vertex -1.260000e+001  3.400000e+000  1.543055e-015
      vertex -1.426585e+001  3.400000e+000  4.635255e+000
    endloop
  endfacet
  facet normal  0.000000e+000 -1.000000e+000  0.000000e+000
    outer loop
      vertex -1.426585e+001  3.400000e+000  4.635255e+000
      vertex -1.260000e+001  3.400000e+000  1.543055e-015
      vertex -1.184013e+001  3.400000e+000  4.309454e+000
    endloop
  endfacet
  facet normal  0.000000e+000 -1.000000e+000  0.000000e+000
    outer loop
      vertex -1.426585e+001  3.400000e+000  4.635255e+000
      vertex -1.184013e+001  3.400000e+000  4.309454e+000
      vertex -1.213525e+001  3.400000e+000  8.816779e+000
    endloop
  endfacet
  facet normal  0.000000e+000 -1.000000e+000  0.000000e+000
    outer loop
      vertex -1.213525e+001  3.400000e+000  8.816779e+000
      vertex -1.184013e+001  3.400000e+000  4.309454e+000
      vertex -9.652160e+000  3.400000e+000  8.099124e+000
    endloop
  endfacet
  facet normal  0.000000e+000 -9.999999e-001  0.000000e+000
    outer loop
      vertex -1.213525e+001  3.400000e+000  8.816779e+000
      vertex -9.652160e+000  3.400000e+000  8.099124e+000
      vertex -8.816779e+000  3.400000e+000  1.213525e+001
    endloop
  endfacet
  facet normal  0.000000e+000 -1.000000e+000  -0.000000e+000
    outer loop
      vertex -8.816779e+000  3.400000e+000  1.213525e+001
      vertex -9.652160e+000  3.400000e+000  8.099124e+000
      vertex -6.300000e+000  3.400000e+000  1.091192e+001
    endloop
  endfacet
  facet normal  0.000000e+000 -1.000000e+000  0.000000e+000
    outer loop
      vertex -8.816779e+000  3.400000e+000  1.213525e+001
      vertex -6.300000e+000  3.400000e+000  1.091192e+001
      vertex -2.187967e+000  3.400000e+000  1.240858e+001
    endloop
  endfacet
  facet normal  0.000000e+000 -1.000000e+000  0.000000e+000
    outer loop
      vertex  8.816779e+000  3.400000e+000  1.213525e+001
      vertex  6.300000e+000  3.400000e+000  1.091192e+001
      vertex  1.213525e+001  3.400000e+000  8.816779e+000
    endloop
  endfacet
  facet normal  -0.000000e+000 -1.000000e+000  0.000000e+000
    outer loop
      vertex  1.213525e+001  3.400000e+000  8.816779e+000
      vertex  6.300000e+000  3.400000e+000  1.091192e+001
      vertex  9.652160e+000  3.400000e+000  8.099124e+000
    endloop
  endfacet
  facet normal  0.000000e+000 -1.000000e+000  0.000000e+000
    outer loop
      vertex  1.213525e+001  3.400000e+000  8.816779e+000
      vertex  9.652160e+000  3.400000e+000  8.099124e+000
      vertex  1.426585e+001  3.400000e+000  4.635255e+000
    endloop
  endfacet
  facet normal  -0.000000e+000 -1.000000e+000  0.000000e+000
    outer loop
      vertex  1.426585e+001  3.400000e+000  4.635255e+000
      vertex  9.652160e+000  3.400000e+000  8.099124e+000
      vertex  1.184013e+001  3.400000e+000  4.309454e+000
    endloop
  endfacet
  facet normal  0.000000e+000 -1.000000e+000  0.000000e+000
    outer loop
      vertex  1.426585e+001  3.400000e+000  4.635255e+000
      vertex  1.184013e+001  3.400000e+000  4.309454e+000
      vertex  1.500000e+001  3.400000e+000  0.000000e+000
    endloop
  endfacet
  facet normal  0.000000e+000 -1.000000e+000  0.000000e+000
    outer loop
      vertex  1.500000e+001  3.400000e+000  0.000000e+000
      vertex  1.184013e+001  3.400000e+000  4.309454e+000
      vertex  1.260000e+001  3.400000e+000  0.000000e+000
    endloop
  endfacet
  facet normal  0.000000e+000 -1.000000e+000  0.000000e+000
    outer loop
      vertex  1.500000e+001  3.400000e+000  0.000000e+000
      vertex  1.260000e+001  3.400000e+000  0.000000e+000
      vertex  1.426585e+001  3.400000e+000 -4.635255e+000
    endloop
  endfacet
  facet normal  0.000000e+000 -1.000000e+000  0.000000e+000
    outer loop
      vertex  1.426585e+001  3.400000e+000 -4.635255e+000
      vertex  1.260000e+001  3.400000e+000  0.000000e+000
      vertex  1.184013e+001  3.400000e+000 -4.309454e+000
    endloop
  endfacet
  facet normal  0.000000e+000 -1.000000e+000  0.000000e+000
    outer loop
      vertex  1.426585e+001  3.400000e+000 -4.635255e+000
      vertex  1.184013e+001  3.400000e+000 -4.309454e+000
      vertex  1.213525e+001  3.400000e+000 -8.816779e+000
    endloop
  endfacet
  facet normal  0.000000e+000 -1.000000e+000  0.000000e+000
    outer loop
      vertex  1.213525e+001  3.400000e+000 -8.816779e+000
      vertex  1.184013e+001  3.400000e+000 -4.309454e+000
      vertex  9.652160e+000  3.400000e+000 -8.099124e+000
    endloop
  endfacet
  facet normal  0.000000e+000 -9.999999e-001  -0.000000e+000
    outer loop
      vertex  1.213525e+001  3.400000e+000 -8.816779e+000
      vertex  9.652160e+000  3.400000e+000 -8.099124e+000
      vertex  8.816779e+000  3.400000e+000 -1.213525e+001
    endloop
  endfacet
  facet normal  0.000000e+000 -1.000000e+000  0.000000e+000
    outer loop
      vertex  8.816779e+000  3.400000e+000 -1.213525e+001
      vertex  9.652160e+000  3.400000e+000 -8.099124e+000
      vertex  6.300000e+000  3.400000e+000 -1.091192e+001
    endloop
  endfacet
  facet normal  0.000000e+000 -1.000000e+000  -0.000000e+000
    outer loop
      vertex  8.816779e+000  3.400000e+000 -1.213525e+001
      vertex  6.300000e+000  3.400000e+000 -1.091192e+001
      vertex  2.187967e+000  3.400000e+000 -1.240858e+001
    endloop
  endfacet
  facet normal -3.420201e-001  0.000000e+000  9.396926e-001
    outer loop
      vertex  2.187967e+000  6.700000e+000 -1.240858e+001
      vertex  6.300000e+000  3.400000e+000 -1.091192e+001
      vertex  6.300000e+000  6.700000e+000 -1.091192e+001
    endloop
  endfacet
  facet normal -6.427877e-001  0.000000e+000  7.660444e-001
    outer loop
      vertex  6.300000e+000  6.700000e+000 -1.091192e+001
      vertex  6.300000e+000  3.400000e+000 -1.091192e+001
      vertex  9.652160e+000  3.400000e+000 -8.099124e+000
    endloop
  endfacet
  facet normal -6.427877e-001  0.000000e+000  7.660444e-001
    outer loop
      vertex  6.300000e+000  6.700000e+000 -1.091192e+001
      vertex  9.652160e+000  3.400000e+000 -8.099124e+000
      vertex  9.652160e+000  6.700000e+000 -8.099124e+000
    endloop
  endfacet
  facet normal -8.660253e-001  0.000000e+000  5.000001e-001
    outer loop
      vertex  9.652160e+000  6.700000e+000 -8.099124e+000
      vertex  9.652160e+000  3.400000e+000 -8.099124e+000
      vertex  1.184013e+001  3.400000e+000 -4.309454e+000
    endloop
  endfacet
  facet normal -8.660253e-001  0.000000e+000  5.000001e-001
    outer loop
      vertex  9.652160e+000  6.700000e+000 -8.099124e+000
      vertex  1.184013e+001  3.400000e+000 -4.309454e+000
      vertex  1.184013e+001  6.700000e+000 -4.309454e+000
    endloop
  endfacet
  facet normal -9.848078e-001  0.000000e+000  1.736483e-001
    outer loop
      vertex  1.184013e+001  6.700000e+000 -4.309454e+000
      vertex  1.184013e+001  3.400000e+000 -4.309454e+000
      vertex  1.260000e+001  3.400000e+000  0.000000e+000
    endloop
  endfacet
  facet normal -9.848078e-001  0.000000e+000  1.736483e-001
    outer loop
      vertex  1.184013e+001  6.700000e+000 -4.309454e+000
      vertex  1.260000e+001  3.400000e+000  0.000000e+000
      vertex  1.260000e+001  6.700000e+000  0.000000e+000
    endloop
  endfacet
  facet normal -3.420201e-001  0.000000e+000  9.396926e-001
    outer loop
      vertex  6.300000e+000  3.400000e+000 -1.091192e+001
      vertex  2.187967e+000  6.700000e+000 -1.240858e+001
      vertex  2.187967e+000  3.400000e+000 -1.240858e+001
    endloop
  endfacet
  facet normal  0.000000e+000  -0.000000e+000  9.999999e-001
    outer loop
      vertex  2.187967e+000  3.400000e+000 -1.240858e+001
      vertex  2.187967e+000  6.700000e+000 -1.240858e+001
      vertex -2.187967e+000  6.700000e+000 -1.240858e+001
    endloop
  endfacet
  facet normal  0.000000e+000  0.000000e+000  9.999999e-001
    outer loop
      vertex  2.187967e+000  3.400000e+000 -1.240858e+001
      vertex -2.187967e+000  6.700000e+000 -1.240858e+001
      vertex -2.187967e+000  3.400000e+000 -1.240858e+001
    endloop
  endfacet
  facet normal  3.420201e-001  -0.000000e+000  9.396926e-001
    outer loop
      vertex -2.187967e+000  3.400000e+000 -1.240858e+001
      vertex -2.187967e+000  6.700000e+000 -1.240858e+001
      vertex -6.300000e+000  6.700000e+000 -1.091192e+001
    endloop
  endfacet
  facet normal  3.420201e-001  0.000000e+000  9.396926e-001
    outer loop
      vertex -2.187967e+000  3.400000e+000 -1.240858e+001
      vertex -6.300000e+000  6.700000e+000 -1.091192e+001
      vertex -6.300000e+000  3.400000e+000 -1.091192e+001
    endloop
  endfacet
  facet normal  6.427877e-001  -0.000000e+000  7.660444e-001
    outer loop
      vertex -6.300000e+000  3.400000e+000 -1.091192e+001
      vertex -6.300000e+000  6.700000e+000 -1.091192e+001
      vertex -9.652160e+000  6.700000e+000 -8.099124e+000
    endloop
  endfacet
  facet normal  6.427877e-001  0.000000e+000  7.660444e-001
    outer loop
      vertex -6.300000e+000  3.400000e+000 -1.091192e+001
      vertex -9.652160e+000  6.700000e+000 -8.099124e+000
      vertex -9.652160e+000  3.400000e+000 -8.099124e+000
    endloop
  endfacet
  facet normal  8.660253e-001  -0.000000e+000  5.000001e-001
    outer loop
      vertex -9.652160e+000  3.400000e+000 -8.099124e+000
      vertex -9.652160e+000  6.700000e+000 -8.099124e+000
      vertex -1.184013e+001  6.700000e+000 -4.309454e+000
    endloop
  endfacet
  facet normal  8.660253e-001  0.000000e+000  5.000001e-001
    outer loop
      vertex -9.652160e+000  3.400000e+000 -8.099124e+000
      vertex -1.184013e+001  6.700000e+000 -4.309454e+000
      vertex -1.184013e+001  3.400000e+000 -4.309454e+000
    endloop
  endfacet
  facet normal  9.848078e-001  -0.000000e+000  1.736483e-001
    outer loop
      vertex -1.184013e+001  3.400000e+000 -4.309454e+000
      vertex -1.184013e+001  6.700000e+000 -4.309454e+000
      vertex -1.260000e+001  6.700000e+000  1.543055e-015
    endloop
  endfacet
  facet normal  9.848078e-001  0.000000e+000  1.736483e-001
    outer loop
      vertex -1.184013e+001  3.400000e+000 -4.309454e+000
      vertex -1.260000e+001  6.700000e+000  1.543055e-015
      vertex -1.260000e+001  3.400000e+000  1.543055e-015
    endloop
  endfacet
  facet normal  3.420201e-001  0.000000e+000 -9.396926e-001
    outer loop
      vertex -2.187967e+000  6.700000e+000  1.240858e+001
      vertex -6.300000e+000  3.400000e+000  1.091192e+001
      vertex -6.300000e+000  6.700000e+000  1.091192e+001
    endloop
  endfacet
  facet normal  6.427877e-001  0.000000e+000 -7.660444e-001
    outer loop
      vertex -6.300000e+000  6.700000e+000  1.091192e+001
      vertex -6.300000e+000  3.400000e+000  1.091192e+001
      vertex -9.652160e+000  3.400000e+000  8.099124e+000
    endloop
  endfacet
  facet normal  6.427877e-001  0.000000e+000 -7.660444e-001
    outer loop
      vertex -6.300000e+000  6.700000e+000  1.091192e+001
      vertex -9.652160e+000  3.400000e+000  8.099124e+000
      vertex -9.652160e+000  6.700000e+000  8.099124e+000
    endloop
  endfacet
  facet normal  8.660253e-001  0.000000e+000 -5.000001e-001
    outer loop
      vertex -9.652160e+000  6.700000e+000  8.099124e+000
      vertex -9.652160e+000  3.400000e+000  8.099124e+000
      vertex -1.184013e+001  3.400000e+000  4.309454e+000
    endloop
  endfacet
  facet normal  8.660253e-001  0.000000e+000 -5.000001e-001
    outer loop
      vertex -9.652160e+000  6.700000e+000  8.099124e+000
      vertex -1.184013e+001  3.400000e+000  4.309454e+000
      vertex -1.184013e+001  6.700000e+000  4.309454e+000
    endloop
  endfacet
  facet normal  9.848078e-001  0.000000e+000 -1.736483e-001
    outer loop
      vertex -1.184013e+001  6.700000e+000  4.309454e+000
      vertex -1.184013e+001  3.400000e+000  4.309454e+000
      vertex -1.260000e+001  3.400000e+000  1.543055e-015
    endloop
  endfacet
  facet normal  9.848078e-001  0.000000e+000 -1.736483e-001
    outer loop
      vertex -1.184013e+001  6.700000e+000  4.309454e+000
      vertex -1.260000e+001  3.400000e+000  1.543055e-015
      vertex -1.260000e+001  6.700000e+000  1.543055e-015
    endloop
  endfacet
  facet normal  3.420201e-001  0.000000e+000 -9.396926e-001
    outer loop
      vertex -6.300000e+000  3.400000e+000  1.091192e+001
      vertex -2.187967e+000  6.700000e+000  1.240858e+001
      vertex -2.187967e+000  3.400000e+000  1.240858e+001
    endloop
  endfacet
  facet normal  0.000000e+000  0.000000e+000 -9.999999e-001
    outer loop
      vertex -2.187967e+000  3.400000e+000  1.240858e+001
      vertex -2.187967e+000  6.700000e+000  1.240858e+001
      vertex  2.187967e+000  6.700000e+000  1.240858e+001
    endloop
  endfacet
  facet normal  0.000000e+000  -0.000000e+000 -9.999999e-001
    outer loop
      vertex -2.187967e+000  3.400000e+000  1.240858e+001
      vertex  2.187967e+000  6.700000e+000  1.240858e+001
      vertex  2.187967e+000  3.400000e+000  1.240858e+001
    endloop
  endfacet
  facet normal -3.420201e-001  0.000000e+000 -9.396926e-001
    outer loop
      vertex  2.187967e+000  3.400000e+000  1.240858e+001
      vertex  2.187967e+000  6.700000e+000  1.240858e+001
      vertex  6.300000e+000  6.700000e+000  1.091192e+001
    endloop
  endfacet
  facet normal -3.420201e-001  -0.000000e+000 -9.396926e-001
    outer loop
      vertex  2.187967e+000  3.400000e+000  1.240858e+001
      vertex  6.300000e+000  6.700000e+000  1.091192e+001
      vertex  6.300000e+000  3.400000e+000  1.091192e+001
    endloop
  endfacet
  facet normal -6.427877e-001  0.000000e+000 -7.660444e-001
    outer loop
      vertex  6.300000e+000  3.400000e+000  1.091192e+001
      vertex  6.300000e+000  6.700000e+000  1.091192e+001
      vertex  9.652160e+000  6.700000e+000  8.099124e+000
    endloop
  endfacet
  facet normal -6.427877e-001  -0.000000e+000 -7.660444e-001
    outer loop
      vertex  6.300000e+000  3.400000e+000  1.091192e+001
      vertex  9.652160e+000  6.700000e+000  8.099124e+000
      vertex  9.652160e+000  3.400000e+000  8.099124e+000
    endloop
  endfacet
  facet normal -8.660253e-001  0.000000e+000 -5.000001e-001
    outer loop
      vertex  9.652160e+000  3.400000e+000  8.099124e+000
      vertex  9.652160e+000  6.700000e+000  8.099124e+000
      vertex  1.184013e+001  6.700000e+000  4.309454e+000
    endloop
  endfacet
  facet normal -8.660253e-001  -0.000000e+000 -5.000001e-001
    outer loop
      vertex  9.652160e+000  3.400000e+000  8.099124e+000
      vertex  1.184013e+001  6.700000e+000  4.309454e+000
      vertex  1.184013e+001  3.400000e+000  4.309454e+000
    endloop
  endfacet
  facet normal -9.848078e-001  0.000000e+000 -1.736483e-001
    outer loop
      vertex  1.184013e+001  3.400000e+000  4.309454e+000
      vertex  1.184013e+001  6.700000e+000  4.309454e+000
      vertex  1.260000e+001  6.700000e+000  0.000000e+000
    endloop
  endfacet
  facet normal -9.848078e-001  -0.000000e+000 -1.736483e-001
    outer loop
      vertex  1.184013e+001  3.400000e+000  4.309454e+000
      vertex  1.260000e+001  6.700000e+000  0.000000e+000
      vertex  1.260000e+001  3.400000e+000  0.000000e+000
    endloop
  endfacet
  facet normal  0.000000e+000  1.000000e+000  -0.000000e+000
    outer loop
      vertex  4.249154e-015  1.300000e+001  1.500000e+001
      vertex  8.572528e-016  1.300000e+001  1.400000e+001
      vertex -4.635255e+000  1.300000e+001  1.426585e+001
    endloop
  endfacet
  facet normal  0.000000e+000  1.000000e+000  0.000000e+000
    outer loop
      vertex -1.607813e-014  1.300000e+001 -1.500000e+001
      vertex -2.571758e-015  1.300000e+001 -1.400000e+001
      vertex  4.635255e+000  1.300000e+001 -1.426585e+001
    endloop
  endfacet
  facet normal  0.000000e+000  1.000000e+000  -0.000000e+000
    outer loop
      vertex  8.572528e-016  1.300000e+001  1.400000e+001
      vertex -4.326238e+000  1.300000e+001  1.331479e+001
      vertex -4.635255e+000  1.300000e+001  1.426585e+001
    endloop
  endfacet
  facet normal  0.000000e+000  1.000000e+000  0.000000e+000
    outer loop
      vertex -4.635255e+000  1.300000e+001  1.426585e+001
      vertex -4.326238e+000  1.300000e+001  1.331479e+001
      vertex -8.228993e+000  1.300000e+001  1.132624e+001
    endloop
  endfacet
  facet normal  0.000000e+000  1.000000e+000  -0.000000e+000
    outer loop
      vertex -4.635255e+000  1.300000e+001  1.426585e+001
      vertex -8.228993e+000  1.300000e+001  1.132624e+001
      vertex -8.816779e+000  1.300000e+001  1.213525e+001
    endloop
  endfacet
  facet normal  0.000000e+000  1.000000e+000  0.000000e+000
    outer loop
      vertex -8.816779e+000  1.300000e+001  1.213525e+001
      vertex -8.228993e+000  1.300000e+001  1.132624e+001
      vertex -1.132624e+001  1.300000e+001  8.228993e+000
    endloop
  endfacet
  facet normal  0.000000e+000  1.000000e+000  -0.000000e+000
    outer loop
      vertex -8.816779e+000  1.300000e+001  1.213525e+001
      vertex -1.132624e+001  1.300000e+001  8.228993e+000
      vertex -1.213525e+001  1.300000e+001  8.816779e+000
    endloop
  endfacet
  facet normal  0.000000e+000  1.000000e+000  0.000000e+000
    outer loop
      vertex -1.213525e+001  1.300000e+001  8.816779e+000
      vertex -1.132624e+001  1.300000e+001  8.228993e+000
      vertex -1.331479e+001  1.300000e+001  4.326238e+000
    endloop
  endfacet
  facet normal  0.000000e+000  1.000000e+000  -0.000000e+000
    outer loop
      vertex -1.213525e+001  1.300000e+001  8.816779e+000
      vertex -1.331479e+001  1.300000e+001  4.326238e+000
      vertex -1.426585e+001  1.300000e+001  4.635255e+000
    endloop
  endfacet
  facet normal  0.000000e+000  1.000000e+000  0.000000e+000
    outer loop
      vertex -1.426585e+001  1.300000e+001  4.635255e+000
      vertex -1.331479e+001  1.300000e+001  4.326238e+000
      vertex -1.400000e+001  1.300000e+001  1.714506e-015
    endloop
  endfacet
  facet normal  0.000000e+000  1.000000e+000  0.000000e+000
    outer loop
      vertex -1.426585e+001  1.300000e+001  4.635255e+000
      vertex -1.400000e+001  1.300000e+001  1.714506e-015
      vertex -1.500000e+001  1.300000e+001  8.498309e-015
    endloop
  endfacet
  facet normal  0.000000e+000  1.000000e+000  0.000000e+000
    outer loop
      vertex -1.500000e+001  1.300000e+001  8.498309e-015
      vertex -1.400000e+001  1.300000e+001  1.714506e-015
      vertex -1.331479e+001  1.300000e+001 -4.326238e+000
    endloop
  endfacet
  facet normal  0.000000e+000  1.000000e+000  0.000000e+000
    outer loop
      vertex -1.500000e+001  1.300000e+001  8.498309e-015
      vertex -1.331479e+001  1.300000e+001 -4.326238e+000
      vertex -1.426585e+001  1.300000e+001 -4.635255e+000
    endloop
  endfacet
  facet normal  -0.000000e+000  1.000000e+000  0.000000e+000
    outer loop
      vertex -1.426585e+001  1.300000e+001 -4.635255e+000
      vertex -1.331479e+001  1.300000e+001 -4.326238e+000
      vertex -1.132624e+001  1.300000e+001 -8.228993e+000
    endloop
  endfacet
  facet normal  0.000000e+000  1.000000e+000  0.000000e+000
    outer loop
      vertex -1.426585e+001  1.300000e+001 -4.635255e+000
      vertex -1.132624e+001  1.300000e+001 -8.228993e+000
      vertex -1.213525e+001  1.300000e+001 -8.816779e+000
    endloop
  endfacet
  facet normal  -0.000000e+000  1.000000e+000  0.000000e+000
    outer loop
      vertex -1.213525e+001  1.300000e+001 -8.816779e+000
      vertex -1.132624e+001  1.300000e+001 -8.228993e+000
      vertex -8.228993e+000  1.300000e+001 -1.132624e+001
    endloop
  endfacet
  facet normal  0.000000e+000  1.000000e+000  0.000000e+000
    outer loop
      vertex -1.213525e+001  1.300000e+001 -8.816779e+000
      vertex -8.228993e+000  1.300000e+001 -1.132624e+001
      vertex -8.816779e+000  1.300000e+001 -1.213525e+001
    endloop
  endfacet
  facet normal  -0.000000e+000  1.000000e+000  0.000000e+000
    outer loop
      vertex -8.816779e+000  1.300000e+001 -1.213525e+001
      vertex -8.228993e+000  1.300000e+001 -1.132624e+001
      vertex -4.326238e+000  1.300000e+001 -1.331479e+001
    endloop
  endfacet
  facet normal  0.000000e+000  1.000000e+000  0.000000e+000
    outer loop
      vertex -8.816779e+000  1.300000e+001 -1.213525e+001
      vertex -4.326238e+000  1.300000e+001 -1.331479e+001
      vertex -4.635255e+000  1.300000e+001 -1.426585e+001
    endloop
  endfacet
  facet normal  0.000000e+000  1.000000e+000  0.000000e+000
    outer loop
      vertex -4.635255e+000  1.300000e+001 -1.426585e+001
      vertex -4.326238e+000  1.300000e+001 -1.331479e+001
      vertex -2.571758e-015  1.300000e+001 -1.400000e+001
    endloop
  endfacet
  facet normal  0.000000e+000  1.000000e+000  0.000000e+000
    outer loop
      vertex -4.635255e+000  1.300000e+001 -1.426585e+001
      vertex -2.571758e-015  1.300000e+001 -1.400000e+001
      vertex -1.607813e-014  1.300000e+001 -1.500000e+001
    endloop
  endfacet
  facet normal  0.000000e+000  1.000000e+000  0.000000e+000
    outer loop
      vertex -2.571758e-015  1.300000e+001 -1.400000e+001
      vertex  4.326238e+000  1.300000e+001 -1.331479e+001
      vertex  4.635255e+000  1.300000e+001 -1.426585e+001
    endloop
  endfacet
  facet normal  0.000000e+000  1.000000e+000  -0.000000e+000
    outer loop
      vertex  4.635255e+000  1.300000e+001 -1.426585e+001
      vertex  4.326238e+000  1.300000e+001 -1.331479e+001
      vertex  8.228993e+000  1.300000e+001 -1.132624e+001
    endloop
  endfacet
  facet normal  0.000000e+000  1.000000e+000  0.000000e+000
    outer loop
      vertex  4.635255e+000  1.300000e+001 -1.426585e+001
      vertex  8.228993e+000  1.300000e+001 -1.132624e+001
      vertex  8.816779e+000  1.300000e+001 -1.213525e+001
    endloop
  endfacet
  facet normal  0.000000e+000  1.000000e+000  -0.000000e+000
    outer loop
      vertex  8.816779e+000  1.300000e+001 -1.213525e+001
      vertex  8.228993e+000  1.300000e+001 -1.132624e+001
      vertex  1.132624e+001  1.300000e+001 -8.228993e+000
    endloop
  endfacet
  facet normal  0.000000e+000  1.000000e+000  0.000000e+000
    outer loop
      vertex  8.816779e+000  1.300000e+001 -1.213525e+001
      vertex  1.132624e+001  1.300000e+001 -8.228993e+000
      vertex  1.213525e+001  1.300000e+001 -8.816779e+000
    endloop
  endfacet
  facet normal  0.000000e+000  1.000000e+000  -0.000000e+000
    outer loop
      vertex  1.213525e+001  1.300000e+001 -8.816779e+000
      vertex  1.132624e+001  1.300000e+001 -8.228993e+000
      vertex  1.331479e+001  1.300000e+001 -4.326238e+000
    endloop
  endfacet
  facet normal  0.000000e+000  1.000000e+000  0.000000e+000
    outer loop
      vertex  1.213525e+001  1.300000e+001 -8.816779e+000
      vertex  1.331479e+001  1.300000e+001 -4.326238e+000
      vertex  1.426585e+001  1.300000e+001 -4.635255e+000
    endloop
  endfacet
  facet normal  0.000000e+000  1.000000e+000  0.000000e+000
    outer loop
      vertex  1.426585e+001  1.300000e+001 -4.635255e+000
      vertex  1.331479e+001  1.300000e+001 -4.326238e+000
      vertex  1.400000e+001  1.300000e+001  0.000000e+000
    endloop
  endfacet
  facet normal  -0.000000e+000  1.000000e+000  0.000000e+000
    outer loop
      vertex  1.426585e+001  1.300000e+001 -4.635255e+000
      vertex  1.400000e+001  1.300000e+001  0.000000e+000
      vertex  1.500000e+001  1.300000e+001  0.000000e+000
    endloop
  endfacet
  facet normal  0.000000e+000  1.000000e+000  0.000000e+000
    outer loop
      vertex  1.500000e+001  1.300000e+001  0.000000e+000
      vertex  1.400000e+001  1.300000e+001  0.000000e+000
      vertex  1.331479e+001  1.300000e+001  4.326238e+000
    endloop
  endfacet
  facet normal  -0.000000e+000  1.000000e+000  0.000000e+000
    outer loop
      vertex  1.500000e+001  1.300000e+001  0.000000e+000
      vertex  1.331479e+001  1.300000e+001  4.326238e+000
      vertex  1.426585e+001  1.300000e+001  4.635255e+000
    endloop
  endfacet
  facet normal  0.000000e+000  1.000000e+000  0.000000e+000
    outer loop
      vertex  1.426585e+001  1.300000e+001  4.635255e+000
      vertex  1.331479e+001  1.300000e+001  4.326238e+000
      vertex  1.132624e+001  1.300000e+001  8.228993e+000
    endloop
  endfacet
  facet normal  -0.000000e+000  1.000000e+000  0.000000e+000
    outer loop
      vertex  1.426585e+001  1.300000e+001  4.635255e+000
      vertex  1.132624e+001  1.300000e+001  8.228993e+000
      vertex  1.213525e+001  1.300000e+001  8.816779e+000
    endloop
  endfacet
  facet normal  0.000000e+000  1.000000e+000  0.000000e+000
    outer loop
      vertex  1.213525e+001  1.300000e+001  8.816779e+000
      vertex  1.132624e+001  1.300000e+001  8.228993e+000
      vertex  8.228993e+000  1.300000e+001  1.132624e+001
    endloop
  endfacet
  facet normal  -0.000000e+000  1.000000e+000  0.000000e+000
    outer loop
      vertex  1.213525e+001  1.300000e+001  8.816779e+000
      vertex  8.228993e+000  1.300000e+001  1.132624e+001
      vertex  8.816779e+000  1.300000e+001  1.213525e+001
    endloop
  endfacet
  facet normal  0.000000e+000  1.000000e+000  0.000000e+000
    outer loop
      vertex  8.816779e+000  1.300000e+001  1.213525e+001
      vertex  8.228993e+000  1.300000e+001  1.132624e+001
      vertex  4.326238e+000  1.300000e+001  1.331479e+001
    endloop
  endfacet
  facet normal  -0.000000e+000  1.000000e+000  0.000000e+000
    outer loop
      vertex  8.816779e+000  1.300000e+001  1.213525e+001
      vertex  4.326238e+000  1.300000e+001  1.331479e+001
      vertex  4.635255e+000  1.300000e+001  1.426585e+001
    endloop
  endfacet
  facet normal  0.000000e+000  1.000000e+000  0.000000e+000
    outer loop
      vertex  4.635255e+000  1.300000e+001  1.426585e+001
      vertex  4.326238e+000  1.300000e+001  1.331479e+001
      vertex  8.572528e-016  1.300000e+001  1.400000e+001
    endloop
  endfacet
  facet normal  0.000000e+000  1.000000e+000  0.000000e+000
    outer loop
      vertex  4.635255e+000  1.300000e+001  1.426585e+001
      vertex  8.572528e-016  1.300000e+001  1.400000e+001
      vertex  4.249154e-015  1.300000e+001  1.500000e+001
    endloop
  endfacet
  facet normal -9.876884e-001  0.000000e+000  1.564343e-001
    outer loop
      vertex -1.400000e+001  1.800000e+001  1.714506e-015
      vertex -1.400000e+001  1.300000e+001  1.714506e-015
      vertex -1.331479e+001  1.800000e+001  4.326238e+000
    endloop
  endfacet
  facet normal -9.876884e-001  0.000000e+000  1.564343e-001
    outer loop
      vertex -1.331479e+001  1.800000e+001  4.326238e+000
      vertex -1.400000e+001  1.300000e+001  1.714506e-015
      vertex -1.331479e+001  1.300000e+001  4.326238e+000
    endloop
  endfacet
  facet normal -8.910065e-001  0.000000e+000  4.539907e-001
    outer loop
      vertex -1.331479e+001  1.800000e+001  4.326238e+000
      vertex -1.331479e+001  1.300000e+001  4.326238e+000
      vertex -1.132624e+001  1.800000e+001  8.228993e+000
    endloop
  endfacet
  facet normal -8.910065e-001  0.000000e+000  4.539907e-001
    outer loop
      vertex -1.132624e+001  1.800000e+001  8.228993e+000
      vertex -1.331479e+001  1.300000e+001  4.326238e+000
      vertex -1.132624e+001  1.300000e+001  8.228993e+000
    endloop
  endfacet
  facet normal -7.071068e-001  0.000000e+000  7.071068e-001
    outer loop
      vertex -1.132624e+001  1.800000e+001  8.228993e+000
      vertex -1.132624e+001  1.300000e+001  8.228993e+000
      vertex -8.228993e+000  1.800000e+001  1.132624e+001
    endloop
  endfacet
  facet normal -7.071068e-001  0.000000e+000  7.071068e-001
    outer loop
      vertex -8.228993e+000  1.800000e+001  1.132624e+001
      vertex -1.132624e+001  1.300000e+001  8.228993e+000
      vertex -8.228993e+000  1.300000e+001  1.132624e+001
    endloop
  endfacet
  facet normal -4.539907e-001  0.000000e+000  8.910065e-001
    outer loop
      vertex -8.228993e+000  1.800000e+001  1.132624e+001
      vertex -8.228993e+000  1.300000e+001  1.132624e+001
      vertex -4.326238e+000  1.800000e+001  1.331479e+001
    endloop
  endfacet
  facet normal -4.539907e-001  0.000000e+000  8.910065e-001
    outer loop
      vertex -4.326238e+000  1.800000e+001  1.331479e+001
      vertex -8.228993e+000  1.300000e+001  1.132624e+001
      vertex -4.326238e+000  1.300000e+001  1.331479e+001
    endloop
  endfacet
  facet normal -1.564343e-001  0.000000e+000  9.876884e-001
    outer loop
      vertex -4.326238e+000  1.800000e+001  1.331479e+001
      vertex -4.326238e+000  1.300000e+001  1.331479e+001
      vertex  8.572528e-016  1.800000e+001  1.400000e+001
    endloop
  endfacet
  facet normal -1.564343e-001  0.000000e+000  9.876884e-001
    outer loop
      vertex  8.572528e-016  1.800000e+001  1.400000e+001
      vertex -4.326238e+000  1.300000e+001  1.331479e+001
      vertex  8.572528e-016  1.300000e+001  1.400000e+001
    endloop
  endfacet
  facet normal  1.564343e-001  -0.000000e+000  9.876884e-001
    outer loop
      vertex  8.572528e-016  1.800000e+001  1.400000e+001
      vertex  8.572528e-016  1.300000e+001  1.400000e+001
      vertex  4.326238e+000  1.800000e+001  1.331479e+001
    endloop
  endfacet
  facet normal  1.564343e-001  0.000000e+000  9.876884e-001
    outer loop
      vertex  4.326238e+000  1.800000e+001  1.331479e+001
      vertex  8.572528e-016  1.300000e+001  1.400000e+001
      vertex  4.326238e+000  1.300000e+001  1.331479e+001
    endloop
  endfacet
  facet normal  4.539907e-001  -0.000000e+000  8.910065e-001
    outer loop
      vertex  4.326238e+000  1.800000e+001  1.331479e+001
      vertex  4.326238e+000  1.300000e+001  1.331479e+001
      vertex  8.228993e+000  1.800000e+001  1.132624e+001
    endloop
  endfacet
  facet normal  4.539907e-001  0.000000e+000  8.910065e-001
    outer loop
      vertex  8.228993e+000  1.800000e+001  1.132624e+001
      vertex  4.326238e+000  1.300000e+001  1.331479e+001
      vertex  8.228993e+000  1.300000e+001  1.132624e+001
    endloop
  endfacet
  facet normal  7.071068e-001  -0.000000e+000  7.071068e-001
    outer loop
      vertex  8.228993e+000  1.800000e+001  1.132624e+001
      vertex  8.228993e+000  1.300000e+001  1.132624e+001
      vertex  1.132624e+001  1.800000e+001  8.228993e+000
    endloop
  endfacet
  facet normal  7.071068e-001  0.000000e+000  7.071068e-001
    outer loop
      vertex  1.132624e+001  1.800000e+001  8.228993e+000
      vertex  8.228993e+000  1.300000e+001  1.132624e+001
      vertex  1.132624e+001  1.300000e+001  8.228993e+000
    endloop
  endfacet
  facet normal  8.910065e-001  -0.000000e+000  4.539907e-001
    outer loop
      vertex  1.132624e+001  1.800000e+001  8.228993e+000
      vertex  1.132624e+001  1.300000e+001  8.228993e+000
      vertex  1.331479e+001  1.800000e+001  4.326238e+000
    endloop
  endfacet
  facet normal  8.910065e-001  0.000000e+000  4.539907e-001
    outer loop
      vertex  1.331479e+001  1.800000e+001  4.326238e+000
      vertex  1.132624e+001  1.300000e+001  8.228993e+000
      vertex  1.331479e+001  1.300000e+001  4.326238e+000
    endloop
  endfacet
  facet normal  9.876884e-001  -0.000000e+000  1.564343e-001
    outer loop
      vertex  1.331479e+001  1.800000e+001  4.326238e+000
      vertex  1.331479e+001  1.300000e+001  4.326238e+000
      vertex  1.400000e+001  1.800000e+001  0.000000e+000
    endloop
  endfacet
  facet normal  9.876884e-001  0.000000e+000  1.564343e-001
    outer loop
      vertex  1.400000e+001  1.800000e+001  0.000000e+000
      vertex  1.331479e+001  1.300000e+001  4.326238e+000
      vertex  1.400000e+001  1.300000e+001  0.000000e+000
    endloop
  endfacet
  facet normal  9.876884e-001  0.000000e+000 -1.564343e-001
    outer loop
      vertex  1.400000e+001  1.800000e+001  0.000000e+000
      vertex  1.400000e+001  1.300000e+001  0.000000e+000
      vertex  1.331479e+001  1.800000e+001 -4.326238e+000
    endloop
  endfacet
  facet normal  9.876884e-001  0.000000e+000 -1.564343e-001
    outer loop
      vertex  1.331479e+001  1.800000e+001 -4.326238e+000
      vertex  1.400000e+001  1.300000e+001  0.000000e+000
      vertex  1.331479e+001  1.300000e+001 -4.326238e+000
    endloop
  endfacet
  facet normal  8.910065e-001  0.000000e+000 -4.539907e-001
    outer loop
      vertex  1.331479e+001  1.800000e+001 -4.326238e+000
      vertex  1.331479e+001  1.300000e+001 -4.326238e+000
      vertex  1.132624e+001  1.800000e+001 -8.228993e+000
    endloop
  endfacet
  facet normal  8.910065e-001  0.000000e+000 -4.539907e-001
    outer loop
      vertex  1.132624e+001  1.800000e+001 -8.228993e+000
      vertex  1.331479e+001  1.300000e+001 -4.326238e+000
      vertex  1.132624e+001  1.300000e+001 -8.228993e+000
    endloop
  endfacet
  facet normal  7.071068e-001  0.000000e+000 -7.071068e-001
    outer loop
      vertex  1.132624e+001  1.800000e+001 -8.228993e+000
      vertex  1.132624e+001  1.300000e+001 -8.228993e+000
      vertex  8.228993e+000  1.800000e+001 -1.132624e+001
    endloop
  endfacet
  facet normal  7.071068e-001  0.000000e+000 -7.071068e-001
    outer loop
      vertex  8.228993e+000  1.800000e+001 -1.132624e+001
      vertex  1.132624e+001  1.300000e+001 -8.228993e+000
      vertex  8.228993e+000  1.300000e+001 -1.132624e+001
    endloop
  endfacet
  facet normal  4.539907e-001  0.000000e+000 -8.910065e-001
    outer loop
      vertex  8.228993e+000  1.800000e+001 -1.132624e+001
      vertex  8.228993e+000  1.300000e+001 -1.132624e+001
      vertex  4.326238e+000  1.800000e+001 -1.331479e+001
    endloop
  endfacet
  facet normal  4.539907e-001  0.000000e+000 -8.910065e-001
    outer loop
      vertex  4.326238e+000  1.800000e+001 -1.331479e+001
      vertex  8.228993e+000  1.300000e+001 -1.132624e+001
      vertex  4.326238e+000  1.300000e+001 -1.331479e+001
    endloop
  endfacet
  facet normal  1.564343e-001  0.000000e+000 -9.876884e-001
    outer loop
      vertex  4.326238e+000  1.800000e+001 -1.331479e+001
      vertex  4.326238e+000  1.300000e+001 -1.331479e+001
      vertex -2.571758e-015  1.800000e+001 -1.400000e+001
    endloop
  endfacet
  facet normal  1.564343e-001  0.000000e+000 -9.876884e-001
    outer loop
      vertex -2.571758e-015  1.800000e+001 -1.400000e+001
      vertex  4.326238e+000  1.300000e+001 -1.331479e+001
      vertex -2.571758e-015  1.300000e+001 -1.400000e+001
    endloop
  endfacet
  facet normal -1.564343e-001  0.000000e+000 -9.876884e-001
    outer loop
      vertex -2.571758e-015  1.800000e+001 -1.400000e+001
      vertex -2.571758e-015  1.300000e+001 -1.400000e+001
      vertex -4.326238e+000  1.800000e+001 -1.331479e+001
    endloop
  endfacet
  facet normal -1.564343e-001  -0.000000e+000 -9.876884e-001
    outer loop
      vertex -4.326238e+000  1.800000e+001 -1.331479e+001
      vertex -2.571758e-015  1.300000e+001 -1.400000e+001
      vertex -4.326238e+000  1.300000e+001 -1.331479e+001
    endloop
  endfacet
  facet normal -4.539907e-001  0.000000e+000 -8.910065e-001
    outer loop
      vertex -4.326238e+000  1.800000e+001 -1.331479e+001
      vertex -4.326238e+000  1.300000e+001 -1.331479e+001
      vertex -8.228993e+000  1.800000e+001 -1.132624e+001
    endloop
  endfacet
  facet normal -4.539907e-001  -0.000000e+000 -8.910065e-001
    outer loop
      vertex -8.228993e+000  1.800000e+001 -1.132624e+001
      vertex -4.326238e+000  1.300000e+001 -1.331479e+001
      vertex -8.228993e+000  1.300000e+001 -1.132624e+001
    endloop
  endfacet
  facet normal -7.071068e-001  0.000000e+000 -7.071068e-001
    outer loop
      vertex -8.228993e+000  1.800000e+001 -1.132624e+001
      vertex -8.228993e+000  1.300000e+001 -1.132624e+001
      vertex -1.132624e+001  1.800000e+001 -8.228993e+000
    endloop
  endfacet
  facet normal -7.071068e-001  -0.000000e+000 -7.071068e-001
    outer loop
      vertex -1.132624e+001  1.800000e+001 -8.228993e+000
      vertex -8.228993e+000  1.300000e+001 -1.132624e+001
      vertex -1.132624e+001  1.300000e+001 -8.228993e+000
    endloop
  endfacet
  facet normal -8.910065e-001  0.000000e+000 -4.539907e-001
    outer loop
      vertex -1.132624e+001  1.800000e+001 -8.228993e+000
      vertex -1.132624e+001  1.300000e+001 -8.228993e+000
      vertex -1.331479e+001  1.800000e+001 -4.326238e+000
    endloop
  endfacet
  facet normal -8.910065e-001  -0.000000e+000 -4.539907e-001
    outer loop
      vertex -1.331479e+001  1.800000e+001 -4.326238e+000
      vertex -1.132624e+001  1.300000e+001 -8.228993e+000
      vertex -1.331479e+001  1.300000e+001 -4.326238e+000
    endloop
  endfacet
  facet normal -9.876884e-001  0.000000e+000 -1.564343e-001
    outer loop
      vertex -1.331479e+001  1.800000e+001 -4.326238e+000
      vertex -1.331479e+001  1.300000e+001 -4.326238e+000
      vertex -1.400000e+001  1.800000e+001  1.714506e-015
    endloop
  endfacet
  facet normal -9.876884e-001  -0.000000e+000 -1.564343e-001
    outer loop
      vertex -1.400000e+001  1.800000e+001  1.714506e-015
      vertex -1.331479e+001  1.300000e+001 -4.326238e+000
      vertex -1.400000e+001  1.300000e+001  1.714506e-015
    endloop
  endfacet
  facet normal  9.876884e-001  0.000000e+000 -1.564344e-001
    outer loop
      vertex  1.500000e+001  1.300000e+001  0.000000e+000
      vertex  1.500000e+001  3.400000e+000  0.000000e+000
      vertex  1.426585e+001  1.300000e+001 -4.635255e+000
    endloop
  endfacet
  facet normal  9.876884e-001  0.000000e+000 -1.564344e-001
    outer loop
      vertex  1.426585e+001  1.300000e+001 -4.635255e+000
      vertex  1.500000e+001  3.400000e+000  0.000000e+000
      vertex  1.426585e+001  3.400000e+000 -4.635255e+000
    endloop
  endfacet
  facet normal  8.910065e-001  0.000000e+000 -4.539905e-001
    outer loop
      vertex  1.426585e+001  1.300000e+001 -4.635255e+000
      vertex  1.426585e+001  3.400000e+000 -4.635255e+000
      vertex  1.213525e+001  1.300000e+001 -8.816779e+000
    endloop
  endfacet
  facet normal  8.910065e-001  0.000000e+000 -4.539905e-001
    outer loop
      vertex  1.213525e+001  1.300000e+001 -8.816779e+000
      vertex  1.426585e+001  3.400000e+000 -4.635255e+000
      vertex  1.213525e+001  3.400000e+000 -8.816779e+000
    endloop
  endfacet
  facet normal  7.071068e-001  0.000000e+000 -7.071068e-001
    outer loop
      vertex  1.213525e+001  1.300000e+001 -8.816779e+000
      vertex  1.213525e+001  3.400000e+000 -8.816779e+000
      vertex  8.816779e+000  1.300000e+001 -1.213525e+001
    endloop
  endfacet
  facet normal  7.071068e-001  0.000000e+000 -7.071068e-001
    outer loop
      vertex  8.816779e+000  1.300000e+001 -1.213525e+001
      vertex  1.213525e+001  3.400000e+000 -8.816779e+000
      vertex  8.816779e+000  3.400000e+000 -1.213525e+001
    endloop
  endfacet
  facet normal  4.539905e-001  0.000000e+000 -8.910065e-001
    outer loop
      vertex  8.816779e+000  1.300000e+001 -1.213525e+001
      vertex  8.816779e+000  3.400000e+000 -1.213525e+001
      vertex  4.635255e+000  1.300000e+001 -1.426585e+001
    endloop
  endfacet
  facet normal  4.539905e-001  0.000000e+000 -8.910065e-001
    outer loop
      vertex  4.635255e+000  1.300000e+001 -1.426585e+001
      vertex  8.816779e+000  3.400000e+000 -1.213525e+001
      vertex  4.635255e+000  3.400000e+000 -1.426585e+001
    endloop
  endfacet
  facet normal  1.564344e-001  0.000000e+000 -9.876884e-001
    outer loop
      vertex  4.635255e+000  1.300000e+001 -1.426585e+001
      vertex  4.635255e+000  3.400000e+000 -1.426585e+001
      vertex -1.607813e-014  1.300000e+001 -1.500000e+001
    endloop
  endfacet
  facet normal  1.564344e-001  0.000000e+000 -9.876884e-001
    outer loop
      vertex -1.607813e-014  1.300000e+001 -1.500000e+001
      vertex  4.635255e+000  3.400000e+000 -1.426585e+001
      vertex -1.607813e-014  3.400000e+000 -1.500000e+001
    endloop
  endfacet
  facet normal -1.564344e-001  0.000000e+000 -9.876884e-001
    outer loop
      vertex -1.607813e-014  1.300000e+001 -1.500000e+001
      vertex -1.607813e-014  3.400000e+000 -1.500000e+001
      vertex -4.635255e+000  1.300000e+001 -1.426585e+001
    endloop
  endfacet
  facet normal -1.564344e-001  -0.000000e+000 -9.876884e-001
    outer loop
      vertex -4.635255e+000  1.300000e+001 -1.426585e+001
      vertex -1.607813e-014  3.400000e+000 -1.500000e+001
      vertex -4.635255e+000  3.400000e+000 -1.426585e+001
    endloop
  endfacet
  facet normal -4.539905e-001  0.000000e+000 -8.910065e-001
    outer loop
      vertex -4.635255e+000  1.300000e+001 -1.426585e+001
      vertex -4.635255e+000  3.400000e+000 -1.426585e+001
      vertex -8.816779e+000  1.300000e+001 -1.213525e+001
    endloop
  endfacet
  facet normal -4.539905e-001  -0.000000e+000 -8.910065e-001
    outer loop
      vertex -8.816779e+000  1.300000e+001 -1.213525e+001
      vertex -4.635255e+000  3.400000e+000 -1.426585e+001
      vertex -8.816779e+000  3.400000e+000 -1.213525e+001
    endloop
  endfacet
  facet normal -7.071068e-001  0.000000e+000 -7.071068e-001
    outer loop
      vertex -8.816779e+000  1.300000e+001 -1.213525e+001
      vertex -8.816779e+000  3.400000e+000 -1.213525e+001
      vertex -1.213525e+001  1.300000e+001 -8.816779e+000
    endloop
  endfacet
  facet normal -7.071068e-001  -0.000000e+000 -7.071068e-001
    outer loop
      vertex -1.213525e+001  1.300000e+001 -8.816779e+000
      vertex -8.816779e+000  3.400000e+000 -1.213525e+001
      vertex -1.213525e+001  3.400000e+000 -8.816779e+000
    endloop
  endfacet
  facet normal -8.910065e-001  0.000000e+000 -4.539905e-001
    outer loop
      vertex -1.213525e+001  1.300000e+001 -8.816779e+000
      vertex -1.213525e+001  3.400000e+000 -8.816779e+000
      vertex -1.426585e+001  1.300000e+001 -4.635255e+000
    endloop
  endfacet
  facet normal -8.910065e-001  -0.000000e+000 -4.539905e-001
    outer loop
      vertex -1.426585e+001  1.300000e+001 -4.635255e+000
      vertex -1.213525e+001  3.400000e+000 -8.816779e+000
      vertex -1.426585e+001  3.400000e+000 -4.635255e+000
    endloop
  endfacet
  facet normal -9.876884e-001  0.000000e+000 -1.564344e-001
    outer loop
      vertex -1.426585e+001  1.300000e+001 -4.635255e+000
      vertex -1.426585e+001  3.400000e+000 -4.635255e+000
      vertex -1.500000e+001  1.300000e+001  8.498309e-015
    endloop
  endfacet
  facet normal -9.876884e-001  -0.000000e+000 -1.564344e-001
    outer loop
      vertex -1.500000e+001  1.300000e+001  8.498309e-015
      vertex -1.426585e+001  3.400000e+000 -4.635255e+000
      vertex -1.500000e+001  3.400000e+000  8.498309e-015
    endloop
  endfacet
  facet normal -9.876884e-001  0.000000e+000  1.564344e-001
    outer loop
      vertex -1.500000e+001  1.300000e+001  8.498309e-015
      vertex -1.500000e+001  3.400000e+000  8.498309e-015
      vertex -1.426585e+001  1.300000e+001  4.635255e+000
    endloop
  endfacet
  facet normal -9.876884e-001  0.000000e+000  1.564344e-001
    outer loop
      vertex -1.426585e+001  1.300000e+001  4.635255e+000
      vertex -1.500000e+001  3.400000e+000  8.498309e-015
      vertex -1.426585e+001  3.400000e+000  4.635255e+000
    endloop
  endfacet
  facet normal -8.910065e-001  0.000000e+000  4.539905e-001
    outer loop
      vertex -1.426585e+001  1.300000e+001  4.635255e+000
      vertex -1.426585e+001  3.400000e+000  4.635255e+000
      vertex -1.213525e+001  1.300000e+001  8.816779e+000
    endloop
  endfacet
  facet normal -8.910065e-001  0.000000e+000  4.539905e-001
    outer loop
      vertex -1.213525e+001  1.300000e+001  8.816779e+000
      vertex -1.426585e+001  3.400000e+000  4.635255e+000
      vertex -1.213525e+001  3.400000e+000  8.816779e+000
    endloop
  endfacet
  facet normal -7.071068e-001  0.000000e+000  7.071068e-001
    outer loop
      vertex -1.213525e+001  1.300000e+001  8.816779e+000
      vertex -1.213525e+001  3.400000e+000  8.816779e+000
      vertex -8.816779e+000  1.300000e+001  1.213525e+001
    endloop
  endfacet
  facet normal -7.071068e-001  0.000000e+000  7.071068e-001
    outer loop
      vertex -8.816779e+000  1.300000e+001  1.213525e+001
      vertex -1.213525e+001  3.400000e+000  8.816779e+000
      vertex -8.816779e+000  3.400000e+000  1.213525e+001
    endloop
  endfacet
  facet normal -4.539905e-001  0.000000e+000  8.910065e-001
    outer loop
      vertex -8.816779e+000  1.300000e+001  1.213525e+001
      vertex -8.816779e+000  3.400000e+000  1.213525e+001
      vertex -4.635255e+000  1.300000e+001  1.426585e+001
    endloop
  endfacet
  facet normal -4.539905e-001  0.000000e+000  8.910065e-001
    outer loop
      vertex -4.635255e+000  1.300000e+001  1.426585e+001
      vertex -8.816779e+000  3.400000e+000  1.213525e+001
      vertex -4.635255e+000  3.400000e+000  1.426585e+001
    endloop
  endfacet
  facet normal -1.564344e-001  0.000000e+000  9.876884e-001
    outer loop
      vertex -4.635255e+000  1.300000e+001  1.426585e+001
      vertex -4.635255e+000  3.400000e+000  1.426585e+001
      vertex  4.249154e-015  1.300000e+001  1.500000e+001
    endloop
  endfacet
  facet normal -1.564344e-001  0.000000e+000  9.876884e-001
    outer loop
      vertex  4.249154e-015  1.300000e+001  1.500000e+001
      vertex -4.635255e+000  3.400000e+000  1.426585e+001
      vertex  4.249154e-015  3.400000e+000  1.500000e+001
    endloop
  endfacet
  facet normal  1.564344e-001  -0.000000e+000  9.876884e-001
    outer loop
      vertex  4.249154e-015  1.300000e+001  1.500000e+001
      vertex  4.249154e-015  3.400000e+000  1.500000e+001
      vertex  4.635255e+000  1.300000e+001  1.426585e+001
    endloop
  endfacet
  facet normal  1.564344e-001  0.000000e+000  9.876884e-001
    outer loop
      vertex  4.635255e+000  1.300000e+001  1.426585e+001
      vertex  4.249154e-015  3.400000e+000  1.500000e+001
      vertex  4.635255e+000  3.400000e+000  1.426585e+001
    endloop
  endfacet
  facet normal  4.539905e-001  -0.000000e+000  8.910065e-001
    outer loop
      vertex  4.635255e+000  1.300000e+001  1.426585e+001
      vertex  4.635255e+000  3.400000e+000  1.426585e+001
      vertex  8.816779e+000  1.300000e+001  1.213525e+001
    endloop
  endfacet
  facet normal  4.539905e-001  0.000000e+000  8.910065e-001
    outer loop
      vertex  8.816779e+000  1.300000e+001  1.213525e+001
      vertex  4.635255e+000  3.400000e+000  1.426585e+001
      vertex  8.816779e+000  3.400000e+000  1.213525e+001
    endloop
  endfacet
  facet normal  7.071068e-001  -0.000000e+000  7.071068e-001
    outer loop
      vertex  8.816779e+000  1.300000e+001  1.213525e+001
      vertex  8.816779e+000  3.400000e+000  1.213525e+001
      vertex  1.213525e+001  1.300000e+001  8.816779e+000
    endloop
  endfacet
  facet normal  7.071068e-001  0.000000e+000  7.071068e-001
    outer loop
      vertex  1.213525e+001  1.300000e+001  8.816779e+000
      vertex  8.816779e+000  3.400000e+000  1.213525e+001
      vertex  1.213525e+001  3.400000e+000  8.816779e+000
    endloop
  endfacet
  facet normal  8.910065e-001  -0.000000e+000  4.539905e-001
    outer loop
      vertex  1.213525e+001  1.300000e+001  8.816779e+000
      vertex  1.213525e+001  3.400000e+000  8.816779e+000
      vertex  1.426585e+001  1.300000e+001  4.635255e+000
    endloop
  endfacet
  facet normal  8.910065e-001  0.000000e+000  4.539905e-001
    outer loop
      vertex  1.426585e+001  1.300000e+001  4.635255e+000
      vertex  1.213525e+001  3.400000e+000  8.816779e+000
      vertex  1.426585e+001  3.400000e+000  4.635255e+000
    endloop
  endfacet
  facet normal  9.876884e-001  -0.000000e+000  1.564344e-001
    outer loop
      vertex  1.426585e+001  1.300000e+001  4.635255e+000
      vertex  1.426585e+001  3.400000e+000  4.635255e+000
      vertex  1.500000e+001  1.300000e+001  0.000000e+000
    endloop
  endfacet
  facet normal  9.876884e-001  0.000000e+000  1.564344e-001
    outer loop
      vertex  1.500000e+001  1.300000e+001  0.000000e+000
      vertex  1.426585e+001  3.400000e+000  4.635255e+000
      vertex  1.500000e+001  3.400000e+000  0.000000e+000
    endloop
  endfacet
  facet normal  0.000000e+000  1.000000e+000  0.000000e+000
    outer loop
      vertex  6.000000e+000  1.800000e+001 -8.000000e+000
      vertex  7.414214e+000  1.800000e+001 -7.414214e+000
      vertex  1.132624e+001  1.800000e+001 -8.228993e+000
    endloop
  endfacet
  facet normal  0.000000e+000  1.000000e+000  0.000000e+000
    outer loop
      vertex  7.414214e+000  1.800000e+001 -7.414214e+000
      vertex  8.000000e+000  1.800000e+001 -6.000000e+000
      vertex  1.132624e+001  1.800000e+001 -8.228993e+000
    endloop
  endfacet
  facet normal  0.000000e+000  1.000000e+000  0.000000e+000
    outer loop
      vertex -1.331479e+001  1.800000e+001 -4.326238e+000
      vertex -1.400000e+001  1.800000e+001  1.714506e-015
      vertex -8.000000e+000  1.800000e+001 -6.000000e+000
    endloop
  endfacet
  facet normal  0.000000e+000  1.000000e+000  0.000000e+000
    outer loop
      vertex -4.326238e+000  1.800000e+001 -1.331479e+001
      vertex -8.228993e+000  1.800000e+001 -1.132624e+001
      vertex -2.571758e-015  1.800000e+001 -1.400000e+001
    endloop
  endfacet
  facet normal  0.000000e+000  1.000000e+000  -0.000000e+000
    outer loop
      vertex  8.228993e+000  1.800000e+001 -1.132624e+001
      vertex  4.326238e+000  1.800000e+001 -1.331479e+001
      vertex -2.571758e-015  1.800000e+001 -1.400000e+001
    endloop
  endfacet
  facet normal  0.000000e+000  1.000000e+000  0.000000e+000
    outer loop
      vertex -1.132624e+001  1.800000e+001 -8.228993e+000
      vertex -1.331479e+001  1.800000e+001 -4.326238e+000
      vertex -8.000000e+000  1.800000e+001 -6.000000e+000
    endloop
  endfacet
  facet normal  0.000000e+000  1.000000e+000  0.000000e+000
    outer loop
      vertex -1.132624e+001  1.800000e+001 -8.228993e+000
      vertex -8.000000e+000  1.800000e+001 -6.000000e+000
      vertex -7.414214e+000  1.800000e+001 -7.414214e+000
    endloop
  endfacet
  facet normal  0.000000e+000  1.000000e+000  0.000000e+000
    outer loop
      vertex -1.132624e+001  1.800000e+001 -8.228993e+000
      vertex -7.414214e+000  1.800000e+001 -7.414214e+000
      vertex -6.000000e+000  1.800000e+001 -8.000000e+000
    endloop
  endfacet
  facet normal  0.000000e+000  1.000000e+000  0.000000e+000
    outer loop
      vertex -1.132624e+001  1.800000e+001 -8.228993e+000
      vertex -6.000000e+000  1.800000e+001 -8.000000e+000
      vertex -8.228993e+000  1.800000e+001 -1.132624e+001
    endloop
  endfacet
  facet normal  0.000000e+000  1.000000e+000  0.000000e+000
    outer loop
      vertex  8.000000e+000  1.800000e+001 -6.000000e+000
      vertex  8.000000e+000  1.800000e+001  6.000000e+000
      vertex  1.331479e+001  1.800000e+001  4.326238e+000
    endloop
  endfacet
  facet normal  0.000000e+000  1.000000e+000  0.000000e+000
    outer loop
      vertex  8.000000e+000  1.800000e+001 -6.000000e+000
      vertex  1.331479e+001  1.800000e+001  4.326238e+000
      vertex  1.400000e+001  1.800000e+001  0.000000e+000
    endloop
  endfacet
  facet normal  0.000000e+000  1.000000e+000  0.000000e+000
    outer loop
      vertex  8.000000e+000  1.800000e+001 -6.000000e+000
      vertex  1.400000e+001  1.800000e+001  0.000000e+000
      vertex  1.331479e+001  1.800000e+001 -4.326238e+000
    endloop
  endfacet
  facet normal  0.000000e+000  1.000000e+000  0.000000e+000
    outer loop
      vertex  8.000000e+000  1.800000e+001 -6.000000e+000
      vertex  1.331479e+001  1.800000e+001 -4.326238e+000
      vertex  1.132624e+001  1.800000e+001 -8.228993e+000
    endloop
  endfacet
  facet normal  0.000000e+000  1.000000e+000  0.000000e+000
    outer loop
      vertex  8.228993e+000  1.800000e+001 -1.132624e+001
      vertex -2.571758e-015  1.800000e+001 -1.400000e+001
      vertex  1.132624e+001  1.800000e+001 -8.228993e+000
    endloop
  endfacet
  facet normal  0.000000e+000  1.000000e+000  0.000000e+000
    outer loop
      vertex  1.132624e+001  1.800000e+001 -8.228993e+000
      vertex -2.571758e-015  1.800000e+001 -1.400000e+001
      vertex  6.000000e+000  1.800000e+001 -8.000000e+000
    endloop
  endfacet
  facet normal  -0.000000e+000  1.000000e+000  0.000000e+000
    outer loop
      vertex -2.571758e-015  1.800000e+001 -1.400000e+001
      vertex -8.228993e+000  1.800000e+001 -1.132624e+001
      vertex  6.000000e+000  1.800000e+001 -8.000000e+000
    endloop
  endfacet
  facet normal  0.000000e+000  1.000000e+000  0.000000e+000
    outer loop
      vertex  6.000000e+000  1.800000e+001 -8.000000e+000
      vertex -8.228993e+000  1.800000e+001 -1.132624e+001
      vertex -6.000000e+000  1.800000e+001 -8.000000e+000
    endloop
  endfacet
  facet normal  0.000000e+000  1.000000e+000  0.000000e+000
    outer loop
      vertex  4.326238e+000  1.800000e+001  1.331479e+001
      vertex -6.000000e+000  1.800000e+001  8.000000e+000
      vertex  8.572528e-016  1.800000e+001  1.400000e+001
    endloop
  endfacet
  facet normal  0.000000e+000  1.000000e+000  0.000000e+000
    outer loop
      vertex  8.572528e-016  1.800000e+001  1.400000e+001
      vertex -6.000000e+000  1.800000e+001  8.000000e+000
      vertex -4.326238e+000  1.800000e+001  1.331479e+001
    endloop
  endfacet
  facet normal  -0.000000e+000  9.999999e-001  0.000000e+000
    outer loop
      vertex -6.000000e+000  1.800000e+001  8.000000e+000
      vertex -1.132624e+001  1.800000e+001  8.228993e+000
      vertex -4.326238e+000  1.800000e+001  1.331479e+001
    endloop
  endfacet
  facet normal  0.000000e+000  1.000000e+000  0.000000e+000
    outer loop
      vertex -4.326238e+000  1.800000e+001  1.331479e+001
      vertex -1.132624e+001  1.800000e+001  8.228993e+000
      vertex -8.228993e+000  1.800000e+001  1.132624e+001
    endloop
  endfacet
  facet normal  0.000000e+000  1.000000e+000  0.000000e+000
    outer loop
      vertex -6.000000e+000  1.800000e+001  8.000000e+000
      vertex  4.326238e+000  1.800000e+001  1.331479e+001
      vertex  6.000000e+000  1.800000e+001  8.000000e+000
    endloop
  endfacet
  facet normal  0.000000e+000  1.000000e+000  -0.000000e+000
    outer loop
      vertex  6.000000e+000  1.800000e+001  8.000000e+000
      vertex  4.326238e+000  1.800000e+001  1.331479e+001
      vertex  8.228993e+000  1.800000e+001  1.132624e+001
    endloop
  endfacet
  facet normal  0.000000e+000  1.000000e+000  0.000000e+000
    outer loop
      vertex  6.000000e+000  1.800000e+001  8.000000e+000
      vertex  8.228993e+000  1.800000e+001  1.132624e+001
      vertex  1.132624e+001  1.800000e+001  8.228993e+000
    endloop
  endfacet
  facet normal  0.000000e+000  1.000000e+000  -0.000000e+000
    outer loop
      vertex -6.000000e+000  1.800000e+001  8.000000e+000
      vertex -7.414214e+000  1.800000e+001  7.414214e+000
      vertex -1.132624e+001  1.800000e+001  8.228993e+000
    endloop
  endfacet
  facet normal  0.000000e+000  1.000000e+000  0.000000e+000
    outer loop
      vertex -1.132624e+001  1.800000e+001  8.228993e+000
      vertex -7.414214e+000  1.800000e+001  7.414214e+000
      vertex -8.000000e+000  1.800000e+001  6.000000e+000
    endloop
  endfacet
  facet normal  0.000000e+000  1.000000e+000  0.000000e+000
    outer loop
      vertex -1.132624e+001  1.800000e+001  8.228993e+000
      vertex -8.000000e+000  1.800000e+001  6.000000e+000
      vertex -1.331479e+001  1.800000e+001  4.326238e+000
    endloop
  endfacet
  facet normal  -0.000000e+000  1.000000e+000  0.000000e+000
    outer loop
      vertex -1.331479e+001  1.800000e+001  4.326238e+000
      vertex -8.000000e+000  1.800000e+001  6.000000e+000
      vertex -8.000000e+000  1.800000e+001 -6.000000e+000
    endloop
  endfacet
  facet normal  0.000000e+000  1.000000e+000  0.000000e+000
    outer loop
      vertex -1.331479e+001  1.800000e+001  4.326238e+000
      vertex -8.000000e+000  1.800000e+001 -6.000000e+000
      vertex -1.400000e+001  1.800000e+001  1.714506e-015
    endloop
  endfacet
  facet normal  0.000000e+000  1.000000e+000  0.000000e+000
    outer loop
      vertex  6.000000e+000  1.800000e+001  8.000000e+000
      vertex  1.132624e+001  1.800000e+001  8.228993e+000
      vertex  7.414214e+000  1.800000e+001  7.414214e+000
    endloop
  endfacet
  facet normal  -0.000000e+000  1.000000e+000  0.000000e+000
    outer loop
      vertex  7.414214e+000  1.800000e+001  7.414214e+000
      vertex  1.132624e+001  1.800000e+001  8.228993e+000
      vertex  1.331479e+001  1.800000e+001  4.326238e+000
    endloop
  endfacet
  facet normal  0.000000e+000  1.000000e+000  0.000000e+000
    outer loop
      vertex  7.414214e+000  1.800000e+001  7.414214e+000
      vertex  1.331479e+001  1.800000e+001  4.326238e+000
      vertex  8.000000e+000  1.800000e+001  6.000000e+000
    endloop
  endfacet
  facet normal  3.826834e-001  -0.000000e+000  9.238796e-001
    outer loop
      vertex  6.000000e+000  3.000000e+001  8.000000e+000
      vertex  6.000000e+000  1.800000e+001  8.000000e+000
      vertex  7.414214e+000  3.000000e+001  7.414214e+000
    endloop
  endfacet
  facet normal  3.826834e-001  0.000000e+000  9.238796e-001
    outer loop
      vertex  7.414214e+000  3.000000e+001  7.414214e+000
      vertex  6.000000e+000  1.800000e+001  8.000000e+000
      vertex  7.414214e+000  1.800000e+001  7.414214e+000
    endloop
  endfacet
  facet normal  9.238796e-001  -0.000000e+000  3.826834e-001
    outer loop
      vertex  7.414214e+000  3.000000e+001  7.414214e+000
      vertex  7.414214e+000  1.800000e+001  7.414214e+000
      vertex  8.000000e+000  3.000000e+001  6.000000e+000
    endloop
  endfacet
  facet normal  9.238796e-001  0.000000e+000  3.826834e-001
    outer loop
      vertex  8.000000e+000  3.000000e+001  6.000000e+000
      vertex  7.414214e+000  1.800000e+001  7.414214e+000
      vertex  8.000000e+000  1.800000e+001  6.000000e+000
    endloop
  endfacet
  facet normal  1.000000e+000  0.000000e+000  0.000000e+000
    outer loop
      vertex  8.000000e+000  1.800000e+001  6.000000e+000
      vertex  8.000000e+000  1.800000e+001 -6.000000e+000
      vertex  8.000000e+000  3.000000e+001  6.000000e+000
    endloop
  endfacet
  facet normal  1.000000e+000  0.000000e+000  0.000000e+000
    outer loop
      vertex  8.000000e+000  3.000000e+001  6.000000e+000
      vertex  8.000000e+000  1.800000e+001 -6.000000e+000
      vertex  8.000000e+000  3.000000e+001 -6.000000e+000
    endloop
  endfacet
  facet normal  0.000000e+000  0.000000e+000  1.000000e+000
    outer loop
      vertex -6.000000e+000  1.800000e+001  8.000000e+000
      vertex  6.000000e+000  1.800000e+001  8.000000e+000
      vertex -6.000000e+000  3.000000e+001  8.000000e+000
    endloop
  endfacet
  facet normal  -0.000000e+000  0.000000e+000  1.000000e+000
    outer loop
      vertex -6.000000e+000  3.000000e+001  8.000000e+000
      vertex  6.000000e+000  1.800000e+001  8.000000e+000
      vertex  6.000000e+000  3.000000e+001  8.000000e+000
    endloop
  endfacet
  facet normal  9.238796e-001  0.000000e+000 -3.826834e-001
    outer loop
      vertex  8.000000e+000  3.000000e+001 -6.000000e+000
      vertex  8.000000e+000  1.800000e+001 -6.000000e+000
      vertex  7.414214e+000  3.000000e+001 -7.414214e+000
    endloop
  endfacet
  facet normal  9.238796e-001  0.000000e+000 -3.826834e-001
    outer loop
      vertex  7.414214e+000  3.000000e+001 -7.414214e+000
      vertex  8.000000e+000  1.800000e+001 -6.000000e+000
      vertex  7.414214e+000  1.800000e+001 -7.414214e+000
    endloop
  endfacet
  facet normal  3.826834e-001  0.000000e+000 -9.238796e-001
    outer loop
      vertex  7.414214e+000  3.000000e+001 -7.414214e+000
      vertex  7.414214e+000  1.800000e+001 -7.414214e+000
      vertex  6.000000e+000  3.000000e+001 -8.000000e+000
    endloop
  endfacet
  facet normal  3.826834e-001  0.000000e+000 -9.238796e-001
    outer loop
      vertex  6.000000e+000  3.000000e+001 -8.000000e+000
      vertex  7.414214e+000  1.800000e+001 -7.414214e+000
      vertex  6.000000e+000  1.800000e+001 -8.000000e+000
    endloop
  endfacet
  facet normal  0.000000e+000  0.000000e+000 -1.000000e+000
    outer loop
      vertex  6.000000e+000  1.800000e+001 -8.000000e+000
      vertex -6.000000e+000  1.800000e+001 -8.000000e+000
      vertex  6.000000e+000  3.000000e+001 -8.000000e+000
    endloop
  endfacet
  facet normal  -0.000000e+000  0.000000e+000 -1.000000e+000
    outer loop
      vertex  6.000000e+000  3.000000e+001 -8.000000e+000
      vertex -6.000000e+000  1.800000e+001 -8.000000e+000
      vertex -6.000000e+000  3.000000e+001 -8.000000e+000
    endloop
  endfacet
  facet normal -3.826834e-001  0.000000e+000 -9.238796e-001
    outer loop
      vertex -6.000000e+000  3.000000e+001 -8.000000e+000
      vertex -6.000000e+000  1.800000e+001 -8.000000e+000
      vertex -7.414214e+000  3.000000e+001 -7.414214e+000
    endloop
  endfacet
  facet normal -3.826834e-001  -0.000000e+000 -9.238796e-001
    outer loop
      vertex -7.414214e+000  3.000000e+001 -7.414214e+000
      vertex -6.000000e+000  1.800000e+001 -8.000000e+000
      vertex -7.414214e+000  1.800000e+001 -7.414214e+000
    endloop
  endfacet
  facet normal -9.238796e-001  0.000000e+000 -3.826834e-001
    outer loop
      vertex -7.414214e+000  3.000000e+001 -7.414214e+000
      vertex -7.414214e+000  1.800000e+001 -7.414214e+000
      vertex -8.000000e+000  3.000000e+001 -6.000000e+000
    endloop
  endfacet
  facet normal -9.238796e-001  -0.000000e+000 -3.826834e-001
    outer loop
      vertex -8.000000e+000  3.000000e+001 -6.000000e+000
      vertex -7.414214e+000  1.800000e+001 -7.414214e+000
      vertex -8.000000e+000  1.800000e+001 -6.000000e+000
    endloop
  endfacet
  facet normal -1.000000e+000  0.000000e+000  0.000000e+000
    outer loop
      vertex -8.000000e+000  1.800000e+001 -6.000000e+000
      vertex -8.000000e+000  1.800000e+001  6.000000e+000
      vertex -8.000000e+000  3.000000e+001 -6.000000e+000
    endloop
  endfacet
  facet normal -1.000000e+000  0.000000e+000  0.000000e+000
    outer loop
      vertex -8.000000e+000  3.000000e+001 -6.000000e+000
      vertex -8.000000e+000  1.800000e+001  6.000000e+000
      vertex -8.000000e+000  3.000000e+001  6.000000e+000
    endloop
  endfacet
  facet normal -9.238796e-001  0.000000e+000  3.826834e-001
    outer loop
      vertex -8.000000e+000  3.000000e+001  6.000000e+000
      vertex -8.000000e+000  1.800000e+001  6.000000e+000
      vertex -7.414214e+000  3.000000e+001  7.414214e+000
    endloop
  endfacet
  facet normal -9.238796e-001  0.000000e+000  3.826834e-001
    outer loop
      vertex -7.414214e+000  3.000000e+001  7.414214e+000
      vertex -8.000000e+000  1.800000e+001  6.000000e+000
      vertex -7.414214e+000  1.800000e+001  7.414214e+000
    endloop
  endfacet
  facet normal -3.826834e-001  0.000000e+000  9.238796e-001
    outer loop
      vertex -7.414214e+000  3.000000e+001  7.414214e+000
      vertex -7.414214e+000  1.800000e+001  7.414214e+000
      vertex -6.000000e+000  3.000000e+001  8.000000e+000
    endloop
  endfacet
  facet normal -3.826834e-001  0.000000e+000  9.238796e-001
    outer loop
      vertex -6.000000e+000  3.000000e+001  8.000000e+000
      vertex -7.414214e+000  1.800000e+001  7.414214e+000
      vertex -6.000000e+000  1.800000e+001  8.000000e+000
    endloop
  endfacet
  facet normal  0.000000e+000  1.000000e+000  0.000000e+000
    outer loop
      vertex -8.000000e+000  3.000000e+001 -6.000000e+000
      vertex -5.405813e+000  3.000000e+001  2.603302e+000
      vertex -6.000000e+000  3.000000e+001 -9.888569e-008
    endloop
  endfacet
  facet normal  0.000000e+000  1.000000e+000  0.000000e+000
    outer loop
      vertex -8.000000e+000  3.000000e+001 -6.000000e+000
      vertex -6.000000e+000  3.000000e+001 -9.888569e-008
      vertex -5.405813e+000  3.000000e+001 -2.603302e+000
    endloop
  endfacet
  facet normal  0.000000e+000  1.000000e+000  0.000000e+000
    outer loop
      vertex -8.000000e+000  3.000000e+001 -6.000000e+000
      vertex -5.405813e+000  3.000000e+001 -2.603302e+000
      vertex -3.740939e+000  3.000000e+001 -4.690989e+000
    endloop
  endfacet
  facet normal  0.000000e+000  1.000000e+000  0.000000e+000
    outer loop
      vertex -8.000000e+000  3.000000e+001 -6.000000e+000
      vertex -3.740939e+000  3.000000e+001 -4.690989e+000
      vertex -1.335126e+000  3.000000e+001 -5.849567e+000
    endloop
  endfacet
  facet normal  0.000000e+000  1.000000e+000  0.000000e+000
    outer loop
      vertex -8.000000e+000  3.000000e+001  6.000000e+000
      vertex -1.335126e+000  3.000000e+001  5.849567e+000
      vertex -3.740939e+000  3.000000e+001  4.690989e+000
    endloop
  endfacet
  facet normal  0.000000e+000  1.000000e+000  0.000000e+000
    outer loop
      vertex -8.000000e+000  3.000000e+001  6.000000e+000
      vertex -3.740939e+000  3.000000e+001  4.690989e+000
      vertex -5.405813e+000  3.000000e+001  2.603302e+000
    endloop
  endfacet
  facet normal  0.000000e+000  1.000000e+000  0.000000e+000
    outer loop
      vertex -8.000000e+000  3.000000e+001  6.000000e+000
      vertex -5.405813e+000  3.000000e+001  2.603302e+000
      vertex -8.000000e+000  3.000000e+001 -6.000000e+000
    endloop
  endfacet
  facet normal  -0.000000e+000  1.000000e+000  0.000000e+000
    outer loop
      vertex  8.000000e+000  3.000000e+001 -6.000000e+000
      vertex  1.335126e+000  3.000000e+001 -5.849567e+000
      vertex  3.740939e+000  3.000000e+001 -4.690989e+000
    endloop
  endfacet
  facet normal  -0.000000e+000  1.000000e+000  0.000000e+000
    outer loop
      vertex  8.000000e+000  3.000000e+001 -6.000000e+000
      vertex  3.740939e+000  3.000000e+001 -4.690989e+000
      vertex  5.405813e+000  3.000000e+001 -2.603302e+000
    endloop
  endfacet
  facet normal  -0.000000e+000  1.000000e+000  0.000000e+000
    outer loop
      vertex  8.000000e+000  3.000000e+001 -6.000000e+000
      vertex  5.405813e+000  3.000000e+001 -2.603302e+000
      vertex  6.000000e+000  3.000000e+001 -2.480655e-015
    endloop
  endfacet
  facet normal  -0.000000e+000  1.000000e+000  -0.000000e+000
    outer loop
      vertex  8.000000e+000  3.000000e+001 -6.000000e+000
      vertex  6.000000e+000  3.000000e+001 -2.480655e-015
      vertex  5.405813e+000  3.000000e+001  2.603302e+000
    endloop
  endfacet
  facet normal  0.000000e+000  1.000000e+000  -0.000000e+000
    outer loop
      vertex  8.000000e+000  3.000000e+001  6.000000e+000
      vertex  8.000000e+000  3.000000e+001 -6.000000e+000
      vertex  5.405813e+000  3.000000e+001  2.603302e+000
    endloop
  endfacet
  facet normal  0.000000e+000  1.000000e+000  -0.000000e+000
    outer loop
      vertex  8.000000e+000  3.000000e+001  6.000000e+000
      vertex  5.405813e+000  3.000000e+001  2.603302e+000
      vertex  3.740939e+000  3.000000e+001  4.690989e+000
    endloop
  endfacet
  facet normal  0.000000e+000  1.000000e+000  -0.000000e+000
    outer loop
      vertex  8.000000e+000  3.000000e+001  6.000000e+000
      vertex  3.740939e+000  3.000000e+001  4.690989e+000
      vertex  1.335126e+000  3.000000e+001  5.849567e+000
    endloop
  endfacet
  facet normal  0.000000e+000  1.000000e+000  0.000000e+000
    outer loop
      vertex  6.000000e+000  3.000000e+001 -8.000000e+000
      vertex  8.000000e+000  3.000000e+001 -6.000000e+000
      vertex  7.414214e+000  3.000000e+001 -7.414214e+000
    endloop
  endfacet
  facet normal  0.000000e+000  1.000000e+000  -0.000000e+000
    outer loop
      vertex  8.000000e+000  3.000000e+001 -6.000000e+000
      vertex  6.000000e+000  3.000000e+001 -8.000000e+000
      vertex  1.335126e+000  3.000000e+001 -5.849567e+000
    endloop
  endfacet
  facet normal  0.000000e+000  1.000000e+000  0.000000e+000
    outer loop
      vertex  1.335126e+000  3.000000e+001 -5.849567e+000
      vertex  6.000000e+000  3.000000e+001 -8.000000e+000
      vertex -6.000000e+000  3.000000e+001 -8.000000e+000
    endloop
  endfacet
  facet normal  0.000000e+000  9.999999e-001  0.000000e+000
    outer loop
      vertex  1.335126e+000  3.000000e+001 -5.849567e+000
      vertex -6.000000e+000  3.000000e+001 -8.000000e+000
      vertex -1.335126e+000  3.000000e+001 -5.849567e+000
    endloop
  endfacet
  facet normal  0.000000e+000  1.000000e+000  0.000000e+000
    outer loop
      vertex -1.335126e+000  3.000000e+001 -5.849567e+000
      vertex -6.000000e+000  3.000000e+001 -8.000000e+000
      vertex -7.414214e+000  3.000000e+001 -7.414214e+000
    endloop
  endfacet
  facet normal  0.000000e+000  1.000000e+000  -0.000000e+000
    outer loop
      vertex -1.335126e+000  3.000000e+001 -5.849567e+000
      vertex -7.414214e+000  3.000000e+001 -7.414214e+000
      vertex -8.000000e+000  3.000000e+001 -6.000000e+000
    endloop
  endfacet
  facet normal  0.000000e+000  1.000000e+000  0.000000e+000
    outer loop
      vertex  1.335126e+000  3.000000e+001  5.849567e+000
      vertex  7.414214e+000  3.000000e+001  7.414214e+000
      vertex  8.000000e+000  3.000000e+001  6.000000e+000
    endloop
  endfacet
  facet normal  0.000000e+000  1.000000e+000  0.000000e+000
    outer loop
      vertex  7.414214e+000  3.000000e+001  7.414214e+000
      vertex  1.335126e+000  3.000000e+001  5.849567e+000
      vertex  6.000000e+000  3.000000e+001  8.000000e+000
    endloop
  endfacet
  facet normal  0.000000e+000  1.000000e+000  0.000000e+000
    outer loop
      vertex  6.000000e+000  3.000000e+001  8.000000e+000
      vertex  1.335126e+000  3.000000e+001  5.849567e+000
      vertex -1.335126e+000  3.000000e+001  5.849567e+000
    endloop
  endfacet
  facet normal  0.000000e+000  1.000000e+000  -0.000000e+000
    outer loop
      vertex  6.000000e+000  3.000000e+001  8.000000e+000
      vertex -1.335126e+000  3.000000e+001  5.849567e+000
      vertex -6.000000e+000  3.000000e+001  8.000000e+000
    endloop
  endfacet
  facet normal  0.000000e+000  1.000000e+000  0.000000e+000
    outer loop
      vertex -6.000000e+000  3.000000e+001  8.000000e+000
      vertex -1.335126e+000  3.000000e+001  5.849567e+000
      vertex -8.000000e+000  3.000000e+001  6.000000e+000
    endloop
  endfacet
  facet normal  0.000000e+000  1.000000e+000  0.000000e+000
    outer loop
      vertex -6.000000e+000  3.000000e+001  8.000000e+000
      vertex -8.000000e+000  3.000000e+001  6.000000e+000
      vertex -7.414214e+000  3.000000e+001  7.414214e+000
    endloop
  endfacet
  facet normal -9.962949e-001 -6.270824e-004  8.600151e-002
    outer loop
      vertex -3.000000e+000  3.500000e+001  5.510911e-016
      vertex -2.955622e+000  3.500000e+001  5.140973e-001
      vertex -2.961452e+000  3.950000e+001  4.793785e-001
    endloop
  endfacet
  facet normal -9.966269e-001 -2.050034e-004  8.206609e-002
    outer loop
      vertex -3.000000e+000  3.500000e+001  5.510911e-016
      vertex -2.961452e+000  3.950000e+001  4.793785e-001
      vertex -2.999983e+000  3.900000e+001  1.020347e-002
    endloop
  endfacet
  facet normal -9.971626e-001  1.963580e-004 -7.527603e-002
    outer loop
      vertex -3.000000e+000  3.500000e+001  5.510911e-016
      vertex -2.999983e+000  3.900000e+001  1.020347e-002
      vertex -2.964644e+000  3.850000e+001 -4.592228e-001
    endloop
  endfacet
  facet normal -9.970492e-001  0.000000e+000 -7.676385e-002
    outer loop
      vertex -3.000000e+000  3.500000e+001  5.510911e-016
      vertex -2.964644e+000  3.850000e+001 -4.592228e-001
      vertex -3.000000e+000  3.300000e+001  5.510911e-016
    endloop
  endfacet
  facet normal -7.624754e-001  1.963428e-004 -6.470171e-001
    outer loop
      vertex -2.427051e+000  3.300000e+001 -1.763356e+000
      vertex -2.433034e+000  3.700000e+001 -1.755091e+000
      vertex -2.128523e+000  3.650000e+001 -2.114093e+000
    endloop
  endfacet
  facet normal -6.662136e-001 -1.788787e-002 -7.455464e-001
    outer loop
      vertex -2.427051e+000  3.300000e+001 -1.763356e+000
      vertex -2.128523e+000  3.650000e+001 -2.114093e+000
      vertex -1.771600e+000  3.600000e+001 -2.421040e+000
    endloop
  endfacet
  facet normal -5.727224e-001 -5.418846e-002 -8.179564e-001
    outer loop
      vertex -2.427051e+000  3.300000e+001 -1.763356e+000
      vertex -1.771600e+000  3.600000e+001 -2.421040e+000
      vertex -1.371055e+000  3.550000e+001 -2.668372e+000
    endloop
  endfacet
  facet normal -4.869143e-001 -1.080921e-001 -8.667356e-001
    outer loop
      vertex -2.427051e+000  3.300000e+001 -1.763356e+000
      vertex -1.371055e+000  3.550000e+001 -2.668372e+000
      vertex -9.367497e-001  3.500000e+001 -2.850000e+000
    endloop
  endfacet
  facet normal -5.877845e-001 -1.568267e-003 -8.090160e-001
    outer loop
      vertex -2.427051e+000  3.300000e+001 -1.763356e+000
      vertex -9.367497e-001  3.500000e+001 -2.850000e+000
      vertex -9.270510e-001  3.300000e+001 -2.853169e+000
    endloop
  endfacet
  facet normal -9.759228e-001 -1.191085e-002 -2.177907e-001
    outer loop
      vertex -3.000000e+000  3.300000e+001  5.510911e-016
      vertex -2.964644e+000  3.850000e+001 -4.592228e-001
      vertex -2.856306e+000  3.800000e+001 -9.173415e-001
    endloop
  endfacet
  facet normal -9.384331e-001 -3.606543e-002 -3.435735e-001
    outer loop
      vertex -3.000000e+000  3.300000e+001  5.510911e-016
      vertex -2.856306e+000  3.800000e+001 -9.173415e-001
      vertex -2.677636e+000  3.750000e+001 -1.352872e+000
    endloop
  endfacet
  facet normal -8.894174e-001 -7.199080e-002 -4.513910e-001
    outer loop
      vertex -3.000000e+000  3.300000e+001  5.510911e-016
      vertex -2.677636e+000  3.750000e+001 -1.352872e+000
      vertex -2.433034e+000  3.700000e+001 -1.755091e+000
    endloop
  endfacet
  facet normal -9.510562e-001 -7.841279e-004 -3.090169e-001
    outer loop
      vertex -3.000000e+000  3.300000e+001  5.510911e-016
      vertex -2.433034e+000  3.700000e+001 -1.755091e+000
      vertex -2.427051e+000  3.300000e+001 -1.763356e+000
    endloop
  endfacet
  facet normal  9.962950e-001  2.864426e-017 -8.600152e-002
    outer loop
      vertex  3.000000e+000  3.500000e+001 -1.836970e-016
      vertex  3.000000e+000  3.300000e+001 -8.498309e-016
      vertex  2.955622e+000  3.500000e+001 -5.140973e-001
    endloop
  endfacet
  facet normal  9.494427e-001 -5.823062e-002 -3.084926e-001
    outer loop
      vertex  2.955622e+000  3.500000e+001 -5.140973e-001
      vertex  3.000000e+000  3.300000e+001 -8.498309e-016
      vertex  2.427051e+000  3.300000e+001 -1.763356e+000
    endloop
  endfacet
  facet normal  8.961412e-001  3.926670e-002 -4.420286e-001
    outer loop
      vertex  2.955622e+000  3.500000e+001 -5.140973e-001
      vertex  2.427051e+000  3.300000e+001 -1.763356e+000
      vertex  2.206763e+000  3.500000e+001 -2.032289e+000
    endloop
  endfacet
  facet normal  5.136916e-001 -5.852015e-002 -8.559769e-001
    outer loop
      vertex  2.206763e+000  3.500000e+001 -2.032289e+000
      vertex  2.427051e+000  3.300000e+001 -1.763356e+000
      vertex  7.552456e-001  3.500000e+001 -2.903378e+000
    endloop
  endfacet
  facet normal  5.875177e-001  3.016880e-002 -8.086487e-001
    outer loop
      vertex  7.552456e-001  3.500000e+001 -2.903378e+000
      vertex  2.427051e+000  3.300000e+001 -1.763356e+000
      vertex  9.270510e-001  3.300000e+001 -2.853169e+000
    endloop
  endfacet
  facet normal -3.151957e-002 -2.778973e-002 -9.991168e-001
    outer loop
      vertex  7.552456e-001  3.500000e+001 -2.903378e+000
      vertex  9.270510e-001  3.300000e+001 -2.853169e+000
      vertex -9.367497e-001  3.500000e+001 -2.850000e+000
    endloop
  endfacet
  facet normal  0.000000e+000  1.584766e-003 -9.999987e-001
    outer loop
      vertex -9.367497e-001  3.500000e+001 -2.850000e+000
      vertex  9.270510e-001  3.300000e+001 -2.853169e+000
      vertex -9.270510e-001  3.300000e+001 -2.853169e+000
    endloop
  endfacet
  facet normal -9.717115e-001  5.633553e-004  2.361701e-001
    outer loop
      vertex -2.961452e+000  3.950000e+001  4.793785e-001
      vertex -2.955622e+000  3.500000e+001  5.140973e-001
      vertex -2.850000e+000  4.000000e+001  9.367497e-001
    endloop
  endfacet
  facet normal -9.434158e-001 -8.093823e-003  3.315137e-001
    outer loop
      vertex -2.850000e+000  4.000000e+001  9.367497e-001
      vertex -2.955622e+000  3.500000e+001  5.140973e-001
      vertex -2.652099e+000  3.600000e+001  1.402273e+000
    endloop
  endfacet
  facet normal -9.223043e-001 -6.541688e-004  3.864639e-001
    outer loop
      vertex -2.850000e+000  4.000000e+001  9.367497e-001
      vertex -2.652099e+000  3.600000e+001  1.402273e+000
      vertex -2.668372e+000  4.050000e+001  1.371055e+000
    endloop
  endfacet
  facet normal -8.511722e-001  5.633437e-004  5.248862e-001
    outer loop
      vertex -2.668372e+000  4.050000e+001  1.371055e+000
      vertex -2.652099e+000  3.600000e+001  1.402273e+000
      vertex -2.421040e+000  4.100000e+001  1.771600e+000
    endloop
  endfacet
  facet normal -7.947983e-001 -8.093866e-003  6.068198e-001
    outer loop
      vertex -2.421040e+000  4.100000e+001  1.771600e+000
      vertex -2.652099e+000  3.600000e+001  1.402273e+000
      vertex -2.088970e+000  3.700000e+001  2.153185e+000
    endloop
  endfacet
  facet normal -7.577391e-001 -6.541574e-004  6.525571e-001
    outer loop
      vertex -2.421040e+000  4.100000e+001  1.771600e+000
      vertex -2.088970e+000  3.700000e+001  2.153185e+000
      vertex -2.114093e+000  4.150000e+001  2.128523e+000
    endloop
  endfacet
  facet normal -6.473141e-001  5.633437e-004  7.622231e-001
    outer loop
      vertex -2.114093e+000  4.150000e+001  2.128523e+000
      vertex -2.088970e+000  3.700000e+001  2.153185e+000
      vertex -1.755091e+000  4.200000e+001  2.433034e+000
    endloop
  endfacet
  facet normal -5.683807e-001 -8.093852e-003  8.227260e-001
    outer loop
      vertex -1.755091e+000  4.200000e+001  2.433034e+000
      vertex -2.088970e+000  3.700000e+001  2.153185e+000
      vertex -1.321358e+000  3.800000e+001  2.693328e+000
    endloop
  endfacet
  facet normal -5.190016e-001 -6.541210e-004  8.547730e-001
    outer loop
      vertex -1.755091e+000  4.200000e+001  2.433034e+000
      vertex -1.321358e+000  3.800000e+001  2.693328e+000
      vertex -1.352872e+000  4.250000e+001  2.677636e+000
    endloop
  endfacet
  facet normal -3.800924e-001  5.633860e-004  9.249483e-001
    outer loop
      vertex -1.352872e+000  4.250000e+001  2.677636e+000
      vertex -1.321358e+000  3.800000e+001  2.693328e+000
      vertex -9.173415e-001  4.300000e+001  2.856306e+000
    endloop
  endfacet
  facet normal -2.863256e-001 -8.093819e-003  9.580982e-001
    outer loop
      vertex -9.173415e-001  4.300000e+001  2.856306e+000
      vertex -1.321358e+000  3.800000e+001  2.693328e+000
      vertex -4.244020e-001  3.900000e+001  2.969829e+000
    endloop
  endfacet
  facet normal -2.301899e-001 -7.488914e-004  9.731454e-001
    outer loop
      vertex -9.173415e-001  4.300000e+001  2.856306e+000
      vertex -4.244020e-001  3.900000e+001  2.969829e+000
      vertex -4.642631e-001  4.349456e+001  2.963859e+000
    endloop
  endfacet
  facet normal -7.164200e-002  6.894840e-004  9.974301e-001
    outer loop
      vertex -4.244020e-001  3.900000e+001  2.969829e+000
      vertex  3.673940e-016  3.945162e+001  3.000000e+000
      vertex -4.642631e-001  4.349456e+001  2.963859e+000
    endloop
  endfacet
  facet normal -7.761148e-002  0.000000e+000  9.969836e-001
    outer loop
      vertex -4.642631e-001  4.349456e+001  2.963859e+000
      vertex  3.673940e-016  3.945162e+001  3.000000e+000
      vertex  5.696465e-015  4.398926e+001  3.000000e+000
    endloop
  endfacet
  facet normal -9.962950e-001  0.000000e+000  8.600152e-002
    outer loop
      vertex -3.000000e+000  3.500000e+001  5.510911e-016
      vertex -3.000000e+000  3.300000e+001  5.510911e-016
      vertex -2.955622e+000  3.500000e+001  5.140973e-001
    endloop
  endfacet
  facet normal -9.494427e-001 -5.823062e-002  3.084926e-001
    outer loop
      vertex -2.955622e+000  3.500000e+001  5.140973e-001
      vertex -3.000000e+000  3.300000e+001  5.510911e-016
      vertex -2.427051e+000  3.300000e+001  1.763356e+000
    endloop
  endfacet
  facet normal -8.961412e-001  3.926670e-002  4.420286e-001
    outer loop
      vertex -2.955622e+000  3.500000e+001  5.140973e-001
      vertex -2.427051e+000  3.300000e+001  1.763356e+000
      vertex -2.206763e+000  3.500000e+001  2.032289e+000
    endloop
  endfacet
  facet normal -5.136916e-001 -5.852015e-002  8.559769e-001
    outer loop
      vertex -2.206763e+000  3.500000e+001  2.032289e+000
      vertex -2.427051e+000  3.300000e+001  1.763356e+000
      vertex -7.552456e-001  3.500000e+001  2.903378e+000
    endloop
  endfacet
  facet normal -5.875177e-001  3.016880e-002  8.086487e-001
    outer loop
      vertex -7.552456e-001  3.500000e+001  2.903378e+000
      vertex -2.427051e+000  3.300000e+001  1.763356e+000
      vertex -9.270510e-001  3.300000e+001  2.853169e+000
    endloop
  endfacet
  facet normal  3.151957e-002 -2.778973e-002  9.991168e-001
    outer loop
      vertex -7.552456e-001  3.500000e+001  2.903378e+000
      vertex -9.270510e-001  3.300000e+001  2.853169e+000
      vertex  9.367497e-001  3.500000e+001  2.850000e+000
    endloop
  endfacet
  facet normal  0.000000e+000  1.584766e-003  9.999987e-001
    outer loop
      vertex  9.367497e-001  3.500000e+001  2.850000e+000
      vertex -9.270510e-001  3.300000e+001  2.853169e+000
      vertex  9.270510e-001  3.300000e+001  2.853169e+000
    endloop
  endfacet
  facet normal  5.898462e-001 -1.580645e-003  8.075140e-001
    outer loop
      vertex  9.367497e-001  3.500000e+001  2.850000e+000
      vertex  9.270510e-001  3.300000e+001  2.853169e+000
      vertex  2.430046e+000  3.500000e+001  1.759226e+000
    endloop
  endfacet
  facet normal  5.877850e-001  7.902913e-004  8.090167e-001
    outer loop
      vertex  2.430046e+000  3.500000e+001  1.759226e+000
      vertex  9.270510e-001  3.300000e+001  2.853169e+000
      vertex  2.427051e+000  3.300000e+001  1.763356e+000
    endloop
  endfacet
  facet normal  9.513186e-001 -7.882876e-004  3.082080e-001
    outer loop
      vertex  2.430046e+000  3.500000e+001  1.759226e+000
      vertex  2.427051e+000  3.300000e+001  1.763356e+000
      vertex  3.000000e+000  3.500000e+001 -1.836970e-016
    endloop
  endfacet
  facet normal  9.510565e-001 -1.029233e-016  3.090169e-001
    outer loop
      vertex  3.000000e+000  3.500000e+001 -1.836970e-016
      vertex  2.427051e+000  3.300000e+001  1.763356e+000
      vertex  3.000000e+000  3.300000e+001 -8.498309e-016
    endloop
  endfacet
  facet normal  9.485758e-001  2.541701e-001 -1.886836e-001
    outer loop
      vertex  3.401924e+000  3.150000e+001 -8.881784e-016
      vertex  3.142968e+000  3.150000e+001 -1.301860e+000
      vertex  3.000000e+000  3.300000e+001 -8.498309e-016
    endloop
  endfacet
  facet normal  8.951662e-001  3.377566e-001 -2.908571e-001
    outer loop
      vertex  3.142968e+000  3.150000e+001 -1.301860e+000
      vertex  2.427051e+000  3.300000e+001 -1.763356e+000
      vertex  3.000000e+000  3.300000e+001 -8.498309e-016
    endloop
  endfacet
  facet normal -8.951662e-001  3.377567e-001 -2.908571e-001
    outer loop
      vertex -2.427051e+000  3.300000e+001 -1.763356e+000
      vertex -3.142968e+000  3.150000e+001 -1.301860e+000
      vertex -3.000000e+000  3.300000e+001  5.510911e-016
    endloop
  endfacet
  facet normal -9.485758e-001  2.541702e-001 -1.886836e-001
    outer loop
      vertex -3.142968e+000  3.150000e+001 -1.301860e+000
      vertex -3.401924e+000  3.150000e+001  2.664535e-015
      vertex -3.000000e+000  3.300000e+001  5.510911e-016
    endloop
  endfacet
  facet normal -2.584769e-001  9.646482e-001 -5.141427e-002
    outer loop
      vertex -4.500000e+000  3.040192e+001  3.996803e-015
      vertex -4.157458e+000  3.040192e+001 -1.722075e+000
      vertex -6.000000e+000  3.000000e+001 -9.888569e-008
    endloop
  endfacet
  facet normal -2.667089e-001  9.618527e-001 -6.087456e-002
    outer loop
      vertex -4.157458e+000  3.040192e+001 -1.722075e+000
      vertex -5.405813e+000  3.000000e+001 -2.603302e+000
      vertex -6.000000e+000  3.000000e+001 -9.888569e-008
    endloop
  endfacet
  facet normal  2.667089e-001  9.618527e-001 -6.087456e-002
    outer loop
      vertex  5.405813e+000  3.000000e+001 -2.603302e+000
      vertex  4.157458e+000  3.040192e+001 -1.722075e+000
      vertex  6.000000e+000  3.000000e+001 -2.480655e-015
    endloop
  endfacet
  facet normal  2.584769e-001  9.646482e-001 -5.141427e-002
    outer loop
      vertex  4.157458e+000  3.040192e+001 -1.722075e+000
      vertex  4.500000e+000  3.040192e+001 -1.332268e-015
      vertex  6.000000e+000  3.000000e+001 -2.480655e-015
    endloop
  endfacet
  facet normal -2.115722e-001  9.670845e-001 -1.413680e-001
    outer loop
      vertex -4.157458e+000  3.040192e+001 -1.722075e+000
      vertex -3.181981e+000  3.040192e+001 -3.181981e+000
      vertex -5.405813e+000  3.000000e+001 -2.603302e+000
    endloop
  endfacet
  facet normal -1.381776e-001  9.685772e-001 -2.067974e-001
    outer loop
      vertex -3.181981e+000  3.040192e+001 -3.181981e+000
      vertex -1.722075e+000  3.040192e+001 -4.157458e+000
      vertex -3.740939e+000  3.000000e+001 -4.690989e+000
    endloop
  endfacet
  facet normal -2.189367e-001  9.599911e-001 -1.745962e-001
    outer loop
      vertex -5.405813e+000  3.000000e+001 -2.603302e+000
      vertex -3.181981e+000  3.040192e+001 -3.181981e+000
      vertex -3.740939e+000  3.000000e+001 -4.690989e+000
    endloop
  endfacet
  facet normal -4.797867e-002  9.692874e-001 -2.412050e-001
    outer loop
      vertex -1.722075e+000  3.040192e+001 -4.157458e+000
      vertex -2.220446e-015  3.040192e+001 -4.500000e+000
      vertex -1.335126e+000  3.000000e+001 -5.849567e+000
    endloop
  endfacet
  facet normal -1.232485e-001  9.588068e-001 -2.559282e-001
    outer loop
      vertex -3.740939e+000  3.000000e+001 -4.690989e+000
      vertex -1.722075e+000  3.040192e+001 -4.157458e+000
      vertex -1.335126e+000  3.000000e+001 -5.849567e+000
    endloop
  endfacet
  facet normal -5.625026e-001  2.901321e-001 -7.742184e-001
    outer loop
      vertex -2.427051e+000  3.300000e+001 -1.763356e+000
      vertex -9.270510e-001  3.300000e+001 -2.853169e+000
      vertex -1.301860e+000  3.150000e+001 -3.142968e+000
    endloop
  endfacet
  facet normal -5.247079e-001  3.286574e-001 -7.852808e-001
    outer loop
      vertex -2.427051e+000  3.300000e+001 -1.763356e+000
      vertex -1.301860e+000  3.150000e+001 -3.142968e+000
      vertex -2.405523e+000  3.150000e+001 -2.405523e+000
    endloop
  endfacet
  facet normal -8.110309e-001  2.203598e-001 -5.419136e-001
    outer loop
      vertex -3.142968e+000  3.150000e+001 -1.301860e+000
      vertex -2.427051e+000  3.300000e+001 -1.763356e+000
      vertex -2.405523e+000  3.150000e+001 -2.405523e+000
    endloop
  endfacet
  facet normal  4.797867e-002  9.692874e-001 -2.412050e-001
    outer loop
      vertex -2.220446e-015  3.040192e+001 -4.500000e+000
      vertex  1.722075e+000  3.040192e+001 -4.157458e+000
      vertex  1.335126e+000  3.000000e+001 -5.849567e+000
    endloop
  endfacet
  facet normal  0.000000e+000  9.584002e-001 -2.854279e-001
    outer loop
      vertex -1.335126e+000  3.000000e+001 -5.849567e+000
      vertex -2.220446e-015  3.040192e+001 -4.500000e+000
      vertex  1.335126e+000  3.000000e+001 -5.849567e+000
    endloop
  endfacet
  facet normal  0.000000e+000  3.435672e-001 -9.391281e-001
    outer loop
      vertex -9.270510e-001  3.300000e+001 -2.853169e+000
      vertex  9.270510e-001  3.300000e+001 -2.853169e+000
      vertex -1.554312e-015  3.150000e+001 -3.401924e+000
    endloop
  endfacet
  facet normal -1.897793e-001  2.317486e-001 -9.540842e-001
    outer loop
      vertex -1.301860e+000  3.150000e+001 -3.142968e+000
      vertex -9.270510e-001  3.300000e+001 -2.853169e+000
      vertex -1.554312e-015  3.150000e+001 -3.401924e+000
    endloop
  endfacet
  facet normal  1.381776e-001  9.685772e-001 -2.067974e-001
    outer loop
      vertex  1.722075e+000  3.040192e+001 -4.157458e+000
      vertex  3.181981e+000  3.040192e+001 -3.181981e+000
      vertex  3.740939e+000  3.000000e+001 -4.690989e+000
    endloop
  endfacet
  facet normal  1.232485e-001  9.588068e-001 -2.559282e-001
    outer loop
      vertex  1.335126e+000  3.000000e+001 -5.849567e+000
      vertex  1.722075e+000  3.040192e+001 -4.157458e+000
      vertex  3.740939e+000  3.000000e+001 -4.690989e+000
    endloop
  endfacet
  facet normal  2.115722e-001  9.670845e-001 -1.413680e-001
    outer loop
      vertex  3.181981e+000  3.040192e+001 -3.181981e+000
      vertex  4.157458e+000  3.040192e+001 -1.722075e+000
      vertex  5.405813e+000  3.000000e+001 -2.603302e+000
    endloop
  endfacet
  facet normal  2.189367e-001  9.599910e-001 -1.745962e-001
    outer loop
      vertex  3.740939e+000  3.000000e+001 -4.690989e+000
      vertex  3.181981e+000  3.040192e+001 -3.181981e+000
      vertex  5.405813e+000  3.000000e+001 -2.603302e+000
    endloop
  endfacet
  facet normal  5.568520e-001  3.201306e-001 -7.664412e-001
    outer loop
      vertex  9.270510e-001  3.300000e+001 -2.853169e+000
      vertex  2.427051e+000  3.300000e+001 -1.763356e+000
      vertex  2.405523e+000  3.150000e+001 -2.405523e+000
    endloop
  endfacet
  facet normal  5.322188e-001  2.868739e-001 -7.965216e-001
    outer loop
      vertex  9.270510e-001  3.300000e+001 -2.853169e+000
      vertex  2.405523e+000  3.150000e+001 -2.405523e+000
      vertex  1.301860e+000  3.150000e+001 -3.142968e+000
    endloop
  endfacet
  facet normal  1.897793e-001  2.317486e-001 -9.540842e-001
    outer loop
      vertex -1.554312e-015  3.150000e+001 -3.401924e+000
      vertex  9.270510e-001  3.300000e+001 -2.853169e+000
      vertex  1.301860e+000  3.150000e+001 -3.142968e+000
    endloop
  endfacet
  facet normal  8.110309e-001  2.203598e-001 -5.419136e-001
    outer loop
      vertex  2.405523e+000  3.150000e+001 -2.405523e+000
      vertex  2.427051e+000  3.300000e+001 -1.763356e+000
      vertex  3.142968e+000  3.150000e+001 -1.301860e+000
    endloop
  endfacet
  facet normal -1.392814e-001  7.002147e-001 -7.002144e-001
    outer loop
      vertex -1.554312e-015  3.150000e+001 -3.401924e+000
      vertex -1.722075e+000  3.040192e+001 -4.157458e+000
      vertex -1.301860e+000  3.150000e+001 -3.142968e+000
    endloop
  endfacet
  facet normal -3.966395e-001  7.002147e-001 -5.936131e-001
    outer loop
      vertex -1.301860e+000  3.150000e+001 -3.142968e+000
      vertex -1.722075e+000  3.040192e+001 -4.157458e+000
      vertex -3.181981e+000  3.040192e+001 -3.181981e+000
    endloop
  endfacet
  facet normal -3.966396e-001  7.002147e-001 -5.936130e-001
    outer loop
      vertex -1.301860e+000  3.150000e+001 -3.142968e+000
      vertex -3.181981e+000  3.040192e+001 -3.181981e+000
      vertex -2.405523e+000  3.150000e+001 -2.405523e+000
    endloop
  endfacet
  facet normal -5.936131e-001  7.002147e-001 -3.966395e-001
    outer loop
      vertex -2.405523e+000  3.150000e+001 -2.405523e+000
      vertex -3.181981e+000  3.040192e+001 -3.181981e+000
      vertex -4.157458e+000  3.040192e+001 -1.722075e+000
    endloop
  endfacet
  facet normal -5.936131e-001  7.002146e-001 -3.966396e-001
    outer loop
      vertex -2.405523e+000  3.150000e+001 -2.405523e+000
      vertex -4.157458e+000  3.040192e+001 -1.722075e+000
      vertex -3.142968e+000  3.150000e+001 -1.301860e+000
    endloop
  endfacet
  facet normal -7.002144e-001  7.002147e-001 -1.392814e-001
    outer loop
      vertex -3.142968e+000  3.150000e+001 -1.301860e+000
      vertex -4.157458e+000  3.040192e+001 -1.722075e+000
      vertex -4.500000e+000  3.040192e+001  3.996803e-015
    endloop
  endfacet
  facet normal -7.002144e-001  7.002146e-001 -1.392814e-001
    outer loop
      vertex -3.142968e+000  3.150000e+001 -1.301860e+000
      vertex -4.500000e+000  3.040192e+001  3.996803e-015
      vertex -3.401924e+000  3.150000e+001  2.664535e-015
    endloop
  endfacet
  facet normal -1.392813e-001  7.002146e-001 -7.002144e-001
    outer loop
      vertex -1.722075e+000  3.040192e+001 -4.157458e+000
      vertex -1.554312e-015  3.150000e+001 -3.401924e+000
      vertex -2.220446e-015  3.040192e+001 -4.500000e+000
    endloop
  endfacet
  facet normal  1.392814e-001  7.002146e-001 -7.002144e-001
    outer loop
      vertex -2.220446e-015  3.040192e+001 -4.500000e+000
      vertex -1.554312e-015  3.150000e+001 -3.401924e+000
      vertex  1.301860e+000  3.150000e+001 -3.142968e+000
    endloop
  endfacet
  facet normal  1.392814e-001  7.002147e-001 -7.002144e-001
    outer loop
      vertex -2.220446e-015  3.040192e+001 -4.500000e+000
      vertex  1.301860e+000  3.150000e+001 -3.142968e+000
      vertex  1.722075e+000  3.040192e+001 -4.157458e+000
    endloop
  endfacet
  facet normal  3.966396e-001  7.002146e-001 -5.936131e-001
    outer loop
      vertex  1.722075e+000  3.040192e+001 -4.157458e+000
      vertex  1.301860e+000  3.150000e+001 -3.142968e+000
      vertex  2.405523e+000  3.150000e+001 -2.405523e+000
    endloop
  endfacet
  facet normal  3.966395e-001  7.002147e-001 -5.936131e-001
    outer loop
      vertex  1.722075e+000  3.040192e+001 -4.157458e+000
      vertex  2.405523e+000  3.150000e+001 -2.405523e+000
      vertex  3.181981e+000  3.040192e+001 -3.181981e+000
    endloop
  endfacet
  facet normal  5.936130e-001  7.002147e-001 -3.966396e-001
    outer loop
      vertex  3.181981e+000  3.040192e+001 -3.181981e+000
      vertex  2.405523e+000  3.150000e+001 -2.405523e+000
      vertex  3.142968e+000  3.150000e+001 -1.301860e+000
    endloop
  endfacet
  facet normal  5.936131e-001  7.002147e-001 -3.966395e-001
    outer loop
      vertex  3.181981e+000  3.040192e+001 -3.181981e+000
      vertex  3.142968e+000  3.150000e+001 -1.301860e+000
      vertex  4.157458e+000  3.040192e+001 -1.722075e+000
    endloop
  endfacet
  facet normal  7.002143e-001  7.002146e-001 -1.392814e-001
    outer loop
      vertex  4.157458e+000  3.040192e+001 -1.722075e+000
      vertex  3.142968e+000  3.150000e+001 -1.301860e+000
      vertex  3.401924e+000  3.150000e+001 -8.881784e-016
    endloop
  endfacet
  facet normal  7.002144e-001  7.002146e-001 -1.392813e-001
    outer loop
      vertex  4.157458e+000  3.040192e+001 -1.722075e+000
      vertex  3.401924e+000  3.150000e+001 -8.881784e-016
      vertex  4.500000e+000  3.040192e+001 -1.332268e-015
    endloop
  endfacet
  facet normal -9.485758e-001  2.541701e-001  1.886836e-001
    outer loop
      vertex -3.401924e+000  3.150000e+001  2.664535e-015
      vertex -3.142968e+000  3.150000e+001  1.301860e+000
      vertex -3.000000e+000  3.300000e+001  5.510911e-016
    endloop
  endfacet
  facet normal -8.951662e-001  3.377566e-001  2.908571e-001
    outer loop
      vertex -3.142968e+000  3.150000e+001  1.301860e+000
      vertex -2.427051e+000  3.300000e+001  1.763356e+000
      vertex -3.000000e+000  3.300000e+001  5.510911e-016
    endloop
  endfacet
  facet normal  8.951662e-001  3.377567e-001  2.908571e-001
    outer loop
      vertex  2.427051e+000  3.300000e+001  1.763356e+000
      vertex  3.142968e+000  3.150000e+001  1.301860e+000
      vertex  3.000000e+000  3.300000e+001 -8.498309e-016
    endloop
  endfacet
  facet normal  9.485758e-001  2.541702e-001  1.886836e-001
    outer loop
      vertex  3.142968e+000  3.150000e+001  1.301860e+000
      vertex  3.401924e+000  3.150000e+001 -8.881784e-016
      vertex  3.000000e+000  3.300000e+001 -8.498309e-016
    endloop
  endfacet
  facet normal  2.584769e-001  9.646482e-001  5.141427e-002
    outer loop
      vertex  4.500000e+000  3.040192e+001 -1.332268e-015
      vertex  4.157458e+000  3.040192e+001  1.722075e+000
      vertex  6.000000e+000  3.000000e+001 -2.480655e-015
    endloop
  endfacet
  facet normal  2.667089e-001  9.618527e-001  6.087456e-002
    outer loop
      vertex  4.157458e+000  3.040192e+001  1.722075e+000
      vertex  5.405813e+000  3.000000e+001  2.603302e+000
      vertex  6.000000e+000  3.000000e+001 -2.480655e-015
    endloop
  endfacet
  facet normal -2.667089e-001  9.618527e-001  6.087456e-002
    outer loop
      vertex -5.405813e+000  3.000000e+001  2.603302e+000
      vertex -4.157458e+000  3.040192e+001  1.722075e+000
      vertex -6.000000e+000  3.000000e+001 -9.888569e-008
    endloop
  endfacet
  facet normal -2.584769e-001  9.646482e-001  5.141427e-002
    outer loop
      vertex -4.157458e+000  3.040192e+001  1.722075e+000
      vertex -4.500000e+000  3.040192e+001  3.996803e-015
      vertex -6.000000e+000  3.000000e+001 -9.888569e-008
    endloop
  endfacet
  facet normal  2.115722e-001  9.670845e-001  1.413680e-001
    outer loop
      vertex  4.157458e+000  3.040192e+001  1.722075e+000
      vertex  3.181981e+000  3.040192e+001  3.181981e+000
      vertex  5.405813e+000  3.000000e+001  2.603302e+000
    endloop
  endfacet
  facet normal  1.381776e-001  9.685772e-001  2.067974e-001
    outer loop
      vertex  3.181981e+000  3.040192e+001  3.181981e+000
      vertex  1.722075e+000  3.040192e+001  4.157458e+000
      vertex  3.740939e+000  3.000000e+001  4.690989e+000
    endloop
  endfacet
  facet normal  2.189367e-001  9.599910e-001  1.745962e-001
    outer loop
      vertex  5.405813e+000  3.000000e+001  2.603302e+000
      vertex  3.181981e+000  3.040192e+001  3.181981e+000
      vertex  3.740939e+000  3.000000e+001  4.690989e+000
    endloop
  endfacet
  facet normal  4.797867e-002  9.692874e-001  2.412050e-001
    outer loop
      vertex  1.722075e+000  3.040192e+001  4.157458e+000
      vertex  3.108624e-015  3.040192e+001  4.500000e+000
      vertex  1.335126e+000  3.000000e+001  5.849567e+000
    endloop
  endfacet
  facet normal  1.232485e-001  9.588068e-001  2.559282e-001
    outer loop
      vertex  3.740939e+000  3.000000e+001  4.690989e+000
      vertex  1.722075e+000  3.040192e+001  4.157458e+000
      vertex  1.335126e+000  3.000000e+001  5.849567e+000
    endloop
  endfacet
  facet normal  5.625026e-001  2.901321e-001  7.742184e-001
    outer loop
      vertex  2.427051e+000  3.300000e+001  1.763356e+000
      vertex  9.270510e-001  3.300000e+001  2.853169e+000
      vertex  1.301860e+000  3.150000e+001  3.142968e+000
    endloop
  endfacet
  facet normal  5.247079e-001  3.286574e-001  7.852808e-001
    outer loop
      vertex  2.427051e+000  3.300000e+001  1.763356e+000
      vertex  1.301860e+000  3.150000e+001  3.142968e+000
      vertex  2.405523e+000  3.150000e+001  2.405523e+000
    endloop
  endfacet
  facet normal  8.110309e-001  2.203598e-001  5.419136e-001
    outer loop
      vertex  3.142968e+000  3.150000e+001  1.301860e+000
      vertex  2.427051e+000  3.300000e+001  1.763356e+000
      vertex  2.405523e+000  3.150000e+001  2.405523e+000
    endloop
  endfacet
  facet normal -4.797867e-002  9.692874e-001  2.412050e-001
    outer loop
      vertex  3.108624e-015  3.040192e+001  4.500000e+000
      vertex -1.722075e+000  3.040192e+001  4.157458e+000
      vertex -1.335126e+000  3.000000e+001  5.849567e+000
    endloop
  endfacet
  facet normal  0.000000e+000  9.584002e-001  2.854279e-001
    outer loop
      vertex  1.335126e+000  3.000000e+001  5.849567e+000
      vertex  3.108624e-015  3.040192e+001  4.500000e+000
      vertex -1.335126e+000  3.000000e+001  5.849567e+000
    endloop
  endfacet
  facet normal  -0.000000e+000  3.435672e-001  9.391281e-001
    outer loop
      vertex  9.270510e-001  3.300000e+001  2.853169e+000
      vertex -9.270510e-001  3.300000e+001  2.853169e+000
      vertex  2.220446e-015  3.150000e+001  3.401924e+000
    endloop
  endfacet
  facet normal  1.897793e-001  2.317486e-001  9.540842e-001
    outer loop
      vertex  1.301860e+000  3.150000e+001  3.142968e+000
      vertex  9.270510e-001  3.300000e+001  2.853169e+000
      vertex  2.220446e-015  3.150000e+001  3.401924e+000
    endloop
  endfacet
  facet normal -1.381776e-001  9.685772e-001  2.067974e-001
    outer loop
      vertex -1.722075e+000  3.040192e+001  4.157458e+000
      vertex -3.181981e+000  3.040192e+001  3.181981e+000
      vertex -3.740939e+000  3.000000e+001  4.690989e+000
    endloop
  endfacet
  facet normal -1.232485e-001  9.588068e-001  2.559282e-001
    outer loop
      vertex -1.335126e+000  3.000000e+001  5.849567e+000
      vertex -1.722075e+000  3.040192e+001  4.157458e+000
      vertex -3.740939e+000  3.000000e+001  4.690989e+000
    endloop
  endfacet
  facet normal -2.115722e-001  9.670845e-001  1.413680e-001
    outer loop
      vertex -3.181981e+000  3.040192e+001  3.181981e+000
      vertex -4.157458e+000  3.040192e+001  1.722075e+000
      vertex -5.405813e+000  3.000000e+001  2.603302e+000
    endloop
  endfacet
  facet normal -2.189367e-001  9.599910e-001  1.745962e-001
    outer loop
      vertex -3.740939e+000  3.000000e+001  4.690989e+000
      vertex -3.181981e+000  3.040192e+001  3.181981e+000
      vertex -5.405813e+000  3.000000e+001  2.603302e+000
    endloop
  endfacet
  facet normal -5.568520e-001  3.201306e-001  7.664412e-001
    outer loop
      vertex -9.270510e-001  3.300000e+001  2.853169e+000
      vertex -2.427051e+000  3.300000e+001  1.763356e+000
      vertex -2.405523e+000  3.150000e+001  2.405523e+000
    endloop
  endfacet
  facet normal -5.322188e-001  2.868739e-001  7.965216e-001
    outer loop
      vertex -9.270510e-001  3.300000e+001  2.853169e+000
      vertex -2.405523e+000  3.150000e+001  2.405523e+000
      vertex -1.301860e+000  3.150000e+001  3.142968e+000
    endloop
  endfacet
  facet normal -1.897793e-001  2.317486e-001  9.540842e-001
    outer loop
      vertex  2.220446e-015  3.150000e+001  3.401924e+000
      vertex -9.270510e-001  3.300000e+001  2.853169e+000
      vertex -1.301860e+000  3.150000e+001  3.142968e+000
    endloop
  endfacet
  facet normal -8.110309e-001  2.203598e-001  5.419136e-001
    outer loop
      vertex -2.405523e+000  3.150000e+001  2.405523e+000
      vertex -2.427051e+000  3.300000e+001  1.763356e+000
      vertex -3.142968e+000  3.150000e+001  1.301860e+000
    endloop
  endfacet
  facet normal  1.392814e-001  7.002147e-001  7.002144e-001
    outer loop
      vertex  2.220446e-015  3.150000e+001  3.401924e+000
      vertex  1.722075e+000  3.040192e+001  4.157458e+000
      vertex  1.301860e+000  3.150000e+001  3.142968e+000
    endloop
  endfacet
  facet normal  3.966395e-001  7.002147e-001  5.936131e-001
    outer loop
      vertex  1.301860e+000  3.150000e+001  3.142968e+000
      vertex  1.722075e+000  3.040192e+001  4.157458e+000
      vertex  3.181981e+000  3.040192e+001  3.181981e+000
    endloop
  endfacet
  facet normal  3.966396e-001  7.002147e-001  5.936130e-001
    outer loop
      vertex  1.301860e+000  3.150000e+001  3.142968e+000
      vertex  3.181981e+000  3.040192e+001  3.181981e+000
      vertex  2.405523e+000  3.150000e+001  2.405523e+000
    endloop
  endfacet
  facet normal  5.936131e-001  7.002147e-001  3.966395e-001
    outer loop
      vertex  2.405523e+000  3.150000e+001  2.405523e+000
      vertex  3.181981e+000  3.040192e+001  3.181981e+000
      vertex  4.157458e+000  3.040192e+001  1.722075e+000
    endloop
  endfacet
  facet normal  5.936131e-001  7.002146e-001  3.966396e-001
    outer loop
      vertex  2.405523e+000  3.150000e+001  2.405523e+000
      vertex  4.157458e+000  3.040192e+001  1.722075e+000
      vertex  3.142968e+000  3.150000e+001  1.301860e+000
    endloop
  endfacet
  facet normal  7.002144e-001  7.002147e-001  1.392814e-001
    outer loop
      vertex  3.142968e+000  3.150000e+001  1.301860e+000
      vertex  4.157458e+000  3.040192e+001  1.722075e+000
      vertex  4.500000e+000  3.040192e+001 -1.332268e-015
    endloop
  endfacet
  facet normal  7.002144e-001  7.002146e-001  1.392814e-001
    outer loop
      vertex  3.142968e+000  3.150000e+001  1.301860e+000
      vertex  4.500000e+000  3.040192e+001 -1.332268e-015
      vertex  3.401924e+000  3.150000e+001 -8.881784e-016
    endloop
  endfacet
  facet normal  1.392813e-001  7.002146e-001  7.002144e-001
    outer loop
      vertex  1.722075e+000  3.040192e+001  4.157458e+000
      vertex  2.220446e-015  3.150000e+001  3.401924e+000
      vertex  3.108624e-015  3.040192e+001  4.500000e+000
    endloop
  endfacet
  facet normal -1.392814e-001  7.002146e-001  7.002144e-001
    outer loop
      vertex  3.108624e-015  3.040192e+001  4.500000e+000
      vertex  2.220446e-015  3.150000e+001  3.401924e+000
      vertex -1.301860e+000  3.150000e+001  3.142968e+000
    endloop
  endfacet
  facet normal -1.392814e-001  7.002147e-001  7.002144e-001
    outer loop
      vertex  3.108624e-015  3.040192e+001  4.500000e+000
      vertex -1.301860e+000  3.150000e+001  3.142968e+000
      vertex -1.722075e+000  3.040192e+001  4.157458e+000
    endloop
  endfacet
  facet normal -3.966396e-001  7.002146e-001  5.936131e-001
    outer loop
      vertex -1.722075e+000  3.040192e+001  4.157458e+000
      vertex -1.301860e+000  3.150000e+001  3.142968e+000
      vertex -2.405523e+000  3.150000e+001  2.405523e+000
    endloop
  endfacet
  facet normal -3.966395e-001  7.002147e-001  5.936131e-001
    outer loop
      vertex -1.722075e+000  3.040192e+001  4.157458e+000
      vertex -2.405523e+000  3.150000e+001  2.405523e+000
      vertex -3.181981e+000  3.040192e+001  3.181981e+000
    endloop
  endfacet
  facet normal -5.936130e-001  7.002147e-001  3.966396e-001
    outer loop
      vertex -3.181981e+000  3.040192e+001  3.181981e+000
      vertex -2.405523e+000  3.150000e+001  2.405523e+000
      vertex -3.142968e+000  3.150000e+001  1.301860e+000
    endloop
  endfacet
  facet normal -5.936131e-001  7.002147e-001  3.966395e-001
    outer loop
      vertex -3.181981e+000  3.040192e+001  3.181981e+000
      vertex -3.142968e+000  3.150000e+001  1.301860e+000
      vertex -4.157458e+000  3.040192e+001  1.722075e+000
    endloop
  endfacet
  facet normal -7.002143e-001  7.002146e-001  1.392814e-001
    outer loop
      vertex -4.157458e+000  3.040192e+001  1.722075e+000
      vertex -3.142968e+000  3.150000e+001  1.301860e+000
      vertex -3.401924e+000  3.150000e+001  2.664535e-015
    endloop
  endfacet
  facet normal -7.002144e-001  7.002146e-001  1.392813e-001
    outer loop
      vertex -4.157458e+000  3.040192e+001  1.722075e+000
      vertex -3.401924e+000  3.150000e+001  2.664535e-015
      vertex -4.500000e+000  3.040192e+001  3.996803e-015
    endloop
  endfacet
  facet normal -8.223525e-001  5.646147e-001 -7.033277e-002
    outer loop
      vertex -1.437998e-001  4.350000e+001  2.094968e+000
      vertex -4.733573e-001  4.300000e+001  1.934376e+000
      vertex -5.027956e-001  4.300000e+001  2.278577e+000
    endloop
  endfacet
  facet normal -8.241587e-001  5.595227e-001 -8.773065e-002
    outer loop
      vertex -1.437998e-001  4.350000e+001  2.094968e+000
      vertex -5.027956e-001  4.300000e+001  2.278577e+000
      vertex -1.939139e-001  4.350000e+001  2.565749e+000
    endloop
  endfacet
  facet normal -7.044966e-001  6.266066e-001 -3.332399e-001
    outer loop
      vertex -5.027956e-001  4.300000e+001  2.278577e+000
      vertex -6.583493e-001  4.300000e+001  2.607431e+000
      vertex -1.939139e-001  4.350000e+001  2.565749e+000
    endloop
  endfacet
  facet normal -6.730270e-001  5.877240e-001 -4.490159e-001
    outer loop
      vertex -1.939139e-001  4.350000e+001  2.565749e+000
      vertex -6.583493e-001  4.300000e+001  2.607431e+000
      vertex -4.642631e-001  4.349456e+001  2.963859e+000
    endloop
  endfacet
  facet normal -5.432783e-001  6.206557e-001 -5.653628e-001
    outer loop
      vertex -9.173415e-001  4.300000e+001  2.856306e+000
      vertex -4.642631e-001  4.349456e+001  2.963859e+000
      vertex -6.583493e-001  4.300000e+001  2.607431e+000
    endloop
  endfacet
  facet normal -8.288619e-001  5.250867e-001  1.930592e-001
    outer loop
      vertex  2.259321e-001  4.400000e+001  2.322428e+000
      vertex  1.475656e-001  4.400000e+001  1.985977e+000
      vertex -1.437998e-001  4.350000e+001  2.094968e+000
    endloop
  endfacet
  facet normal -7.827561e-001  6.167253e-001 -8.332339e-002
    outer loop
      vertex -1.437998e-001  4.350000e+001  2.094968e+000
      vertex -1.939139e-001  4.350000e+001  2.565749e+000
      vertex  2.259321e-001  4.400000e+001  2.322428e+000
    endloop
  endfacet
  facet normal -6.761542e-001  6.418869e-001 -3.616580e-001
    outer loop
      vertex  1.020347e-002  4.400000e+001  2.999983e+000
      vertex  1.796131e-001  4.400000e+001  2.683255e+000
      vertex  5.696465e-015  4.398926e+001  3.000000e+000
    endloop
  endfacet
  facet normal -6.431691e-001  6.348758e-001 -4.280960e-001
    outer loop
      vertex -4.642631e-001  4.349456e+001  2.963859e+000
      vertex  5.696465e-015  4.398926e+001  3.000000e+000
      vertex -1.939139e-001  4.350000e+001  2.565749e+000
    endloop
  endfacet
  facet normal -6.981558e-001  6.097420e-001 -3.752241e-001
    outer loop
      vertex -1.939139e-001  4.350000e+001  2.565749e+000
      vertex  5.696465e-015  4.398926e+001  3.000000e+000
      vertex  1.796131e-001  4.400000e+001  2.683255e+000
    endloop
  endfacet
  facet normal -7.855402e-001  6.105392e-001 -1.008390e-001
    outer loop
      vertex -1.939139e-001  4.350000e+001  2.565749e+000
      vertex  1.796131e-001  4.400000e+001  2.683255e+000
      vertex  2.259321e-001  4.400000e+001  2.322428e+000
    endloop
  endfacet
  facet normal -8.757547e-001  4.306833e-001  2.180954e-001
    outer loop
      vertex -5.483491e-001  4.300000e+001  1.633250e+000
      vertex -4.733573e-001  4.300000e+001  1.934376e+000
      vertex -2.861015e-001  4.350000e+001  1.698922e+000
    endloop
  endfacet
  facet normal -8.377888e-001  4.555160e-001  3.010231e-001
    outer loop
      vertex -2.861015e-001  4.350000e+001  1.698922e+000
      vertex -4.733573e-001  4.300000e+001  1.934376e+000
      vertex -1.437998e-001  4.350000e+001  2.094968e+000
    endloop
  endfacet
  facet normal -8.448481e-001  4.405489e-001  3.035596e-001
    outer loop
      vertex -2.861015e-001  4.350000e+001  1.698922e+000
      vertex -1.437998e-001  4.350000e+001  2.094968e+000
      vertex -1.680910e-002  4.400000e+001  1.722762e+000
    endloop
  endfacet
  facet normal -7.241924e-001  5.205913e-001  4.522499e-001
    outer loop
      vertex -1.680910e-002  4.400000e+001  1.722762e+000
      vertex -1.437998e-001  4.350000e+001  2.094968e+000
      vertex  1.475656e-001  4.400000e+001  1.985977e+000
    endloop
  endfacet
  facet normal -7.603697e-001  5.646146e-001 -3.210114e-001
    outer loop
      vertex -7.841423e-001  4.250000e+001  1.947996e+000
      vertex -1.047945e+000  4.200000e+001  1.693426e+000
      vertex -1.182306e+000  4.200000e+001  2.011683e+000
    endloop
  endfacet
  facet normal -7.567114e-001  5.595227e-001 -3.381159e-001
    outer loop
      vertex -7.841423e-001  4.250000e+001  1.947996e+000
      vertex -1.182306e+000  4.200000e+001  2.011683e+000
      vertex -9.772832e-001  4.250000e+001  2.380250e+000
    endloop
  endfacet
  facet normal -5.670395e-001  6.266066e-001 -5.346311e-001
    outer loop
      vertex -1.182306e+000  4.200000e+001  2.011683e+000
      vertex -1.431868e+000  4.200000e+001  2.276373e+000
      vertex -9.772832e-001  4.250000e+001  2.380250e+000
    endloop
  endfacet
  facet normal -8.479531e-001  5.250867e-001 -7.252230e-002
    outer loop
      vertex -5.027956e-001  4.300000e+001  2.278577e+000
      vertex -4.733573e-001  4.300000e+001  1.934376e+000
      vertex -7.841423e-001  4.250000e+001  1.947996e+000
    endloop
  endfacet
  facet normal -7.186970e-001  6.167253e-001 -3.211302e-001
    outer loop
      vertex -7.841423e-001  4.250000e+001  1.947996e+000
      vertex -9.772832e-001  4.250000e+001  2.380250e+000
      vertex -5.027956e-001  4.300000e+001  2.278577e+000
    endloop
  endfacet
  facet normal -7.159321e-001  6.105392e-001 -3.386491e-001
    outer loop
      vertex -5.027956e-001  4.300000e+001  2.278577e+000
      vertex -9.772832e-001  4.250000e+001  2.380250e+000
      vertex -6.583493e-001  4.300000e+001  2.607431e+000
    endloop
  endfacet
  facet normal -9.002873e-001  4.306834e-001 -6.320182e-002
    outer loop
      vertex -1.026213e+000  4.200000e+001  1.383863e+000
      vertex -1.047945e+000  4.200000e+001  1.693426e+000
      vertex -7.970945e-001  4.250000e+001  1.527361e+000
    endloop
  endfacet
  facet normal -8.898059e-001  4.555161e-001  2.739893e-002
    outer loop
      vertex -7.970945e-001  4.250000e+001  1.527361e+000
      vertex -1.047945e+000  4.200000e+001  1.693426e+000
      vertex -7.841423e-001  4.250000e+001  1.947996e+000
    endloop
  endfacet
  facet normal -8.973034e-001  4.405489e-001  2.762979e-002
    outer loop
      vertex -7.970945e-001  4.250000e+001  1.527361e+000
      vertex -7.841423e-001  4.250000e+001  1.947996e+000
      vertex -5.483491e-001  4.300000e+001  1.633250e+000
    endloop
  endfacet
  facet normal -8.285009e-001  5.205914e-001  2.063274e-001
    outer loop
      vertex -5.483491e-001  4.300000e+001  1.633250e+000
      vertex -7.841423e-001  4.250000e+001  1.947996e+000
      vertex -4.733573e-001  4.300000e+001  1.934376e+000
    endloop
  endfacet
  facet normal -5.250216e-001  6.525633e-001 -5.463638e-001
    outer loop
      vertex -9.173415e-001  4.300000e+001  2.856306e+000
      vertex -6.583493e-001  4.300000e+001  2.607431e+000
      vertex -1.352872e+000  4.250000e+001  2.677636e+000
    endloop
  endfacet
  facet normal -4.960884e-001  6.011158e-001 -6.265430e-001
    outer loop
      vertex -1.352872e+000  4.250000e+001  2.677636e+000
      vertex -6.583493e-001  4.300000e+001  2.607431e+000
      vertex -9.772832e-001  4.250000e+001  2.380250e+000
    endloop
  endfacet
  facet normal -4.653439e-001  6.618517e-001 -5.877137e-001
    outer loop
      vertex -1.352872e+000  4.250000e+001  2.677636e+000
      vertex -9.772832e-001  4.250000e+001  2.380250e+000
      vertex -1.755091e+000  4.200000e+001  2.433034e+000
    endloop
  endfacet
  facet normal -3.767154e-001  5.039722e-001 -7.772371e-001
    outer loop
      vertex -1.755091e+000  4.200000e+001  2.433034e+000
      vertex -9.772832e-001  4.250000e+001  2.380250e+000
      vertex -1.431868e+000  4.200000e+001  2.276373e+000
    endloop
  endfacet
  facet normal -6.239564e-001  5.646146e-001 -5.402671e-001
    outer loop
      vertex -1.347728e+000  4.150000e+001  1.610341e+000
      vertex -1.519952e+000  4.100000e+001  1.286711e+000
      vertex -1.746084e+000  4.100000e+001  1.547872e+000
    endloop
  endfacet
  facet normal -6.151917e-001  5.595227e-001 -5.554039e-001
    outer loop
      vertex -1.347728e+000  4.150000e+001  1.610341e+000
      vertex -1.746084e+000  4.100000e+001  1.547872e+000
      vertex -1.664989e+000  4.150000e+001  1.961755e+000
    endloop
  endfacet
  facet normal -3.740763e-001  6.266066e-001 -6.836892e-001
    outer loop
      vertex -1.746084e+000  4.100000e+001  1.547872e+000
      vertex -2.065225e+000  4.100000e+001  1.722488e+000
      vertex -1.664989e+000  4.150000e+001  1.961755e+000
    endloop
  endfacet
  facet normal -7.840407e-001  5.250867e-001 -3.310048e-001
    outer loop
      vertex -1.182306e+000  4.200000e+001  2.011683e+000
      vertex -1.047945e+000  4.200000e+001  1.693426e+000
      vertex -1.347728e+000  4.150000e+001  1.610341e+000
    endloop
  endfacet
  facet normal -5.842868e-001  6.167251e-001 -5.275025e-001
    outer loop
      vertex -1.347728e+000  4.150000e+001  1.610341e+000
      vertex -1.664989e+000  4.150000e+001  1.961755e+000
      vertex -1.182306e+000  4.200000e+001  2.011683e+000
    endloop
  endfacet
  facet normal -5.762438e-001  6.105392e-001 -5.433093e-001
    outer loop
      vertex -1.182306e+000  4.200000e+001  2.011683e+000
      vertex -1.664989e+000  4.150000e+001  1.961755e+000
      vertex -1.431868e+000  4.200000e+001  2.276373e+000
    endloop
  endfacet
  facet normal -8.366939e-001  4.306833e-001 -3.383126e-001
    outer loop
      vertex -1.403624e+000  4.100000e+001  9.990152e-001
      vertex -1.519952e+000  4.100000e+001  1.286711e+000
      vertex -1.230062e+000  4.150000e+001  1.206291e+000
    endloop
  endfacet
  facet normal -8.547224e-001  4.555159e-001 -2.489070e-001
    outer loop
      vertex -1.230062e+000  4.150000e+001  1.206291e+000
      vertex -1.519952e+000  4.100000e+001  1.286711e+000
      vertex -1.347728e+000  4.150000e+001  1.610341e+000
    endloop
  endfacet
  facet normal -8.619244e-001  4.405488e-001 -2.510043e-001
    outer loop
      vertex -1.230062e+000  4.150000e+001  1.206291e+000
      vertex -1.347728e+000  4.150000e+001  1.610341e+000
      vertex -1.026213e+000  4.200000e+001  1.383863e+000
    endloop
  endfacet
  facet normal -8.517098e-001  5.205914e-001 -5.979160e-002
    outer loop
      vertex -1.026213e+000  4.200000e+001  1.383863e+000
      vertex -1.347728e+000  4.150000e+001  1.610341e+000
      vertex -1.047945e+000  4.200000e+001  1.693426e+000
    endloop
  endfacet
  facet normal -3.304893e-001  6.525632e-001 -6.818637e-001
    outer loop
      vertex -1.755091e+000  4.200000e+001  2.433034e+000
      vertex -1.431868e+000  4.200000e+001  2.276373e+000
      vertex -2.114093e+000  4.150000e+001  2.128523e+000
    endloop
  endfacet
  facet normal -2.781958e-001  6.011159e-001 -7.491775e-001
    outer loop
      vertex -2.114093e+000  4.150000e+001  2.128523e+000
      vertex -1.431868e+000  4.200000e+001  2.276373e+000
      vertex -1.664989e+000  4.150000e+001  1.961755e+000
    endloop
  endfacet
  facet normal -2.609549e-001  6.618519e-001 -7.027480e-001
    outer loop
      vertex -2.114093e+000  4.150000e+001  2.128523e+000
      vertex -1.664989e+000  4.150000e+001  1.961755e+000
      vertex -2.421040e+000  4.100000e+001  1.771600e+000
    endloop
  endfacet
  facet normal -1.180983e-001  5.039724e-001 -8.556078e-001
    outer loop
      vertex -2.421040e+000  4.100000e+001  1.771600e+000
      vertex -1.664989e+000  4.150000e+001  1.961755e+000
      vertex -2.065225e+000  4.100000e+001  1.722488e+000
    endloop
  endfacet
  facet normal -4.264663e-001  5.646146e-001 -7.066377e-001
    outer loop
      vertex -1.779388e+000  4.050000e+001  1.115055e+000
      vertex -1.843176e+000  4.000000e+001  7.540438e-001
      vertex -2.138943e+000  4.000000e+001  9.325439e-001
    endloop
  endfacet
  facet normal -4.134528e-001  5.595226e-001 -7.183253e-001
    outer loop
      vertex -1.779388e+000  4.050000e+001  1.115055e+000
      vertex -2.138943e+000  4.000000e+001  9.325439e-001
      vertex -2.189715e+000  4.050000e+001  1.351230e+000
    endloop
  endfacet
  facet normal -1.444962e-001  6.266065e-001 -7.658232e-001
    outer loop
      vertex -2.138943e+000  4.000000e+001  9.325439e-001
      vertex -2.496424e+000  4.000000e+001  9.999936e-001
      vertex -2.189715e+000  4.050000e+001  1.351230e+000
    endloop
  endfacet
  facet normal -6.433808e-001  5.250868e-001 -5.570861e-001
    outer loop
      vertex -1.746084e+000  4.100000e+001  1.547872e+000
      vertex -1.519952e+000  4.100000e+001  1.286711e+000
      vertex -1.779388e+000  4.050000e+001  1.115055e+000
    endloop
  endfacet
  facet normal -3.926824e-001  6.167253e-001 -6.822392e-001
    outer loop
      vertex -1.779388e+000  4.050000e+001  1.115055e+000
      vertex -2.189715e+000  4.050000e+001  1.351230e+000
      vertex -1.746084e+000  4.100000e+001  1.547872e+000
    endloop
  endfacet
  facet normal -3.801484e-001  6.105392e-001 -6.947870e-001
    outer loop
      vertex -1.746084e+000  4.100000e+001  1.547872e+000
      vertex -2.189715e+000  4.050000e+001  1.351230e+000
      vertex -2.065225e+000  4.100000e+001  1.722488e+000
    endloop
  endfacet
  facet normal -6.911986e-001  4.306833e-001 -5.803071e-001
    outer loop
      vertex -1.643638e+000  4.000000e+001  5.163763e-001
      vertex -1.843176e+000  4.000000e+001  7.540438e-001
      vertex -1.542623e+000  4.050000e+001  7.671405e-001
    endloop
  endfacet
  facet normal -7.359728e-001  4.555160e-001 -5.008485e-001
    outer loop
      vertex -1.542623e+000  4.050000e+001  7.671405e-001
      vertex -1.843176e+000  4.000000e+001  7.540438e-001
      vertex -1.779388e+000  4.050000e+001  1.115055e+000
    endloop
  endfacet
  facet normal -7.421741e-001  4.405488e-001 -5.050687e-001
    outer loop
      vertex -1.542623e+000  4.050000e+001  7.671405e-001
      vertex -1.779388e+000  4.050000e+001  1.115055e+000
      vertex -1.403624e+000  4.100000e+001  9.990152e-001
    endloop
  endfacet
  facet normal -7.915475e-001  5.205914e-001 -3.200579e-001
    outer loop
      vertex -1.403624e+000  4.100000e+001  9.990152e-001
      vertex -1.779388e+000  4.050000e+001  1.115055e+000
      vertex -1.519952e+000  4.100000e+001  1.286711e+000
    endloop
  endfacet
  facet normal -1.036067e-001  6.525633e-001 -7.506176e-001
    outer loop
      vertex -2.421040e+000  4.100000e+001  1.771600e+000
      vertex -2.065225e+000  4.100000e+001  1.722488e+000
      vertex -2.668372e+000  4.050000e+001  1.371055e+000
    endloop
  endfacet
  facet normal -3.307126e-002  6.011159e-001 -7.984773e-001
    outer loop
      vertex -2.668372e+000  4.050000e+001  1.371055e+000
      vertex -2.065225e+000  4.100000e+001  1.722488e+000
      vertex -2.189715e+000  4.050000e+001  1.351230e+000
    endloop
  endfacet
  facet normal -3.102171e-002  6.618518e-001 -7.489926e-001
    outer loop
      vertex -2.668372e+000  4.050000e+001  1.371055e+000
      vertex -2.189715e+000  4.050000e+001  1.351230e+000
      vertex -2.850000e+000  4.000000e+001  9.367497e-001
    endloop
  endfacet
  facet normal  1.520793e-001  5.039722e-001 -8.502257e-001
    outer loop
      vertex -2.850000e+000  4.000000e+001  9.367497e-001
      vertex -2.189715e+000  4.050000e+001  1.351230e+000
      vertex -2.496424e+000  4.000000e+001  9.999936e-001
    endloop
  endfacet
  facet normal  2.973742e-001  2.679951e-001  9.163772e-001
    outer loop
      vertex  1.383863e+000  3.700000e+001  1.026213e+000
      vertex -3.525532e-001  3.700000e+001  1.589699e+000
      vertex  1.206291e+000  3.650000e+001  1.230062e+000
    endloop
  endfacet
  facet normal -3.494533e-004  3.280570e-001  9.446578e-001
    outer loop
      vertex  9.990152e-001  3.600000e+001  1.403624e+000
      vertex  1.206291e+000  3.650000e+001  1.230062e+000
      vertex -8.265420e-001  3.600000e+001  1.402948e+000
    endloop
  endfacet
  facet normal  1.421403e-001 -2.464078e-001  9.586862e-001
    outer loop
      vertex -8.265420e-001  3.600000e+001  1.402948e+000
      vertex  1.206291e+000  3.650000e+001  1.230062e+000
      vertex -3.525532e-001  3.700000e+001  1.589699e+000
    endloop
  endfacet
  facet normal -3.636506e-004 -1.834100e-001  9.830365e-001
    outer loop
      vertex -8.265420e-001  3.600000e+001  1.402948e+000
      vertex -3.525532e-001  3.700000e+001  1.589699e+000
      vertex -2.652099e+000  3.600000e+001  1.402273e+000
    endloop
  endfacet
  facet normal  2.307938e-001 -6.640189e-001  7.112053e-001
    outer loop
      vertex -2.652099e+000  3.600000e+001  1.402273e+000
      vertex -3.525532e-001  3.700000e+001  1.589699e+000
      vertex -2.088970e+000  3.700000e+001  2.153185e+000
    endloop
  endfacet
  facet normal  5.659959e-001  2.679950e-001  7.796328e-001
    outer loop
      vertex  1.633250e+000  3.800000e+001  5.483491e-001
      vertex  1.559459e-001  3.800000e+001  1.620838e+000
      vertex  1.527361e+000  3.750000e+001  7.970945e-001
    endloop
  endfacet
  facet normal  2.915829e-001  3.280571e-001  8.985309e-001
    outer loop
      vertex  1.383863e+000  3.700000e+001  1.026213e+000
      vertex  1.527361e+000  3.750000e+001  7.970945e-001
      vertex -3.525532e-001  3.700000e+001  1.589699e+000
    endloop
  endfacet
  facet normal  4.314338e-001 -2.464079e-001  8.678410e-001
    outer loop
      vertex -3.525532e-001  3.700000e+001  1.589699e+000
      vertex  1.527361e+000  3.750000e+001  7.970945e-001
      vertex  1.559459e-001  3.800000e+001  1.620838e+000
    endloop
  endfacet
  facet normal  3.034291e-001 -1.834101e-001  9.350356e-001
    outer loop
      vertex -3.525532e-001  3.700000e+001  1.589699e+000
      vertex  1.559459e-001  3.800000e+001  1.620838e+000
      vertex -2.088970e+000  3.700000e+001  2.153185e+000
    endloop
  endfacet
  facet normal  4.392724e-001 -6.640190e-001  6.050772e-001
    outer loop
      vertex -2.088970e+000  3.700000e+001  2.153185e+000
      vertex  1.559459e-001  3.800000e+001  1.620838e+000
      vertex -1.321358e+000  3.800000e+001  2.693328e+000
    endloop
  endfacet
  facet normal  7.792138e-001  2.679950e-001  5.665725e-001
    outer loop
      vertex  1.722762e+000  3.900000e+001  1.680910e-002
      vertex  6.491799e-001  3.900000e+001  1.493319e+000
      vertex  1.698922e+000  3.850000e+001  2.861015e-001
    endloop
  endfacet
  facet normal  5.549733e-001  3.280570e-001  7.644497e-001
    outer loop
      vertex  1.633250e+000  3.800000e+001  5.483491e-001
      vertex  1.698922e+000  3.850000e+001  2.861015e-001
      vertex  1.559459e-001  3.800000e+001  1.620838e+000
    endloop
  endfacet
  facet normal  6.784955e-001 -2.464078e-001  6.920455e-001
    outer loop
      vertex  1.559459e-001  3.800000e+001  1.620838e+000
      vertex  1.698922e+000  3.850000e+001  2.861015e-001
      vertex  6.491799e-001  3.900000e+001  1.493319e+000
    endloop
  endfacet
  facet normal  5.775201e-001 -1.834099e-001  7.955070e-001
    outer loop
      vertex  1.559459e-001  3.800000e+001  1.620838e+000
      vertex  6.491799e-001  3.900000e+001  1.493319e+000
      vertex -1.321358e+000  3.800000e+001  2.693328e+000
    endloop
  endfacet
  facet normal  6.047521e-001 -6.640190e-001  4.397200e-001
    outer loop
      vertex -1.321358e+000  3.800000e+001  2.693328e+000
      vertex  6.491799e-001  3.900000e+001  1.493319e+000
      vertex -4.244020e-001  3.900000e+001  2.969829e+000
    endloop
  endfacet
  facet normal  7.186900e-001 -6.548415e-001  2.338105e-001
    outer loop
      vertex  3.673940e-016  3.945162e+001  3.000000e+000
      vertex  1.078868e+000  4.000000e+001  1.219623e+000
      vertex  5.140973e-001  4.000000e+001  2.955622e+000
    endloop
  endfacet
  facet normal  9.161569e-001  2.679949e-001  2.980522e-001
    outer loop
      vertex  1.643638e+000  4.000000e+001 -5.163763e-001
      vertex  1.078868e+000  4.000000e+001  1.219623e+000
      vertex  1.704181e+000  3.950000e+001 -2.528972e-001
    endloop
  endfacet
  facet normal  7.640389e-001  3.280571e-001  5.555387e-001
    outer loop
      vertex  1.722762e+000  3.900000e+001  1.680910e-002
      vertex  1.704181e+000  3.950000e+001 -2.528972e-001
      vertex  6.491799e-001  3.900000e+001  1.493319e+000
    endloop
  endfacet
  facet normal  8.591413e-001 -2.464079e-001  4.485077e-001
    outer loop
      vertex  6.491799e-001  3.900000e+001  1.493319e+000
      vertex  1.704181e+000  3.950000e+001 -2.528972e-001
      vertex  1.078868e+000  4.000000e+001  1.219623e+000
    endloop
  endfacet
  facet normal  7.950795e-001 -1.834101e-001  5.781085e-001
    outer loop
      vertex  6.491799e-001  3.900000e+001  1.493319e+000
      vertex  1.078868e+000  4.000000e+001  1.219623e+000
      vertex -4.244020e-001  3.900000e+001  2.969829e+000
    endloop
  endfacet
  facet normal  7.038325e-001 -6.759945e-001  2.182918e-001
    outer loop
      vertex -4.244020e-001  3.900000e+001  2.969829e+000
      vertex  1.078868e+000  4.000000e+001  1.219623e+000
      vertex  3.673940e-016  3.945162e+001  3.000000e+000
    endloop
  endfacet
  facet normal -1.872305e-001  5.646146e-001 -8.038377e-001
    outer loop
      vertex -2.036869e+000  3.950000e+001  5.106189e-001
      vertex -1.985977e+000  3.900000e+001  1.475656e-001
      vertex -2.322428e+000  3.900000e+001  2.259321e-001
    endloop
  endfacet
  facet normal -1.712423e-001  5.595226e-001 -8.109319e-001
    outer loop
      vertex -2.036869e+000  3.950000e+001  5.106189e-001
      vertex -2.322428e+000  3.900000e+001  2.259321e-001
      vertex -2.500095e+000  3.950000e+001  6.084371e-001
    endloop
  endfacet
  facet normal  9.922834e-002  6.266066e-001 -7.729928e-001
    outer loop
      vertex -2.322428e+000  3.900000e+001  2.259321e-001
      vertex -2.683255e+000  3.900000e+001  1.796131e-001
      vertex -2.500095e+000  3.950000e+001  6.084371e-001
    endloop
  endfacet
  facet normal -4.397426e-001  5.250867e-001 -7.286359e-001
    outer loop
      vertex -2.138943e+000  4.000000e+001  9.325439e-001
      vertex -1.843176e+000  4.000000e+001  7.540438e-001
      vertex -2.036869e+000  3.950000e+001  5.106189e-001
    endloop
  endfacet
  facet normal -1.626397e-001  6.167253e-001 -7.701936e-001
    outer loop
      vertex -2.036869e+000  3.950000e+001  5.106189e-001
      vertex -2.500095e+000  3.950000e+001  6.084371e-001
      vertex -2.138943e+000  4.000000e+001  9.325439e-001
    endloop
  endfacet
  facet normal -1.468417e-001  6.105393e-001 -7.782541e-001
    outer loop
      vertex -2.138943e+000  4.000000e+001  9.325439e-001
      vertex -2.500095e+000  3.950000e+001  6.084371e-001
      vertex -2.496424e+000  4.000000e+001  9.999936e-001
    endloop
  endfacet
  facet normal -4.780442e-001  4.306834e-001 -7.654970e-001
    outer loop
      vertex -1.722762e+000  3.900000e+001 -1.680910e-002
      vertex -1.985977e+000  3.900000e+001  1.475656e-001
      vertex -1.704181e+000  3.950000e+001  2.528972e-001
    endloop
  endfacet
  facet normal -5.451809e-001  4.555160e-001 -7.037634e-001
    outer loop
      vertex -1.704181e+000  3.950000e+001  2.528972e-001
      vertex -1.985977e+000  3.900000e+001  1.475656e-001
      vertex -2.036869e+000  3.950000e+001  5.106189e-001
    endloop
  endfacet
  facet normal -5.497746e-001  4.405488e-001 -7.096933e-001
    outer loop
      vertex -1.704181e+000  3.950000e+001  2.528972e-001
      vertex -2.036869e+000  3.950000e+001  5.106189e-001
      vertex -1.643638e+000  4.000000e+001  5.163763e-001
    endloop
  endfacet
  facet normal -6.539030e-001  5.205915e-001 -5.489950e-001
    outer loop
      vertex -1.643638e+000  4.000000e+001  5.163763e-001
      vertex -2.036869e+000  3.950000e+001  5.106189e-001
      vertex -1.843176e+000  4.000000e+001  7.540438e-001
    endloop
  endfacet
  facet normal  1.334179e-001  6.525633e-001 -7.458960e-001
    outer loop
      vertex -2.850000e+000  4.000000e+001  9.367497e-001
      vertex -2.496424e+000  4.000000e+001  9.999936e-001
      vertex -2.961452e+000  3.950000e+001  4.793785e-001
    endloop
  endfacet
  facet normal  2.152905e-001  6.011158e-001 -7.696166e-001
    outer loop
      vertex -2.961452e+000  3.950000e+001  4.793785e-001
      vertex -2.496424e+000  4.000000e+001  9.999936e-001
      vertex -2.500095e+000  3.950000e+001  6.084371e-001
    endloop
  endfacet
  facet normal  2.019481e-001  6.618517e-001 -7.219205e-001
    outer loop
      vertex -2.961452e+000  3.950000e+001  4.793785e-001
      vertex -2.500095e+000  3.950000e+001  6.084371e-001
      vertex -2.999983e+000  3.900000e+001  1.020347e-002
    endloop
  endfacet
  facet normal  4.073703e-001  5.039721e-001 -7.616176e-001
    outer loop
      vertex -2.999983e+000  3.900000e+001  1.020347e-002
      vertex -2.500095e+000  3.950000e+001  6.084371e-001
      vertex -2.683255e+000  3.900000e+001  1.796131e-001
    endloop
  endfacet
  facet normal  7.033277e-002  5.646147e-001 -8.223525e-001
    outer loop
      vertex -2.094968e+000  3.850000e+001 -1.437998e-001
      vertex -1.934376e+000  3.800000e+001 -4.733573e-001
      vertex -2.278577e+000  3.800000e+001 -5.027956e-001
    endloop
  endfacet
  facet normal  8.773065e-002  5.595227e-001 -8.241587e-001
    outer loop
      vertex -2.094968e+000  3.850000e+001 -1.437998e-001
      vertex -2.278577e+000  3.800000e+001 -5.027956e-001
      vertex -2.565749e+000  3.850000e+001 -1.939139e-001
    endloop
  endfacet
  facet normal  3.332399e-001  6.266066e-001 -7.044966e-001
    outer loop
      vertex -2.278577e+000  3.800000e+001 -5.027956e-001
      vertex -2.607431e+000  3.800000e+001 -6.583493e-001
      vertex -2.565749e+000  3.850000e+001 -1.939139e-001
    endloop
  endfacet
  facet normal -1.930592e-001  5.250867e-001 -8.288619e-001
    outer loop
      vertex -2.322428e+000  3.900000e+001  2.259321e-001
      vertex -1.985977e+000  3.900000e+001  1.475656e-001
      vertex -2.094968e+000  3.850000e+001 -1.437998e-001
    endloop
  endfacet
  facet normal  8.332339e-002  6.167253e-001 -7.827561e-001
    outer loop
      vertex -2.094968e+000  3.850000e+001 -1.437998e-001
      vertex -2.565749e+000  3.850000e+001 -1.939139e-001
      vertex -2.322428e+000  3.900000e+001  2.259321e-001
    endloop
  endfacet
  facet normal  1.008391e-001  6.105392e-001 -7.855402e-001
    outer loop
      vertex -2.322428e+000  3.900000e+001  2.259321e-001
      vertex -2.565749e+000  3.850000e+001 -1.939139e-001
      vertex -2.683255e+000  3.900000e+001  1.796131e-001
    endloop
  endfacet
  facet normal -2.180954e-001  4.306833e-001 -8.757547e-001
    outer loop
      vertex -1.633250e+000  3.800000e+001 -5.483491e-001
      vertex -1.934376e+000  3.800000e+001 -4.733573e-001
      vertex -1.698922e+000  3.850000e+001 -2.861015e-001
    endloop
  endfacet
  facet normal -3.010231e-001  4.555160e-001 -8.377888e-001
    outer loop
      vertex -1.698922e+000  3.850000e+001 -2.861015e-001
      vertex -1.934376e+000  3.800000e+001 -4.733573e-001
      vertex -2.094968e+000  3.850000e+001 -1.437998e-001
    endloop
  endfacet
  facet normal -3.035596e-001  4.405489e-001 -8.448481e-001
    outer loop
      vertex -1.698922e+000  3.850000e+001 -2.861015e-001
      vertex -2.094968e+000  3.850000e+001 -1.437998e-001
      vertex -1.722762e+000  3.900000e+001 -1.680910e-002
    endloop
  endfacet
  facet normal -4.522499e-001  5.205913e-001 -7.241924e-001
    outer loop
      vertex -1.722762e+000  3.900000e+001 -1.680910e-002
      vertex -2.094968e+000  3.850000e+001 -1.437998e-001
      vertex -1.985977e+000  3.900000e+001  1.475656e-001
    endloop
  endfacet
  facet normal  3.573826e-001  6.525633e-001 -6.681608e-001
    outer loop
      vertex -2.999983e+000  3.900000e+001  1.020347e-002
      vertex -2.683255e+000  3.900000e+001  1.796131e-001
      vertex -2.964644e+000  3.850000e+001 -4.592228e-001
    endloop
  endfacet
  facet normal  4.425781e-001  6.011159e-001 -6.654204e-001
    outer loop
      vertex -2.964644e+000  3.850000e+001 -4.592228e-001
      vertex -2.683255e+000  3.900000e+001  1.796131e-001
      vertex -2.565749e+000  3.850000e+001 -1.939139e-001
    endloop
  endfacet
  facet normal  4.151498e-001  6.618516e-001 -6.241818e-001
    outer loop
      vertex -2.964644e+000  3.850000e+001 -4.592228e-001
      vertex -2.565749e+000  3.850000e+001 -1.939139e-001
      vertex -2.856306e+000  3.800000e+001 -9.173415e-001
    endloop
  endfacet
  facet normal  6.227847e-001  5.039724e-001 -5.984572e-001
    outer loop
      vertex -2.856306e+000  3.800000e+001 -9.173415e-001
      vertex -2.565749e+000  3.850000e+001 -1.939139e-001
      vertex -2.607431e+000  3.800000e+001 -6.583493e-001
    endloop
  endfacet
  facet normal  3.210114e-001  5.646146e-001 -7.603697e-001
    outer loop
      vertex -1.947996e+000  3.750000e+001 -7.841423e-001
      vertex -1.693426e+000  3.700000e+001 -1.047945e+000
      vertex -2.011683e+000  3.700000e+001 -1.182306e+000
    endloop
  endfacet
  facet normal  3.381159e-001  5.595227e-001 -7.567114e-001
    outer loop
      vertex -1.947996e+000  3.750000e+001 -7.841423e-001
      vertex -2.011683e+000  3.700000e+001 -1.182306e+000
      vertex -2.380250e+000  3.750000e+001 -9.772832e-001
    endloop
  endfacet
  facet normal  5.346311e-001  6.266066e-001 -5.670395e-001
    outer loop
      vertex -2.011683e+000  3.700000e+001 -1.182306e+000
      vertex -2.276373e+000  3.700000e+001 -1.431868e+000
      vertex -2.380250e+000  3.750000e+001 -9.772832e-001
    endloop
  endfacet
  facet normal  7.252230e-002  5.250867e-001 -8.479531e-001
    outer loop
      vertex -2.278577e+000  3.800000e+001 -5.027956e-001
      vertex -1.934376e+000  3.800000e+001 -4.733573e-001
      vertex -1.947996e+000  3.750000e+001 -7.841423e-001
    endloop
  endfacet
  facet normal  3.211302e-001  6.167253e-001 -7.186970e-001
    outer loop
      vertex -1.947996e+000  3.750000e+001 -7.841423e-001
      vertex -2.380250e+000  3.750000e+001 -9.772832e-001
      vertex -2.278577e+000  3.800000e+001 -5.027956e-001
    endloop
  endfacet
  facet normal  3.386491e-001  6.105392e-001 -7.159321e-001
    outer loop
      vertex -2.278577e+000  3.800000e+001 -5.027956e-001
      vertex -2.380250e+000  3.750000e+001 -9.772832e-001
      vertex -2.607431e+000  3.800000e+001 -6.583493e-001
    endloop
  endfacet
  facet normal  6.320182e-002  4.306834e-001 -9.002873e-001
    outer loop
      vertex -1.383863e+000  3.700000e+001 -1.026213e+000
      vertex -1.693426e+000  3.700000e+001 -1.047945e+000
      vertex -1.527361e+000  3.750000e+001 -7.970945e-001
    endloop
  endfacet
  facet normal -2.739893e-002  4.555161e-001 -8.898059e-001
    outer loop
      vertex -1.527361e+000  3.750000e+001 -7.970945e-001
      vertex -1.693426e+000  3.700000e+001 -1.047945e+000
      vertex -1.947996e+000  3.750000e+001 -7.841423e-001
    endloop
  endfacet
  facet normal -2.762979e-002  4.405489e-001 -8.973034e-001
    outer loop
      vertex -1.527361e+000  3.750000e+001 -7.970945e-001
      vertex -1.947996e+000  3.750000e+001 -7.841423e-001
      vertex -1.633250e+000  3.800000e+001 -5.483491e-001
    endloop
  endfacet
  facet normal -2.063274e-001  5.205914e-001 -8.285009e-001
    outer loop
      vertex -1.633250e+000  3.800000e+001 -5.483491e-001
      vertex -1.947996e+000  3.750000e+001 -7.841423e-001
      vertex -1.934376e+000  3.800000e+001 -4.733573e-001
    endloop
  endfacet
  facet normal  5.463638e-001  6.525633e-001 -5.250216e-001
    outer loop
      vertex -2.856306e+000  3.800000e+001 -9.173415e-001
      vertex -2.607431e+000  3.800000e+001 -6.583493e-001
      vertex -2.677636e+000  3.750000e+001 -1.352872e+000
    endloop
  endfacet
  facet normal  6.265430e-001  6.011158e-001 -4.960884e-001
    outer loop
      vertex -2.677636e+000  3.750000e+001 -1.352872e+000
      vertex -2.607431e+000  3.800000e+001 -6.583493e-001
      vertex -2.380250e+000  3.750000e+001 -9.772832e-001
    endloop
  endfacet
  facet normal  5.877137e-001  6.618517e-001 -4.653439e-001
    outer loop
      vertex -2.677636e+000  3.750000e+001 -1.352872e+000
      vertex -2.380250e+000  3.750000e+001 -9.772832e-001
      vertex -2.433034e+000  3.700000e+001 -1.755091e+000
    endloop
  endfacet
  facet normal  7.772371e-001  5.039722e-001 -3.767154e-001
    outer loop
      vertex -2.433034e+000  3.700000e+001 -1.755091e+000
      vertex -2.380250e+000  3.750000e+001 -9.772832e-001
      vertex -2.276373e+000  3.700000e+001 -1.431868e+000
    endloop
  endfacet
  facet normal  5.402671e-001  5.646146e-001 -6.239564e-001
    outer loop
      vertex -1.610341e+000  3.650000e+001 -1.347728e+000
      vertex -1.286711e+000  3.600000e+001 -1.519952e+000
      vertex -1.547872e+000  3.600000e+001 -1.746084e+000
    endloop
  endfacet
  facet normal  5.554039e-001  5.595227e-001 -6.151917e-001
    outer loop
      vertex -1.610341e+000  3.650000e+001 -1.347728e+000
      vertex -1.547872e+000  3.600000e+001 -1.746084e+000
      vertex -1.961755e+000  3.650000e+001 -1.664989e+000
    endloop
  endfacet
  facet normal  6.836893e-001  6.266066e-001 -3.740764e-001
    outer loop
      vertex -1.547872e+000  3.600000e+001 -1.746084e+000
      vertex -1.722488e+000  3.600000e+001 -2.065225e+000
      vertex -1.961755e+000  3.650000e+001 -1.664989e+000
    endloop
  endfacet
  facet normal  3.310048e-001  5.250867e-001 -7.840407e-001
    outer loop
      vertex -2.011683e+000  3.700000e+001 -1.182306e+000
      vertex -1.693426e+000  3.700000e+001 -1.047945e+000
      vertex -1.610341e+000  3.650000e+001 -1.347728e+000
    endloop
  endfacet
  facet normal  5.275025e-001  6.167251e-001 -5.842868e-001
    outer loop
      vertex -1.610341e+000  3.650000e+001 -1.347728e+000
      vertex -1.961755e+000  3.650000e+001 -1.664989e+000
      vertex -2.011683e+000  3.700000e+001 -1.182306e+000
    endloop
  endfacet
  facet normal  5.433093e-001  6.105392e-001 -5.762438e-001
    outer loop
      vertex -2.011683e+000  3.700000e+001 -1.182306e+000
      vertex -1.961755e+000  3.650000e+001 -1.664989e+000
      vertex -2.276373e+000  3.700000e+001 -1.431868e+000
    endloop
  endfacet
  facet normal  3.383126e-001  4.306833e-001 -8.366939e-001
    outer loop
      vertex -9.990152e-001  3.600000e+001 -1.403624e+000
      vertex -1.286711e+000  3.600000e+001 -1.519952e+000
      vertex -1.206291e+000  3.650000e+001 -1.230062e+000
    endloop
  endfacet
  facet normal  2.489070e-001  4.555159e-001 -8.547224e-001
    outer loop
      vertex -1.206291e+000  3.650000e+001 -1.230062e+000
      vertex -1.286711e+000  3.600000e+001 -1.519952e+000
      vertex -1.610341e+000  3.650000e+001 -1.347728e+000
    endloop
  endfacet
  facet normal  2.510043e-001  4.405488e-001 -8.619244e-001
    outer loop
      vertex -1.206291e+000  3.650000e+001 -1.230062e+000
      vertex -1.610341e+000  3.650000e+001 -1.347728e+000
      vertex -1.383863e+000  3.700000e+001 -1.026213e+000
    endloop
  endfacet
  facet normal  5.979160e-002  5.205914e-001 -8.517098e-001
    outer loop
      vertex -1.383863e+000  3.700000e+001 -1.026213e+000
      vertex -1.610341e+000  3.650000e+001 -1.347728e+000
      vertex -1.693426e+000  3.700000e+001 -1.047945e+000
    endloop
  endfacet
  facet normal  6.818637e-001  6.525632e-001 -3.304893e-001
    outer loop
      vertex -2.433034e+000  3.700000e+001 -1.755091e+000
      vertex -2.276373e+000  3.700000e+001 -1.431868e+000
      vertex -2.128523e+000  3.650000e+001 -2.114093e+000
    endloop
  endfacet
  facet normal  7.491775e-001  6.011159e-001 -2.781958e-001
    outer loop
      vertex -2.128523e+000  3.650000e+001 -2.114093e+000
      vertex -2.276373e+000  3.700000e+001 -1.431868e+000
      vertex -1.961755e+000  3.650000e+001 -1.664989e+000
    endloop
  endfacet
  facet normal  7.027479e-001  6.618518e-001 -2.609549e-001
    outer loop
      vertex -2.128523e+000  3.650000e+001 -2.114093e+000
      vertex -1.961755e+000  3.650000e+001 -1.664989e+000
      vertex -1.771600e+000  3.600000e+001 -2.421040e+000
    endloop
  endfacet
  facet normal  8.556078e-001  5.039724e-001 -1.180983e-001
    outer loop
      vertex -1.771600e+000  3.600000e+001 -2.421040e+000
      vertex -1.961755e+000  3.650000e+001 -1.664989e+000
      vertex -1.722488e+000  3.600000e+001 -2.065225e+000
    endloop
  endfacet
  facet normal  3.315137e-001 -8.093824e-003  9.434158e-001
    outer loop
      vertex  5.140973e-001  4.000000e+001  2.955622e+000
      vertex  1.402273e+000  4.100000e+001  2.652099e+000
      vertex  9.367497e-001  4.500000e+001  2.850000e+000
    endloop
  endfacet
  facet normal  2.361701e-001  5.633545e-004  9.717115e-001
    outer loop
      vertex  5.140973e-001  4.000000e+001  2.955622e+000
      vertex  9.367497e-001  4.500000e+001  2.850000e+000
      vertex  4.793785e-001  4.450000e+001  2.961452e+000
    endloop
  endfacet
  facet normal  8.254151e-002 -6.541563e-004  9.965873e-001
    outer loop
      vertex  5.140973e-001  4.000000e+001  2.955622e+000
      vertex  4.793785e-001  4.450000e+001  2.961452e+000
      vertex  1.020347e-002  4.400000e+001  2.999983e+000
    endloop
  endfacet
  facet normal  1.180989e-002 -9.601023e-003  9.998842e-001
    outer loop
      vertex  5.140973e-001  4.000000e+001  2.955622e+000
      vertex  1.020347e-002  4.400000e+001  2.999983e+000
      vertex  5.696465e-015  4.398926e+001  3.000000e+000
    endloop
  endfacet
  facet normal  8.600152e-002 -1.010014e-016  9.962950e-001
    outer loop
      vertex  5.140973e-001  4.000000e+001  2.955622e+000
      vertex  5.696465e-015  4.398926e+001  3.000000e+000
      vertex  3.673940e-016  3.945162e+001  3.000000e+000
    endloop
  endfacet
  facet normal  6.068198e-001 -8.093866e-003  7.947983e-001
    outer loop
      vertex  2.153185e+000  4.200000e+001  2.088970e+000
      vertex  1.771600e+000  4.600000e+001  2.421040e+000
      vertex  1.402273e+000  4.100000e+001  2.652099e+000
    endloop
  endfacet
  facet normal  5.248862e-001  5.633437e-004  8.511722e-001
    outer loop
      vertex  1.402273e+000  4.100000e+001  2.652099e+000
      vertex  1.771600e+000  4.600000e+001  2.421040e+000
      vertex  1.371055e+000  4.550000e+001  2.668372e+000
    endloop
  endfacet
  facet normal  3.864640e-001 -6.541688e-004  9.223042e-001
    outer loop
      vertex  1.402273e+000  4.100000e+001  2.652099e+000
      vertex  1.371055e+000  4.550000e+001  2.668372e+000
      vertex  9.367497e-001  4.500000e+001  2.850000e+000
    endloop
  endfacet
  facet normal  8.227260e-001 -8.093852e-003  5.683807e-001
    outer loop
      vertex  2.693328e+000  4.300000e+001  1.321358e+000
      vertex  2.433034e+000  4.700000e+001  1.755091e+000
      vertex  2.153185e+000  4.200000e+001  2.088970e+000
    endloop
  endfacet
  facet normal  7.622231e-001  5.633437e-004  6.473141e-001
    outer loop
      vertex  2.153185e+000  4.200000e+001  2.088970e+000
      vertex  2.433034e+000  4.700000e+001  1.755091e+000
      vertex  2.128523e+000  4.650000e+001  2.114093e+000
    endloop
  endfacet
  facet normal  6.525571e-001 -6.541574e-004  7.577391e-001
    outer loop
      vertex  2.153185e+000  4.200000e+001  2.088970e+000
      vertex  2.128523e+000  4.650000e+001  2.114093e+000
      vertex  1.771600e+000  4.600000e+001  2.421040e+000
    endloop
  endfacet
  facet normal  9.580982e-001 -8.093819e-003  2.863256e-001
    outer loop
      vertex  2.969829e+000  4.400000e+001  4.244020e-001
      vertex  2.856306e+000  4.800000e+001  9.173415e-001
      vertex  2.693328e+000  4.300000e+001  1.321358e+000
    endloop
  endfacet
  facet normal  9.249483e-001  5.633860e-004  3.800924e-001
    outer loop
      vertex  2.693328e+000  4.300000e+001  1.321358e+000
      vertex  2.856306e+000  4.800000e+001  9.173415e-001
      vertex  2.677636e+000  4.750000e+001  1.352872e+000
    endloop
  endfacet
  facet normal  8.547730e-001 -6.541212e-004  5.190016e-001
    outer loop
      vertex  2.693328e+000  4.300000e+001  1.321358e+000
      vertex  2.677636e+000  4.750000e+001  1.352872e+000
      vertex  2.433034e+000  4.700000e+001  1.755091e+000
    endloop
  endfacet
  facet normal  9.996849e-001 -8.093819e-003 -2.375682e-002
    outer loop
      vertex  2.955622e+000  4.500000e+001 -5.140973e-001
      vertex  2.999983e+000  4.900000e+001 -1.020347e-002
      vertex  2.969829e+000  4.400000e+001  4.244020e-001
    endloop
  endfacet
  facet normal  9.971331e-001  5.634028e-004  7.566477e-002
    outer loop
      vertex  2.969829e+000  4.400000e+001  4.244020e-001
      vertex  2.999983e+000  4.900000e+001 -1.020347e-002
      vertex  2.964644e+000  4.850000e+001  4.592228e-001
    endloop
  endfacet
  facet normal  9.733178e-001 -6.541033e-004  2.294605e-001
    outer loop
      vertex  2.969829e+000  4.400000e+001  4.244020e-001
      vertex  2.964644e+000  4.850000e+001  4.592228e-001
      vertex  2.856306e+000  4.800000e+001  9.173415e-001
    endloop
  endfacet
  facet normal  9.434158e-001 -8.093823e-003 -3.315137e-001
    outer loop
      vertex  2.652099e+000  4.600000e+001 -1.402273e+000
      vertex  2.850000e+000  5.000000e+001 -9.367497e-001
      vertex  2.955622e+000  4.500000e+001 -5.140973e-001
    endloop
  endfacet
  facet normal  9.717115e-001  5.633553e-004 -2.361701e-001
    outer loop
      vertex  2.955622e+000  4.500000e+001 -5.140973e-001
      vertex  2.850000e+000  5.000000e+001 -9.367497e-001
      vertex  2.961452e+000  4.950000e+001 -4.793785e-001
    endloop
  endfacet
  facet normal  9.965873e-001 -6.541563e-004 -8.254151e-002
    outer loop
      vertex  2.955622e+000  4.500000e+001 -5.140973e-001
      vertex  2.961452e+000  4.950000e+001 -4.793785e-001
      vertex  2.999983e+000  4.900000e+001 -1.020347e-002
    endloop
  endfacet
  facet normal  7.947983e-001 -8.093866e-003 -6.068198e-001
    outer loop
      vertex  2.088970e+000  4.700000e+001 -2.153185e+000
      vertex  2.421040e+000  5.100000e+001 -1.771600e+000
      vertex  2.652099e+000  4.600000e+001 -1.402273e+000
    endloop
  endfacet
  facet normal  8.511722e-001  5.633437e-004 -5.248862e-001
    outer loop
      vertex  2.652099e+000  4.600000e+001 -1.402273e+000
      vertex  2.421040e+000  5.100000e+001 -1.771600e+000
      vertex  2.668372e+000  5.050000e+001 -1.371055e+000
    endloop
  endfacet
  facet normal  9.223042e-001 -6.541688e-004 -3.864640e-001
    outer loop
      vertex  2.652099e+000  4.600000e+001 -1.402273e+000
      vertex  2.668372e+000  5.050000e+001 -1.371055e+000
      vertex  2.850000e+000  5.000000e+001 -9.367497e-001
    endloop
  endfacet
  facet normal  5.683807e-001 -8.093852e-003 -8.227260e-001
    outer loop
      vertex  1.321358e+000  4.800000e+001 -2.693328e+000
      vertex  1.755091e+000  5.200000e+001 -2.433034e+000
      vertex  2.088970e+000  4.700000e+001 -2.153185e+000
    endloop
  endfacet
  facet normal  6.473141e-001  5.633437e-004 -7.622231e-001
    outer loop
      vertex  2.088970e+000  4.700000e+001 -2.153185e+000
      vertex  1.755091e+000  5.200000e+001 -2.433034e+000
      vertex  2.114093e+000  5.150000e+001 -2.128523e+000
    endloop
  endfacet
  facet normal  7.577391e-001 -6.541574e-004 -6.525571e-001
    outer loop
      vertex  2.088970e+000  4.700000e+001 -2.153185e+000
      vertex  2.114093e+000  5.150000e+001 -2.128523e+000
      vertex  2.421040e+000  5.100000e+001 -1.771600e+000
    endloop
  endfacet
  facet normal  2.863256e-001 -8.093819e-003 -9.580982e-001
    outer loop
      vertex  4.244020e-001  4.900000e+001 -2.969829e+000
      vertex  9.173415e-001  5.300000e+001 -2.856306e+000
      vertex  1.321358e+000  4.800000e+001 -2.693328e+000
    endloop
  endfacet
  facet normal  3.800924e-001  5.633860e-004 -9.249483e-001
    outer loop
      vertex  1.321358e+000  4.800000e+001 -2.693328e+000
      vertex  9.173415e-001  5.300000e+001 -2.856306e+000
      vertex  1.352872e+000  5.250000e+001 -2.677636e+000
    endloop
  endfacet
  facet normal  5.190016e-001 -6.541212e-004 -8.547730e-001
    outer loop
      vertex  1.321358e+000  4.800000e+001 -2.693328e+000
      vertex  1.352872e+000  5.250000e+001 -2.677636e+000
      vertex  1.755091e+000  5.200000e+001 -2.433034e+000
    endloop
  endfacet
  facet normal  7.091203e-002  3.947131e-017 -9.974826e-001
    outer loop
      vertex  2.525757e-015  4.945162e+001 -3.000000e+000
      vertex  0.000000e+000  5.398926e+001 -3.000000e+000
      vertex  4.244020e-001  4.900000e+001 -2.969829e+000
    endloop
  endfacet
  facet normal  7.827866e-002  6.299629e-004 -9.969313e-001
    outer loop
      vertex  4.244020e-001  4.900000e+001 -2.969829e+000
      vertex  0.000000e+000  5.398926e+001 -3.000000e+000
      vertex  4.642631e-001  5.349456e+001 -2.963859e+000
    endloop
  endfacet
  facet normal  2.301899e-001 -7.488916e-004 -9.731454e-001
    outer loop
      vertex  4.244020e-001  4.900000e+001 -2.969829e+000
      vertex  4.642631e-001  5.349456e+001 -2.963859e+000
      vertex  9.173415e-001  5.300000e+001 -2.856306e+000
    endloop
  endfacet
  facet normal  -0.000000e+000  1.000000e+000  0.000000e+000
    outer loop
      vertex  2.206763e+000  3.500000e+001 -2.032289e+000
      vertex -8.721969e-001  3.500000e+001 -2.010846e+000
      vertex -7.055063e-001  3.500000e+001 -1.791296e+000
    endloop
  endfacet
  facet normal  -0.000000e+000  1.000000e+000  0.000000e+000
    outer loop
      vertex  2.206763e+000  3.500000e+001 -2.032289e+000
      vertex -7.055063e-001  3.500000e+001 -1.791296e+000
      vertex -5.163763e-001  3.500000e+001 -1.643638e+000
    endloop
  endfacet
  facet normal  -0.000000e+000  1.000000e+000  0.000000e+000
    outer loop
      vertex  2.206763e+000  3.500000e+001 -2.032289e+000
      vertex -5.163763e-001  3.500000e+001 -1.643638e+000
      vertex  1.219623e+000  3.500000e+001 -1.078868e+000
    endloop
  endfacet
  facet normal  -0.000000e+000  1.000000e+000  0.000000e+000
    outer loop
      vertex  2.206763e+000  3.500000e+001 -2.032289e+000
      vertex  1.219623e+000  3.500000e+001 -1.078868e+000
      vertex  2.955622e+000  3.500000e+001 -5.140973e-001
    endloop
  endfacet
  facet normal  0.000000e+000  1.000000e+000  -0.000000e+000
    outer loop
      vertex  2.206763e+000  3.500000e+001 -2.032289e+000
      vertex  7.552456e-001  3.500000e+001 -2.903378e+000
      vertex -8.721969e-001  3.500000e+001 -2.010846e+000
    endloop
  endfacet
  facet normal  0.000000e+000  1.000000e+000  0.000000e+000
    outer loop
      vertex -8.721969e-001  3.500000e+001 -2.010846e+000
      vertex  7.552456e-001  3.500000e+001 -2.903378e+000
      vertex -9.749135e-001  3.500000e+001 -2.277416e+000
    endloop
  endfacet
  facet normal  -0.000000e+000  9.999999e-001  -0.000000e+000
    outer loop
      vertex  7.552456e-001  3.500000e+001 -2.903378e+000
      vertex -9.367497e-001  3.500000e+001 -2.850000e+000
      vertex -9.749135e-001  3.500000e+001 -2.277416e+000
    endloop
  endfacet
  facet normal  0.000000e+000  1.000000e+000  0.000000e+000
    outer loop
      vertex -9.749135e-001  3.500000e+001 -2.277416e+000
      vertex -9.367497e-001  3.500000e+001 -2.850000e+000
      vertex -9.976711e-001  3.500000e+001 -2.568191e+000
    endloop
  endfacet
  facet normal  0.000000e+000  1.000000e+000  0.000000e+000
    outer loop
      vertex -1.219623e+000  3.500000e+001  1.078868e+000
      vertex  7.055063e-001  3.500000e+001  1.791296e+000
      vertex  5.163763e-001  3.500000e+001  1.643638e+000
    endloop
  endfacet
  facet normal  0.000000e+000  1.000000e+000  0.000000e+000
    outer loop
      vertex -2.206763e+000  3.500000e+001  2.032289e+000
      vertex -7.552456e-001  3.500000e+001  2.903378e+000
      vertex  9.367497e-001  3.500000e+001  2.850000e+000
    endloop
  endfacet
  facet normal  0.000000e+000  1.000000e+000  0.000000e+000
    outer loop
      vertex -2.206763e+000  3.500000e+001  2.032289e+000
      vertex  9.367497e-001  3.500000e+001  2.850000e+000
      vertex  9.976723e-001  3.500000e+001  2.568191e+000
    endloop
  endfacet
  facet normal  0.000000e+000  1.000000e+000  0.000000e+000
    outer loop
      vertex -2.206763e+000  3.500000e+001  2.032289e+000
      vertex  9.976723e-001  3.500000e+001  2.568191e+000
      vertex  9.749135e-001  3.500000e+001  2.277416e+000
    endloop
  endfacet
  facet normal  0.000000e+000  1.000000e+000  0.000000e+000
    outer loop
      vertex -2.206763e+000  3.500000e+001  2.032289e+000
      vertex  9.749135e-001  3.500000e+001  2.277416e+000
      vertex  8.721963e-001  3.500000e+001  2.010844e+000
    endloop
  endfacet
  facet normal  0.000000e+000  1.000000e+000  0.000000e+000
    outer loop
      vertex -2.955622e+000  3.500000e+001  5.140973e-001
      vertex -2.206763e+000  3.500000e+001  2.032289e+000
      vertex  8.721963e-001  3.500000e+001  2.010844e+000
    endloop
  endfacet
  facet normal  0.000000e+000  1.000000e+000  0.000000e+000
    outer loop
      vertex -2.955622e+000  3.500000e+001  5.140973e-001
      vertex  8.721963e-001  3.500000e+001  2.010844e+000
      vertex  7.055063e-001  3.500000e+001  1.791296e+000
    endloop
  endfacet
  facet normal  0.000000e+000  1.000000e+000  0.000000e+000
    outer loop
      vertex -2.955622e+000  3.500000e+001  5.140973e-001
      vertex  7.055063e-001  3.500000e+001  1.791296e+000
      vertex -1.219623e+000  3.500000e+001  1.078868e+000
    endloop
  endfacet
  facet normal -3.563940e-004  2.679951e-001  9.634202e-001
    outer loop
      vertex  9.990152e-001  3.600000e+001  1.403624e+000
      vertex -8.265420e-001  3.600000e+001  1.402948e+000
      vertex  7.671405e-001  3.550000e+001  1.542623e+000
    endloop
  endfacet
  facet normal -2.922477e-001  3.280571e-001  8.983151e-001
    outer loop
      vertex  5.163763e-001  3.500000e+001  1.643638e+000
      vertex  7.671405e-001  3.550000e+001  1.542623e+000
      vertex -1.219623e+000  3.500000e+001  1.078868e+000
    endloop
  endfacet
  facet normal -1.610669e-001 -2.464079e-001  9.556885e-001
    outer loop
      vertex -1.219623e+000  3.500000e+001  1.078868e+000
      vertex  7.671405e-001  3.550000e+001  1.542623e+000
      vertex -8.265420e-001  3.600000e+001  1.402948e+000
    endloop
  endfacet
  facet normal -3.041209e-001 -1.834100e-001  9.348109e-001
    outer loop
      vertex -1.219623e+000  3.500000e+001  1.078868e+000
      vertex -8.265420e-001  3.600000e+001  1.402948e+000
      vertex -2.955622e+000  3.500000e+001  5.140973e-001
    endloop
  endfacet
  facet normal -2.765993e-004 -6.640190e-001  7.477157e-001
    outer loop
      vertex -2.955622e+000  3.500000e+001  5.140973e-001
      vertex -8.265420e-001  3.600000e+001  1.402948e+000
      vertex -2.652099e+000  3.600000e+001  1.402273e+000
    endloop
  endfacet
  facet normal  6.626570e-001  5.547627e-001 -5.031143e-001
    outer loop
      vertex -7.055063e-001  3.500000e+001 -1.791296e+000
      vertex -8.721969e-001  3.500000e+001 -2.010846e+000
      vertex -1.115055e+000  3.550000e+001 -1.779388e+000
    endloop
  endfacet
  facet normal  5.570861e-001  5.250868e-001 -6.433808e-001
    outer loop
      vertex -1.547872e+000  3.600000e+001 -1.746084e+000
      vertex -1.286711e+000  3.600000e+001 -1.519952e+000
      vertex -1.115055e+000  3.550000e+001 -1.779388e+000
    endloop
  endfacet
  facet normal  6.822392e-001  6.167253e-001 -3.926824e-001
    outer loop
      vertex -1.115055e+000  3.550000e+001 -1.779388e+000
      vertex -1.351230e+000  3.550000e+001 -2.189715e+000
      vertex -1.547872e+000  3.600000e+001 -1.746084e+000
    endloop
  endfacet
  facet normal  6.947870e-001  6.105392e-001 -3.801484e-001
    outer loop
      vertex -1.547872e+000  3.600000e+001 -1.746084e+000
      vertex -1.351230e+000  3.550000e+001 -2.189715e+000
      vertex -1.722488e+000  3.600000e+001 -2.065225e+000
    endloop
  endfacet
  facet normal  5.573932e-001  4.237868e-001 -7.139450e-001
    outer loop
      vertex -5.163763e-001  3.500000e+001 -1.643638e+000
      vertex -7.055063e-001  3.500000e+001 -1.791296e+000
      vertex -7.671405e-001  3.550000e+001 -1.542623e+000
    endloop
  endfacet
  facet normal  5.071005e-001  4.331118e-001 -7.451598e-001
    outer loop
      vertex -7.671405e-001  3.550000e+001 -1.542623e+000
      vertex -7.055063e-001  3.500000e+001 -1.791296e+000
      vertex -1.115055e+000  3.550000e+001 -1.779388e+000
    endloop
  endfacet
  facet normal  5.050687e-001  4.405488e-001 -7.421741e-001
    outer loop
      vertex -7.671405e-001  3.550000e+001 -1.542623e+000
      vertex -1.115055e+000  3.550000e+001 -1.779388e+000
      vertex -9.990152e-001  3.600000e+001 -1.403624e+000
    endloop
  endfacet
  facet normal  3.200579e-001  5.205914e-001 -7.915475e-001
    outer loop
      vertex -9.990152e-001  3.600000e+001 -1.403624e+000
      vertex -1.115055e+000  3.550000e+001 -1.779388e+000
      vertex -1.286711e+000  3.600000e+001 -1.519952e+000
    endloop
  endfacet
  facet normal  7.260427e-001  5.461007e-001 -4.178948e-001
    outer loop
      vertex -1.115055e+000  3.550000e+001 -1.779388e+000
      vertex -8.721969e-001  3.500000e+001 -2.010846e+000
      vertex -1.351230e+000  3.550000e+001 -2.189715e+000
    endloop
  endfacet
  facet normal  7.409971e-001  6.077811e-001 -2.855263e-001
    outer loop
      vertex -1.351230e+000  3.550000e+001 -2.189715e+000
      vertex -8.721969e-001  3.500000e+001 -2.010846e+000
      vertex -9.749135e-001  3.500000e+001 -2.277416e+000
    endloop
  endfacet
  facet normal  7.921965e-001  6.071085e-001 -6.200163e-002
    outer loop
      vertex -1.351230e+000  3.550000e+001 -2.189715e+000
      vertex -9.749135e-001  3.500000e+001 -2.277416e+000
      vertex -9.976711e-001  3.500000e+001 -2.568191e+000
    endloop
  endfacet
  facet normal  8.631909e-001  4.691272e-001  1.866043e-001
    outer loop
      vertex -9.976711e-001  3.500000e+001 -2.568191e+000
      vertex -9.367497e-001  3.500000e+001 -2.850000e+000
      vertex -1.351230e+000  3.550000e+001 -2.189715e+000
    endloop
  endfacet
  facet normal  7.489926e-001  6.618518e-001 -3.102171e-002
    outer loop
      vertex -1.351230e+000  3.550000e+001 -2.189715e+000
      vertex -9.367497e-001  3.500000e+001 -2.850000e+000
      vertex -1.371055e+000  3.550000e+001 -2.668372e+000
    endloop
  endfacet
  facet normal  7.984773e-001  6.011159e-001 -3.307126e-002
    outer loop
      vertex -1.351230e+000  3.550000e+001 -2.189715e+000
      vertex -1.371055e+000  3.550000e+001 -2.668372e+000
      vertex -1.722488e+000  3.600000e+001 -2.065225e+000
    endloop
  endfacet
  facet normal  7.506176e-001  6.525633e-001 -1.036067e-001
    outer loop
      vertex -1.722488e+000  3.600000e+001 -2.065225e+000
      vertex -1.371055e+000  3.550000e+001 -2.668372e+000
      vertex -1.771600e+000  3.600000e+001 -2.421040e+000
    endloop
  endfacet
  facet normal -6.626558e-001  5.547619e-001  5.031168e-001
    outer loop
      vertex  7.055063e-001  3.500000e+001  1.791296e+000
      vertex  8.721963e-001  3.500000e+001  2.010844e+000
      vertex  1.115055e+000  3.550000e+001  1.779388e+000
    endloop
  endfacet
  facet normal -5.570861e-001  5.250868e-001  6.433808e-001
    outer loop
      vertex  1.547872e+000  3.600000e+001  1.746084e+000
      vertex  1.286711e+000  3.600000e+001  1.519952e+000
      vertex  1.115055e+000  3.550000e+001  1.779388e+000
    endloop
  endfacet
  facet normal -6.822392e-001  6.167253e-001  3.926824e-001
    outer loop
      vertex  1.115055e+000  3.550000e+001  1.779388e+000
      vertex  1.351230e+000  3.550000e+001  2.189715e+000
      vertex  1.547872e+000  3.600000e+001  1.746084e+000
    endloop
  endfacet
  facet normal -6.947870e-001  6.105392e-001  3.801484e-001
    outer loop
      vertex  1.547872e+000  3.600000e+001  1.746084e+000
      vertex  1.351230e+000  3.550000e+001  2.189715e+000
      vertex  1.722488e+000  3.600000e+001  2.065225e+000
    endloop
  endfacet
  facet normal -5.573932e-001  4.237868e-001  7.139450e-001
    outer loop
      vertex  5.163763e-001  3.500000e+001  1.643638e+000
      vertex  7.055063e-001  3.500000e+001  1.791296e+000
      vertex  7.671405e-001  3.550000e+001  1.542623e+000
    endloop
  endfacet
  facet normal -5.071005e-001  4.331118e-001  7.451598e-001
    outer loop
      vertex  7.671405e-001  3.550000e+001  1.542623e+000
      vertex  7.055063e-001  3.500000e+001  1.791296e+000
      vertex  1.115055e+000  3.550000e+001  1.779388e+000
    endloop
  endfacet
  facet normal -5.050687e-001  4.405488e-001  7.421741e-001
    outer loop
      vertex  7.671405e-001  3.550000e+001  1.542623e+000
      vertex  1.115055e+000  3.550000e+001  1.779388e+000
      vertex  9.990152e-001  3.600000e+001  1.403624e+000
    endloop
  endfacet
  facet normal -3.200579e-001  5.205914e-001  7.915475e-001
    outer loop
      vertex  9.990152e-001  3.600000e+001  1.403624e+000
      vertex  1.115055e+000  3.550000e+001  1.779388e+000
      vertex  1.286711e+000  3.600000e+001  1.519952e+000
    endloop
  endfacet
  facet normal -7.260431e-001  5.461000e-001  4.178950e-001
    outer loop
      vertex  1.115055e+000  3.550000e+001  1.779388e+000
      vertex  8.721963e-001  3.500000e+001  2.010844e+000
      vertex  1.351230e+000  3.550000e+001  2.189715e+000
    endloop
  endfacet
  facet normal -7.409974e-001  6.077812e-001  2.855256e-001
    outer loop
      vertex  1.351230e+000  3.550000e+001  2.189715e+000
      vertex  8.721963e-001  3.500000e+001  2.010844e+000
      vertex  9.749135e-001  3.500000e+001  2.277416e+000
    endloop
  endfacet
  facet normal -7.921960e-001  6.071087e-001  6.200483e-002
    outer loop
      vertex  1.351230e+000  3.550000e+001  2.189715e+000
      vertex  9.749135e-001  3.500000e+001  2.277416e+000
      vertex  9.976723e-001  3.500000e+001  2.568191e+000
    endloop
  endfacet
  facet normal -8.631923e-001  4.691231e-001 -1.866082e-001
    outer loop
      vertex  9.976723e-001  3.500000e+001  2.568191e+000
      vertex  9.367497e-001  3.500000e+001  2.850000e+000
      vertex  1.351230e+000  3.550000e+001  2.189715e+000
    endloop
  endfacet
  facet normal -7.489926e-001  6.618518e-001  3.102171e-002
    outer loop
      vertex  1.351230e+000  3.550000e+001  2.189715e+000
      vertex  9.367497e-001  3.500000e+001  2.850000e+000
      vertex  1.371055e+000  3.550000e+001  2.668372e+000
    endloop
  endfacet
  facet normal -7.984773e-001  6.011159e-001  3.307126e-002
    outer loop
      vertex  1.351230e+000  3.550000e+001  2.189715e+000
      vertex  1.371055e+000  3.550000e+001  2.668372e+000
      vertex  1.722488e+000  3.600000e+001  2.065225e+000
    endloop
  endfacet
  facet normal -7.506176e-001  6.525633e-001  1.036067e-001
    outer loop
      vertex  1.722488e+000  3.600000e+001  2.065225e+000
      vertex  1.371055e+000  3.550000e+001  2.668372e+000
      vertex  1.771600e+000  3.600000e+001  2.421040e+000
    endloop
  endfacet
  facet normal  3.563940e-004  2.679951e-001 -9.634202e-001
    outer loop
      vertex -9.990152e-001  3.600000e+001 -1.403624e+000
      vertex  8.265420e-001  3.600000e+001 -1.402948e+000
      vertex -7.671405e-001  3.550000e+001 -1.542623e+000
    endloop
  endfacet
  facet normal  2.922477e-001  3.280571e-001 -8.983151e-001
    outer loop
      vertex -5.163763e-001  3.500000e+001 -1.643638e+000
      vertex -7.671405e-001  3.550000e+001 -1.542623e+000
      vertex  1.219623e+000  3.500000e+001 -1.078868e+000
    endloop
  endfacet
  facet normal  1.610669e-001 -2.464079e-001 -9.556885e-001
    outer loop
      vertex  1.219623e+000  3.500000e+001 -1.078868e+000
      vertex -7.671405e-001  3.550000e+001 -1.542623e+000
      vertex  8.265420e-001  3.600000e+001 -1.402948e+000
    endloop
  endfacet
  facet normal  3.041209e-001 -1.834100e-001 -9.348109e-001
    outer loop
      vertex  1.219623e+000  3.500000e+001 -1.078868e+000
      vertex  8.265420e-001  3.600000e+001 -1.402948e+000
      vertex  2.955622e+000  3.500000e+001 -5.140973e-001
    endloop
  endfacet
  facet normal  2.765993e-004 -6.640190e-001 -7.477157e-001
    outer loop
      vertex  2.955622e+000  3.500000e+001 -5.140973e-001
      vertex  8.265420e-001  3.600000e+001 -1.402948e+000
      vertex  2.652099e+000  3.600000e+001 -1.402273e+000
    endloop
  endfacet
  facet normal  7.624739e-001  1.985413e-004  6.470188e-001
    outer loop
      vertex  2.430046e+000  3.500000e+001  1.759226e+000
      vertex  2.433034e+000  3.700000e+001  1.755091e+000
      vertex  2.128523e+000  3.650000e+001  2.114093e+000
    endloop
  endfacet
  facet normal  6.804118e-001 -3.638446e-002  7.319263e-001
    outer loop
      vertex  2.430046e+000  3.500000e+001  1.759226e+000
      vertex  2.128523e+000  3.650000e+001  2.114093e+000
      vertex  1.771600e+000  3.600000e+001  2.421040e+000
    endloop
  endfacet
  facet normal  6.173269e-001 -1.091421e-001  7.790991e-001
    outer loop
      vertex  2.430046e+000  3.500000e+001  1.759226e+000
      vertex  1.771600e+000  3.600000e+001  2.421040e+000
      vertex  1.371055e+000  3.550000e+001  2.668372e+000
    endloop
  endfacet
  facet normal  5.761899e-001 -2.139418e-001  7.888182e-001
    outer loop
      vertex  2.430046e+000  3.500000e+001  1.759226e+000
      vertex  1.371055e+000  3.550000e+001  2.668372e+000
      vertex  9.367497e-001  3.500000e+001  2.850000e+000
    endloop
  endfacet
  facet normal  9.962949e-001 -6.270824e-004 -8.600151e-002
    outer loop
      vertex  3.000000e+000  3.500000e+001 -1.836970e-016
      vertex  2.955622e+000  3.500000e+001 -5.140973e-001
      vertex  2.961452e+000  3.950000e+001 -4.793785e-001
    endloop
  endfacet
  facet normal  9.966269e-001 -2.050034e-004 -8.206609e-002
    outer loop
      vertex  3.000000e+000  3.500000e+001 -1.836970e-016
      vertex  2.961452e+000  3.950000e+001 -4.793785e-001
      vertex  2.999983e+000  3.900000e+001 -1.020347e-002
    endloop
  endfacet
  facet normal  9.971626e-001  1.963580e-004  7.527603e-002
    outer loop
      vertex  3.000000e+000  3.500000e+001 -1.836970e-016
      vertex  2.999983e+000  3.900000e+001 -1.020347e-002
      vertex  2.964644e+000  3.850000e+001  4.592228e-001
    endloop
  endfacet
  facet normal  9.771993e-001 -1.788785e-002  2.115691e-001
    outer loop
      vertex  3.000000e+000  3.500000e+001 -1.836970e-016
      vertex  2.964644e+000  3.850000e+001  4.592228e-001
      vertex  2.856306e+000  3.800000e+001  9.173415e-001
    endloop
  endfacet
  facet normal  9.441249e-001 -5.418844e-002  3.251029e-001
    outer loop
      vertex  3.000000e+000  3.500000e+001 -1.836970e-016
      vertex  2.856306e+000  3.800000e+001  9.173415e-001
      vertex  2.677636e+000  3.750000e+001  1.352872e+000
    endloop
  endfacet
  facet normal  9.033765e-001 -1.080919e-001  4.150026e-001
    outer loop
      vertex  3.000000e+000  3.500000e+001 -1.836970e-016
      vertex  2.677636e+000  3.750000e+001  1.352872e+000
      vertex  2.433034e+000  3.700000e+001  1.755091e+000
    endloop
  endfacet
  facet normal  9.513186e-001 -7.840955e-004  3.082080e-001
    outer loop
      vertex  3.000000e+000  3.500000e+001 -1.836970e-016
      vertex  2.433034e+000  3.700000e+001  1.755091e+000
      vertex  2.430046e+000  3.500000e+001  1.759226e+000
    endloop
  endfacet
  facet normal  9.717115e-001  5.633553e-004 -2.361701e-001
    outer loop
      vertex  2.961452e+000  3.950000e+001 -4.793785e-001
      vertex  2.955622e+000  3.500000e+001 -5.140973e-001
      vertex  2.850000e+000  4.000000e+001 -9.367497e-001
    endloop
  endfacet
  facet normal  9.434158e-001 -8.093823e-003 -3.315137e-001
    outer loop
      vertex  2.850000e+000  4.000000e+001 -9.367497e-001
      vertex  2.955622e+000  3.500000e+001 -5.140973e-001
      vertex  2.652099e+000  3.600000e+001 -1.402273e+000
    endloop
  endfacet
  facet normal  9.223043e-001 -6.541688e-004 -3.864639e-001
    outer loop
      vertex  2.850000e+000  4.000000e+001 -9.367497e-001
      vertex  2.652099e+000  3.600000e+001 -1.402273e+000
      vertex  2.668372e+000  4.050000e+001 -1.371055e+000
    endloop
  endfacet
  facet normal  8.511722e-001  5.633437e-004 -5.248862e-001
    outer loop
      vertex  2.668372e+000  4.050000e+001 -1.371055e+000
      vertex  2.652099e+000  3.600000e+001 -1.402273e+000
      vertex  2.421040e+000  4.100000e+001 -1.771600e+000
    endloop
  endfacet
  facet normal  7.947983e-001 -8.093866e-003 -6.068198e-001
    outer loop
      vertex  2.421040e+000  4.100000e+001 -1.771600e+000
      vertex  2.652099e+000  3.600000e+001 -1.402273e+000
      vertex  2.088970e+000  3.700000e+001 -2.153185e+000
    endloop
  endfacet
  facet normal  7.577391e-001 -6.541574e-004 -6.525571e-001
    outer loop
      vertex  2.421040e+000  4.100000e+001 -1.771600e+000
      vertex  2.088970e+000  3.700000e+001 -2.153185e+000
      vertex  2.114093e+000  4.150000e+001 -2.128523e+000
    endloop
  endfacet
  facet normal  6.473141e-001  5.633437e-004 -7.622231e-001
    outer loop
      vertex  2.114093e+000  4.150000e+001 -2.128523e+000
      vertex  2.088970e+000  3.700000e+001 -2.153185e+000
      vertex  1.755091e+000  4.200000e+001 -2.433034e+000
    endloop
  endfacet
  facet normal  5.683807e-001 -8.093852e-003 -8.227260e-001
    outer loop
      vertex  1.755091e+000  4.200000e+001 -2.433034e+000
      vertex  2.088970e+000  3.700000e+001 -2.153185e+000
      vertex  1.321358e+000  3.800000e+001 -2.693328e+000
    endloop
  endfacet
  facet normal  5.190016e-001 -6.541210e-004 -8.547730e-001
    outer loop
      vertex  1.755091e+000  4.200000e+001 -2.433034e+000
      vertex  1.321358e+000  3.800000e+001 -2.693328e+000
      vertex  1.352872e+000  4.250000e+001 -2.677636e+000
    endloop
  endfacet
  facet normal  3.800924e-001  5.633860e-004 -9.249483e-001
    outer loop
      vertex  1.352872e+000  4.250000e+001 -2.677636e+000
      vertex  1.321358e+000  3.800000e+001 -2.693328e+000
      vertex  9.173415e-001  4.300000e+001 -2.856306e+000
    endloop
  endfacet
  facet normal  2.863256e-001 -8.093819e-003 -9.580982e-001
    outer loop
      vertex  9.173415e-001  4.300000e+001 -2.856306e+000
      vertex  1.321358e+000  3.800000e+001 -2.693328e+000
      vertex  4.244020e-001  3.900000e+001 -2.969829e+000
    endloop
  endfacet
  facet normal  2.301899e-001 -7.488914e-004 -9.731454e-001
    outer loop
      vertex  9.173415e-001  4.300000e+001 -2.856306e+000
      vertex  4.244020e-001  3.900000e+001 -2.969829e+000
      vertex  4.642631e-001  4.349456e+001 -2.963859e+000
    endloop
  endfacet
  facet normal  7.164200e-002  6.894840e-004 -9.974301e-001
    outer loop
      vertex  4.244020e-001  3.900000e+001 -2.969829e+000
      vertex  6.383782e-016  3.945162e+001 -3.000000e+000
      vertex  4.642631e-001  4.349456e+001 -2.963859e+000
    endloop
  endfacet
  facet normal  7.761148e-002  0.000000e+000 -9.969836e-001
    outer loop
      vertex  4.642631e-001  4.349456e+001 -2.963859e+000
      vertex  6.383782e-016  3.945162e+001 -3.000000e+000
      vertex -7.347881e-016  4.398926e+001 -3.000000e+000
    endloop
  endfacet
  facet normal -6.900796e-006  8.660288e-001  4.999940e-001
    outer loop
      vertex -1.929770e+000  5.967004e+001  5.715070e-001
      vertex -2.412656e+000  5.960350e+001  6.867656e-001
      vertex -2.179067e+000  5.880954e+001  2.061958e+000
    endloop
  endfacet
  facet normal -2.641905e-006  8.660292e-001  4.999936e-001
    outer loop
      vertex -2.936536e+000  5.964562e+001  6.138043e-001
      vertex -2.179067e+000  5.880954e+001  2.061958e+000
      vertex -2.412656e+000  5.960350e+001  6.867656e-001
    endloop
  endfacet
  facet normal -7.054635e-007  8.660255e-001  4.999999e-001
    outer loop
      vertex  4.755963e-001  5.900000e+001  1.732051e+000
      vertex  1.475646e+000  6.000000e+001 -2.442491e-014
      vertex -1.001934e+000  5.836740e+001  2.827743e+000
    endloop
  endfacet
  facet normal  0.000000e+000  8.660253e-001  5.000002e-001
    outer loop
      vertex -1.001934e+000  5.836740e+001  2.827743e+000
      vertex  1.475646e+000  6.000000e+001 -2.442491e-014
      vertex -1.475646e+000  6.000000e+001  1.953993e-014
    endloop
  endfacet
  facet normal  1.329698e-005  8.660262e-001  4.999985e-001
    outer loop
      vertex -1.001934e+000  5.836740e+001  2.827743e+000
      vertex -1.475646e+000  6.000000e+001  1.953993e-014
      vertex -2.179067e+000  5.880954e+001  2.061958e+000
    endloop
  endfacet
  facet normal -1.753348e-005  8.660310e-001  4.999903e-001
    outer loop
      vertex -2.179067e+000  5.880954e+001  2.061958e+000
      vertex -1.475646e+000  6.000000e+001  1.953993e-014
      vertex -1.676593e+000  5.977107e+001  3.965170e-001
    endloop
  endfacet
  facet normal  2.668177e-006  8.660282e-001  4.999953e-001
    outer loop
      vertex -2.179067e+000  5.880954e+001  2.061958e+000
      vertex -1.676593e+000  5.977107e+001  3.965170e-001
      vertex -1.929770e+000  5.967004e+001  5.715070e-001
    endloop
  endfacet
  facet normal -2.413701e-005  8.660279e-001 -4.999957e-001
    outer loop
      vertex  2.050823e+000  5.964194e+001 -6.201931e-001
      vertex  1.001934e+000  5.836740e+001 -2.827743e+000
      vertex  1.676593e+000  5.977107e+001 -3.965170e-001
    endloop
  endfacet
  facet normal -5.598446e-006  8.660257e-001 -4.999995e-001
    outer loop
      vertex  1.001934e+000  5.836740e+001 -2.827743e+000
      vertex  1.475646e+000  6.000000e+001 -2.442491e-014
      vertex  1.676593e+000  5.977107e+001 -3.965170e-001
    endloop
  endfacet
  facet normal  7.173423e-005  8.660163e-001 -5.000159e-001
    outer loop
      vertex  2.309807e+000  5.889476e+001 -1.914364e+000
      vertex  2.703203e+000  5.961251e+001 -6.711797e-001
      vertex  2.936536e+000  5.964562e+001 -6.138043e-001
    endloop
  endfacet
  facet normal -7.448406e-015  8.660253e-001 -5.000002e-001
    outer loop
      vertex -1.475646e+000  6.000000e+001  1.953993e-014
      vertex  1.475646e+000  6.000000e+001 -2.442491e-014
      vertex  1.001934e+000  5.836740e+001 -2.827743e+000
    endloop
  endfacet
  facet normal  2.257484e-006  8.660261e-001 -4.999987e-001
    outer loop
      vertex -1.475646e+000  6.000000e+001  1.953993e-014
      vertex  1.001934e+000  5.836740e+001 -2.827743e+000
      vertex -4.755952e-001  5.900000e+001 -1.732052e+000
    endloop
  endfacet
  facet normal  2.944856e-005  8.660328e-001 -4.999871e-001
    outer loop
      vertex -1.475646e+000  6.000000e+001  1.953993e-014
      vertex -4.755952e-001  5.900000e+001 -1.732052e+000
      vertex -1.135108e+000  5.950162e+001 -8.632339e-001
    endloop
  endfacet
  facet normal -2.523302e-005  8.660296e-001 -4.999928e-001
    outer loop
      vertex  2.703203e+000  5.961251e+001 -6.711797e-001
      vertex  2.309807e+000  5.889476e+001 -1.914364e+000
      vertex  2.371609e+000  5.960496e+001 -6.842390e-001
    endloop
  endfacet
  facet normal -1.948529e-005  8.660294e-001 -4.999930e-001
    outer loop
      vertex  2.371609e+000  5.960496e+001 -6.842390e-001
      vertex  2.309807e+000  5.889476e+001 -1.914364e+000
      vertex  1.001934e+000  5.836740e+001 -2.827743e+000
    endloop
  endfacet
  facet normal  1.517953e-005  8.660199e-001 -5.000096e-001
    outer loop
      vertex  2.371609e+000  5.960496e+001 -6.842390e-001
      vertex  1.001934e+000  5.836740e+001 -2.827743e+000
      vertex  2.050823e+000  5.964194e+001 -6.201931e-001
    endloop
  endfacet
  facet normal -5.402671e-001  5.646146e-001  6.239564e-001
    outer loop
      vertex  1.610341e+000  3.650000e+001  1.347728e+000
      vertex  1.286711e+000  3.600000e+001  1.519952e+000
      vertex  1.547872e+000  3.600000e+001  1.746084e+000
    endloop
  endfacet
  facet normal -5.554039e-001  5.595227e-001  6.151917e-001
    outer loop
      vertex  1.610341e+000  3.650000e+001  1.347728e+000
      vertex  1.547872e+000  3.600000e+001  1.746084e+000
      vertex  1.961755e+000  3.650000e+001  1.664989e+000
    endloop
  endfacet
  facet normal -6.836893e-001  6.266066e-001  3.740764e-001
    outer loop
      vertex  1.547872e+000  3.600000e+001  1.746084e+000
      vertex  1.722488e+000  3.600000e+001  2.065225e+000
      vertex  1.961755e+000  3.650000e+001  1.664989e+000
    endloop
  endfacet
  facet normal -3.310048e-001  5.250867e-001  7.840407e-001
    outer loop
      vertex  2.011683e+000  3.700000e+001  1.182306e+000
      vertex  1.693426e+000  3.700000e+001  1.047945e+000
      vertex  1.610341e+000  3.650000e+001  1.347728e+000
    endloop
  endfacet
  facet normal -5.275025e-001  6.167251e-001  5.842868e-001
    outer loop
      vertex  1.610341e+000  3.650000e+001  1.347728e+000
      vertex  1.961755e+000  3.650000e+001  1.664989e+000
      vertex  2.011683e+000  3.700000e+001  1.182306e+000
    endloop
  endfacet
  facet normal -5.433093e-001  6.105392e-001  5.762438e-001
    outer loop
      vertex  2.011683e+000  3.700000e+001  1.182306e+000
      vertex  1.961755e+000  3.650000e+001  1.664989e+000
      vertex  2.276373e+000  3.700000e+001  1.431868e+000
    endloop
  endfacet
  facet normal -3.383126e-001  4.306833e-001  8.366939e-001
    outer loop
      vertex  9.990152e-001  3.600000e+001  1.403624e+000
      vertex  1.286711e+000  3.600000e+001  1.519952e+000
      vertex  1.206291e+000  3.650000e+001  1.230062e+000
    endloop
  endfacet
  facet normal -2.489070e-001  4.555159e-001  8.547224e-001
    outer loop
      vertex  1.206291e+000  3.650000e+001  1.230062e+000
      vertex  1.286711e+000  3.600000e+001  1.519952e+000
      vertex  1.610341e+000  3.650000e+001  1.347728e+000
    endloop
  endfacet
  facet normal -2.510043e-001  4.405488e-001  8.619244e-001
    outer loop
      vertex  1.206291e+000  3.650000e+001  1.230062e+000
      vertex  1.610341e+000  3.650000e+001  1.347728e+000
      vertex  1.383863e+000  3.700000e+001  1.026213e+000
    endloop
  endfacet
  facet normal -5.979160e-002  5.205914e-001  8.517098e-001
    outer loop
      vertex  1.383863e+000  3.700000e+001  1.026213e+000
      vertex  1.610341e+000  3.650000e+001  1.347728e+000
      vertex  1.693426e+000  3.700000e+001  1.047945e+000
    endloop
  endfacet
  facet normal -6.818637e-001  6.525632e-001  3.304893e-001
    outer loop
      vertex  2.433034e+000  3.700000e+001  1.755091e+000
      vertex  2.276373e+000  3.700000e+001  1.431868e+000
      vertex  2.128523e+000  3.650000e+001  2.114093e+000
    endloop
  endfacet
  facet normal -7.491775e-001  6.011159e-001  2.781958e-001
    outer loop
      vertex  2.128523e+000  3.650000e+001  2.114093e+000
      vertex  2.276373e+000  3.700000e+001  1.431868e+000
      vertex  1.961755e+000  3.650000e+001  1.664989e+000
    endloop
  endfacet
  facet normal -7.027479e-001  6.618518e-001  2.609549e-001
    outer loop
      vertex  2.128523e+000  3.650000e+001  2.114093e+000
      vertex  1.961755e+000  3.650000e+001  1.664989e+000
      vertex  1.771600e+000  3.600000e+001  2.421040e+000
    endloop
  endfacet
  facet normal -8.556078e-001  5.039724e-001  1.180983e-001
    outer loop
      vertex  1.771600e+000  3.600000e+001  2.421040e+000
      vertex  1.961755e+000  3.650000e+001  1.664989e+000
      vertex  1.722488e+000  3.600000e+001  2.065225e+000
    endloop
  endfacet
  facet normal -3.210114e-001  5.646146e-001  7.603697e-001
    outer loop
      vertex  1.947996e+000  3.750000e+001  7.841423e-001
      vertex  1.693426e+000  3.700000e+001  1.047945e+000
      vertex  2.011683e+000  3.700000e+001  1.182306e+000
    endloop
  endfacet
  facet normal -3.381159e-001  5.595227e-001  7.567114e-001
    outer loop
      vertex  1.947996e+000  3.750000e+001  7.841423e-001
      vertex  2.011683e+000  3.700000e+001  1.182306e+000
      vertex  2.380250e+000  3.750000e+001  9.772832e-001
    endloop
  endfacet
  facet normal -5.346311e-001  6.266066e-001  5.670395e-001
    outer loop
      vertex  2.011683e+000  3.700000e+001  1.182306e+000
      vertex  2.276373e+000  3.700000e+001  1.431868e+000
      vertex  2.380250e+000  3.750000e+001  9.772832e-001
    endloop
  endfacet
  facet normal -7.252230e-002  5.250867e-001  8.479531e-001
    outer loop
      vertex  2.278577e+000  3.800000e+001  5.027956e-001
      vertex  1.934376e+000  3.800000e+001  4.733573e-001
      vertex  1.947996e+000  3.750000e+001  7.841423e-001
    endloop
  endfacet
  facet normal -3.211302e-001  6.167253e-001  7.186970e-001
    outer loop
      vertex  1.947996e+000  3.750000e+001  7.841423e-001
      vertex  2.380250e+000  3.750000e+001  9.772832e-001
      vertex  2.278577e+000  3.800000e+001  5.027956e-001
    endloop
  endfacet
  facet normal -3.386491e-001  6.105392e-001  7.159321e-001
    outer loop
      vertex  2.278577e+000  3.800000e+001  5.027956e-001
      vertex  2.380250e+000  3.750000e+001  9.772832e-001
      vertex  2.607431e+000  3.800000e+001  6.583493e-001
    endloop
  endfacet
  facet normal -6.320182e-002  4.306834e-001  9.002873e-001
    outer loop
      vertex  1.383863e+000  3.700000e+001  1.026213e+000
      vertex  1.693426e+000  3.700000e+001  1.047945e+000
      vertex  1.527361e+000  3.750000e+001  7.970945e-001
    endloop
  endfacet
  facet normal  2.739893e-002  4.555161e-001  8.898059e-001
    outer loop
      vertex  1.527361e+000  3.750000e+001  7.970945e-001
      vertex  1.693426e+000  3.700000e+001  1.047945e+000
      vertex  1.947996e+000  3.750000e+001  7.841423e-001
    endloop
  endfacet
  facet normal  2.762979e-002  4.405489e-001  8.973034e-001
    outer loop
      vertex  1.527361e+000  3.750000e+001  7.970945e-001
      vertex  1.947996e+000  3.750000e+001  7.841423e-001
      vertex  1.633250e+000  3.800000e+001  5.483491e-001
    endloop
  endfacet
  facet normal  2.063274e-001  5.205914e-001  8.285009e-001
    outer loop
      vertex  1.633250e+000  3.800000e+001  5.483491e-001
      vertex  1.947996e+000  3.750000e+001  7.841423e-001
      vertex  1.934376e+000  3.800000e+001  4.733573e-001
    endloop
  endfacet
  facet normal -5.463638e-001  6.525633e-001  5.250216e-001
    outer loop
      vertex  2.856306e+000  3.800000e+001  9.173415e-001
      vertex  2.607431e+000  3.800000e+001  6.583493e-001
      vertex  2.677636e+000  3.750000e+001  1.352872e+000
    endloop
  endfacet
  facet normal -6.265430e-001  6.011158e-001  4.960884e-001
    outer loop
      vertex  2.677636e+000  3.750000e+001  1.352872e+000
      vertex  2.607431e+000  3.800000e+001  6.583493e-001
      vertex  2.380250e+000  3.750000e+001  9.772832e-001
    endloop
  endfacet
  facet normal -5.877137e-001  6.618517e-001  4.653439e-001
    outer loop
      vertex  2.677636e+000  3.750000e+001  1.352872e+000
      vertex  2.380250e+000  3.750000e+001  9.772832e-001
      vertex  2.433034e+000  3.700000e+001  1.755091e+000
    endloop
  endfacet
  facet normal -7.772371e-001  5.039722e-001  3.767154e-001
    outer loop
      vertex  2.433034e+000  3.700000e+001  1.755091e+000
      vertex  2.380250e+000  3.750000e+001  9.772832e-001
      vertex  2.276373e+000  3.700000e+001  1.431868e+000
    endloop
  endfacet
  facet normal -7.033277e-002  5.646147e-001  8.223525e-001
    outer loop
      vertex  2.094968e+000  3.850000e+001  1.437998e-001
      vertex  1.934376e+000  3.800000e+001  4.733573e-001
      vertex  2.278577e+000  3.800000e+001  5.027956e-001
    endloop
  endfacet
  facet normal -8.773065e-002  5.595227e-001  8.241587e-001
    outer loop
      vertex  2.094968e+000  3.850000e+001  1.437998e-001
      vertex  2.278577e+000  3.800000e+001  5.027956e-001
      vertex  2.565749e+000  3.850000e+001  1.939139e-001
    endloop
  endfacet
  facet normal -3.332399e-001  6.266066e-001  7.044966e-001
    outer loop
      vertex  2.278577e+000  3.800000e+001  5.027956e-001
      vertex  2.607431e+000  3.800000e+001  6.583493e-001
      vertex  2.565749e+000  3.850000e+001  1.939139e-001
    endloop
  endfacet
  facet normal  1.930592e-001  5.250867e-001  8.288619e-001
    outer loop
      vertex  2.322428e+000  3.900000e+001 -2.259321e-001
      vertex  1.985977e+000  3.900000e+001 -1.475656e-001
      vertex  2.094968e+000  3.850000e+001  1.437998e-001
    endloop
  endfacet
  facet normal -8.332339e-002  6.167253e-001  7.827561e-001
    outer loop
      vertex  2.094968e+000  3.850000e+001  1.437998e-001
      vertex  2.565749e+000  3.850000e+001  1.939139e-001
      vertex  2.322428e+000  3.900000e+001 -2.259321e-001
    endloop
  endfacet
  facet normal -1.008391e-001  6.105392e-001  7.855402e-001
    outer loop
      vertex  2.322428e+000  3.900000e+001 -2.259321e-001
      vertex  2.565749e+000  3.850000e+001  1.939139e-001
      vertex  2.683255e+000  3.900000e+001 -1.796131e-001
    endloop
  endfacet
  facet normal  2.180954e-001  4.306833e-001  8.757547e-001
    outer loop
      vertex  1.633250e+000  3.800000e+001  5.483491e-001
      vertex  1.934376e+000  3.800000e+001  4.733573e-001
      vertex  1.698922e+000  3.850000e+001  2.861015e-001
    endloop
  endfacet
  facet normal  3.010231e-001  4.555160e-001  8.377888e-001
    outer loop
      vertex  1.698922e+000  3.850000e+001  2.861015e-001
      vertex  1.934376e+000  3.800000e+001  4.733573e-001
      vertex  2.094968e+000  3.850000e+001  1.437998e-001
    endloop
  endfacet
  facet normal  3.035596e-001  4.405489e-001  8.448481e-001
    outer loop
      vertex  1.698922e+000  3.850000e+001  2.861015e-001
      vertex  2.094968e+000  3.850000e+001  1.437998e-001
      vertex  1.722762e+000  3.900000e+001  1.680910e-002
    endloop
  endfacet
  facet normal  4.522499e-001  5.205913e-001  7.241924e-001
    outer loop
      vertex  1.722762e+000  3.900000e+001  1.680910e-002
      vertex  2.094968e+000  3.850000e+001  1.437998e-001
      vertex  1.985977e+000  3.900000e+001 -1.475656e-001
    endloop
  endfacet
  facet normal -3.573826e-001  6.525633e-001  6.681608e-001
    outer loop
      vertex  2.999983e+000  3.900000e+001 -1.020347e-002
      vertex  2.683255e+000  3.900000e+001 -1.796131e-001
      vertex  2.964644e+000  3.850000e+001  4.592228e-001
    endloop
  endfacet
  facet normal -4.425781e-001  6.011159e-001  6.654204e-001
    outer loop
      vertex  2.964644e+000  3.850000e+001  4.592228e-001
      vertex  2.683255e+000  3.900000e+001 -1.796131e-001
      vertex  2.565749e+000  3.850000e+001  1.939139e-001
    endloop
  endfacet
  facet normal -4.151498e-001  6.618516e-001  6.241818e-001
    outer loop
      vertex  2.964644e+000  3.850000e+001  4.592228e-001
      vertex  2.565749e+000  3.850000e+001  1.939139e-001
      vertex  2.856306e+000  3.800000e+001  9.173415e-001
    endloop
  endfacet
  facet normal -6.227847e-001  5.039724e-001  5.984572e-001
    outer loop
      vertex  2.856306e+000  3.800000e+001  9.173415e-001
      vertex  2.565749e+000  3.850000e+001  1.939139e-001
      vertex  2.607431e+000  3.800000e+001  6.583493e-001
    endloop
  endfacet
  facet normal  1.872305e-001  5.646146e-001  8.038377e-001
    outer loop
      vertex  2.036869e+000  3.950000e+001 -5.106189e-001
      vertex  1.985977e+000  3.900000e+001 -1.475656e-001
      vertex  2.322428e+000  3.900000e+001 -2.259321e-001
    endloop
  endfacet
  facet normal  1.712423e-001  5.595226e-001  8.109319e-001
    outer loop
      vertex  2.036869e+000  3.950000e+001 -5.106189e-001
      vertex  2.322428e+000  3.900000e+001 -2.259321e-001
      vertex  2.500095e+000  3.950000e+001 -6.084371e-001
    endloop
  endfacet
  facet normal -9.922834e-002  6.266066e-001  7.729928e-001
    outer loop
      vertex  2.322428e+000  3.900000e+001 -2.259321e-001
      vertex  2.683255e+000  3.900000e+001 -1.796131e-001
      vertex  2.500095e+000  3.950000e+001 -6.084371e-001
    endloop
  endfacet
  facet normal  4.397426e-001  5.250867e-001  7.286359e-001
    outer loop
      vertex  2.138943e+000  4.000000e+001 -9.325439e-001
      vertex  1.843176e+000  4.000000e+001 -7.540438e-001
      vertex  2.036869e+000  3.950000e+001 -5.106189e-001
    endloop
  endfacet
  facet normal  1.626397e-001  6.167253e-001  7.701936e-001
    outer loop
      vertex  2.036869e+000  3.950000e+001 -5.106189e-001
      vertex  2.500095e+000  3.950000e+001 -6.084371e-001
      vertex  2.138943e+000  4.000000e+001 -9.325439e-001
    endloop
  endfacet
  facet normal  1.468417e-001  6.105393e-001  7.782541e-001
    outer loop
      vertex  2.138943e+000  4.000000e+001 -9.325439e-001
      vertex  2.500095e+000  3.950000e+001 -6.084371e-001
      vertex  2.496424e+000  4.000000e+001 -9.999936e-001
    endloop
  endfacet
  facet normal  4.780442e-001  4.306834e-001  7.654970e-001
    outer loop
      vertex  1.722762e+000  3.900000e+001  1.680910e-002
      vertex  1.985977e+000  3.900000e+001 -1.475656e-001
      vertex  1.704181e+000  3.950000e+001 -2.528972e-001
    endloop
  endfacet
  facet normal  5.451809e-001  4.555160e-001  7.037634e-001
    outer loop
      vertex  1.704181e+000  3.950000e+001 -2.528972e-001
      vertex  1.985977e+000  3.900000e+001 -1.475656e-001
      vertex  2.036869e+000  3.950000e+001 -5.106189e-001
    endloop
  endfacet
  facet normal  5.497746e-001  4.405488e-001  7.096933e-001
    outer loop
      vertex  1.704181e+000  3.950000e+001 -2.528972e-001
      vertex  2.036869e+000  3.950000e+001 -5.106189e-001
      vertex  1.643638e+000  4.000000e+001 -5.163763e-001
    endloop
  endfacet
  facet normal  6.539030e-001  5.205915e-001  5.489950e-001
    outer loop
      vertex  1.643638e+000  4.000000e+001 -5.163763e-001
      vertex  2.036869e+000  3.950000e+001 -5.106189e-001
      vertex  1.843176e+000  4.000000e+001 -7.540438e-001
    endloop
  endfacet
  facet normal -1.334179e-001  6.525633e-001  7.458960e-001
    outer loop
      vertex  2.850000e+000  4.000000e+001 -9.367497e-001
      vertex  2.496424e+000  4.000000e+001 -9.999936e-001
      vertex  2.961452e+000  3.950000e+001 -4.793785e-001
    endloop
  endfacet
  facet normal -2.152905e-001  6.011158e-001  7.696166e-001
    outer loop
      vertex  2.961452e+000  3.950000e+001 -4.793785e-001
      vertex  2.496424e+000  4.000000e+001 -9.999936e-001
      vertex  2.500095e+000  3.950000e+001 -6.084371e-001
    endloop
  endfacet
  facet normal -2.019481e-001  6.618517e-001  7.219205e-001
    outer loop
      vertex  2.961452e+000  3.950000e+001 -4.793785e-001
      vertex  2.500095e+000  3.950000e+001 -6.084371e-001
      vertex  2.999983e+000  3.900000e+001 -1.020347e-002
    endloop
  endfacet
  facet normal -4.073703e-001  5.039721e-001  7.616176e-001
    outer loop
      vertex  2.999983e+000  3.900000e+001 -1.020347e-002
      vertex  2.500095e+000  3.950000e+001 -6.084371e-001
      vertex  2.683255e+000  3.900000e+001 -1.796131e-001
    endloop
  endfacet
  facet normal  4.264663e-001  5.646146e-001  7.066377e-001
    outer loop
      vertex  1.779388e+000  4.050000e+001 -1.115055e+000
      vertex  1.843176e+000  4.000000e+001 -7.540438e-001
      vertex  2.138943e+000  4.000000e+001 -9.325439e-001
    endloop
  endfacet
  facet normal  4.134528e-001  5.595226e-001  7.183253e-001
    outer loop
      vertex  1.779388e+000  4.050000e+001 -1.115055e+000
      vertex  2.138943e+000  4.000000e+001 -9.325439e-001
      vertex  2.189715e+000  4.050000e+001 -1.351230e+000
    endloop
  endfacet
  facet normal  1.444962e-001  6.266065e-001  7.658232e-001
    outer loop
      vertex  2.138943e+000  4.000000e+001 -9.325439e-001
      vertex  2.496424e+000  4.000000e+001 -9.999936e-001
      vertex  2.189715e+000  4.050000e+001 -1.351230e+000
    endloop
  endfacet
  facet normal  6.433808e-001  5.250868e-001  5.570861e-001
    outer loop
      vertex  1.746084e+000  4.100000e+001 -1.547872e+000
      vertex  1.519952e+000  4.100000e+001 -1.286711e+000
      vertex  1.779388e+000  4.050000e+001 -1.115055e+000
    endloop
  endfacet
  facet normal  3.926824e-001  6.167253e-001  6.822392e-001
    outer loop
      vertex  1.779388e+000  4.050000e+001 -1.115055e+000
      vertex  2.189715e+000  4.050000e+001 -1.351230e+000
      vertex  1.746084e+000  4.100000e+001 -1.547872e+000
    endloop
  endfacet
  facet normal  3.801484e-001  6.105392e-001  6.947870e-001
    outer loop
      vertex  1.746084e+000  4.100000e+001 -1.547872e+000
      vertex  2.189715e+000  4.050000e+001 -1.351230e+000
      vertex  2.065225e+000  4.100000e+001 -1.722488e+000
    endloop
  endfacet
  facet normal  6.911986e-001  4.306833e-001  5.803071e-001
    outer loop
      vertex  1.643638e+000  4.000000e+001 -5.163763e-001
      vertex  1.843176e+000  4.000000e+001 -7.540438e-001
      vertex  1.542623e+000  4.050000e+001 -7.671405e-001
    endloop
  endfacet
  facet normal  7.359728e-001  4.555160e-001  5.008485e-001
    outer loop
      vertex  1.542623e+000  4.050000e+001 -7.671405e-001
      vertex  1.843176e+000  4.000000e+001 -7.540438e-001
      vertex  1.779388e+000  4.050000e+001 -1.115055e+000
    endloop
  endfacet
  facet normal  7.421741e-001  4.405488e-001  5.050687e-001
    outer loop
      vertex  1.542623e+000  4.050000e+001 -7.671405e-001
      vertex  1.779388e+000  4.050000e+001 -1.115055e+000
      vertex  1.403624e+000  4.100000e+001 -9.990152e-001
    endloop
  endfacet
  facet normal  7.915475e-001  5.205914e-001  3.200579e-001
    outer loop
      vertex  1.403624e+000  4.100000e+001 -9.990152e-001
      vertex  1.779388e+000  4.050000e+001 -1.115055e+000
      vertex  1.519952e+000  4.100000e+001 -1.286711e+000
    endloop
  endfacet
  facet normal  1.036067e-001  6.525633e-001  7.506176e-001
    outer loop
      vertex  2.421040e+000  4.100000e+001 -1.771600e+000
      vertex  2.065225e+000  4.100000e+001 -1.722488e+000
      vertex  2.668372e+000  4.050000e+001 -1.371055e+000
    endloop
  endfacet
  facet normal  3.307126e-002  6.011159e-001  7.984773e-001
    outer loop
      vertex  2.668372e+000  4.050000e+001 -1.371055e+000
      vertex  2.065225e+000  4.100000e+001 -1.722488e+000
      vertex  2.189715e+000  4.050000e+001 -1.351230e+000
    endloop
  endfacet
  facet normal  3.102171e-002  6.618518e-001  7.489926e-001
    outer loop
      vertex  2.668372e+000  4.050000e+001 -1.371055e+000
      vertex  2.189715e+000  4.050000e+001 -1.351230e+000
      vertex  2.850000e+000  4.000000e+001 -9.367497e-001
    endloop
  endfacet
  facet normal -1.520793e-001  5.039722e-001  8.502257e-001
    outer loop
      vertex  2.850000e+000  4.000000e+001 -9.367497e-001
      vertex  2.189715e+000  4.050000e+001 -1.351230e+000
      vertex  2.496424e+000  4.000000e+001 -9.999936e-001
    endloop
  endfacet
  facet normal  6.239564e-001  5.646146e-001  5.402671e-001
    outer loop
      vertex  1.347728e+000  4.150000e+001 -1.610341e+000
      vertex  1.519952e+000  4.100000e+001 -1.286711e+000
      vertex  1.746084e+000  4.100000e+001 -1.547872e+000
    endloop
  endfacet
  facet normal  6.151917e-001  5.595227e-001  5.554039e-001
    outer loop
      vertex  1.347728e+000  4.150000e+001 -1.610341e+000
      vertex  1.746084e+000  4.100000e+001 -1.547872e+000
      vertex  1.664989e+000  4.150000e+001 -1.961755e+000
    endloop
  endfacet
  facet normal  3.740763e-001  6.266066e-001  6.836892e-001
    outer loop
      vertex  1.746084e+000  4.100000e+001 -1.547872e+000
      vertex  2.065225e+000  4.100000e+001 -1.722488e+000
      vertex  1.664989e+000  4.150000e+001 -1.961755e+000
    endloop
  endfacet
  facet normal  7.840407e-001  5.250867e-001  3.310048e-001
    outer loop
      vertex  1.182306e+000  4.200000e+001 -2.011683e+000
      vertex  1.047945e+000  4.200000e+001 -1.693426e+000
      vertex  1.347728e+000  4.150000e+001 -1.610341e+000
    endloop
  endfacet
  facet normal  5.842868e-001  6.167251e-001  5.275025e-001
    outer loop
      vertex  1.347728e+000  4.150000e+001 -1.610341e+000
      vertex  1.664989e+000  4.150000e+001 -1.961755e+000
      vertex  1.182306e+000  4.200000e+001 -2.011683e+000
    endloop
  endfacet
  facet normal  5.762438e-001  6.105392e-001  5.433093e-001
    outer loop
      vertex  1.182306e+000  4.200000e+001 -2.011683e+000
      vertex  1.664989e+000  4.150000e+001 -1.961755e+000
      vertex  1.431868e+000  4.200000e+001 -2.276373e+000
    endloop
  endfacet
  facet normal  8.366939e-001  4.306833e-001  3.383126e-001
    outer loop
      vertex  1.403624e+000  4.100000e+001 -9.990152e-001
      vertex  1.519952e+000  4.100000e+001 -1.286711e+000
      vertex  1.230062e+000  4.150000e+001 -1.206291e+000
    endloop
  endfacet
  facet normal  8.547224e-001  4.555159e-001  2.489070e-001
    outer loop
      vertex  1.230062e+000  4.150000e+001 -1.206291e+000
      vertex  1.519952e+000  4.100000e+001 -1.286711e+000
      vertex  1.347728e+000  4.150000e+001 -1.610341e+000
    endloop
  endfacet
  facet normal  8.619244e-001  4.405488e-001  2.510043e-001
    outer loop
      vertex  1.230062e+000  4.150000e+001 -1.206291e+000
      vertex  1.347728e+000  4.150000e+001 -1.610341e+000
      vertex  1.026213e+000  4.200000e+001 -1.383863e+000
    endloop
  endfacet
  facet normal  8.517098e-001  5.205914e-001  5.979160e-002
    outer loop
      vertex  1.026213e+000  4.200000e+001 -1.383863e+000
      vertex  1.347728e+000  4.150000e+001 -1.610341e+000
      vertex  1.047945e+000  4.200000e+001 -1.693426e+000
    endloop
  endfacet
  facet normal  3.304893e-001  6.525632e-001  6.818637e-001
    outer loop
      vertex  1.755091e+000  4.200000e+001 -2.433034e+000
      vertex  1.431868e+000  4.200000e+001 -2.276373e+000
      vertex  2.114093e+000  4.150000e+001 -2.128523e+000
    endloop
  endfacet
  facet normal  2.781958e-001  6.011159e-001  7.491775e-001
    outer loop
      vertex  2.114093e+000  4.150000e+001 -2.128523e+000
      vertex  1.431868e+000  4.200000e+001 -2.276373e+000
      vertex  1.664989e+000  4.150000e+001 -1.961755e+000
    endloop
  endfacet
  facet normal  2.609549e-001  6.618519e-001  7.027480e-001
    outer loop
      vertex  2.114093e+000  4.150000e+001 -2.128523e+000
      vertex  1.664989e+000  4.150000e+001 -1.961755e+000
      vertex  2.421040e+000  4.100000e+001 -1.771600e+000
    endloop
  endfacet
  facet normal  1.180983e-001  5.039724e-001  8.556078e-001
    outer loop
      vertex  2.421040e+000  4.100000e+001 -1.771600e+000
      vertex  1.664989e+000  4.150000e+001 -1.961755e+000
      vertex  2.065225e+000  4.100000e+001 -1.722488e+000
    endloop
  endfacet
  facet normal  7.603697e-001  5.646146e-001  3.210114e-001
    outer loop
      vertex  7.841423e-001  4.250000e+001 -1.947996e+000
      vertex  1.047945e+000  4.200000e+001 -1.693426e+000
      vertex  1.182306e+000  4.200000e+001 -2.011683e+000
    endloop
  endfacet
  facet normal  7.567114e-001  5.595227e-001  3.381159e-001
    outer loop
      vertex  7.841423e-001  4.250000e+001 -1.947996e+000
      vertex  1.182306e+000  4.200000e+001 -2.011683e+000
      vertex  9.772832e-001  4.250000e+001 -2.380250e+000
    endloop
  endfacet
  facet normal  5.670395e-001  6.266066e-001  5.346311e-001
    outer loop
      vertex  1.182306e+000  4.200000e+001 -2.011683e+000
      vertex  1.431868e+000  4.200000e+001 -2.276373e+000
      vertex  9.772832e-001  4.250000e+001 -2.380250e+000
    endloop
  endfacet
  facet normal  8.479531e-001  5.250867e-001  7.252230e-002
    outer loop
      vertex  5.027956e-001  4.300000e+001 -2.278577e+000
      vertex  4.733573e-001  4.300000e+001 -1.934376e+000
      vertex  7.841423e-001  4.250000e+001 -1.947996e+000
    endloop
  endfacet
  facet normal  7.186970e-001  6.167253e-001  3.211302e-001
    outer loop
      vertex  7.841423e-001  4.250000e+001 -1.947996e+000
      vertex  9.772832e-001  4.250000e+001 -2.380250e+000
      vertex  5.027956e-001  4.300000e+001 -2.278577e+000
    endloop
  endfacet
  facet normal  7.159321e-001  6.105392e-001  3.386491e-001
    outer loop
      vertex  5.027956e-001  4.300000e+001 -2.278577e+000
      vertex  9.772832e-001  4.250000e+001 -2.380250e+000
      vertex  6.583493e-001  4.300000e+001 -2.607431e+000
    endloop
  endfacet
  facet normal  9.002873e-001  4.306834e-001  6.320182e-002
    outer loop
      vertex  1.026213e+000  4.200000e+001 -1.383863e+000
      vertex  1.047945e+000  4.200000e+001 -1.693426e+000
      vertex  7.970945e-001  4.250000e+001 -1.527361e+000
    endloop
  endfacet
  facet normal  8.898059e-001  4.555161e-001 -2.739893e-002
    outer loop
      vertex  7.970945e-001  4.250000e+001 -1.527361e+000
      vertex  1.047945e+000  4.200000e+001 -1.693426e+000
      vertex  7.841423e-001  4.250000e+001 -1.947996e+000
    endloop
  endfacet
  facet normal  8.973034e-001  4.405489e-001 -2.762979e-002
    outer loop
      vertex  7.970945e-001  4.250000e+001 -1.527361e+000
      vertex  7.841423e-001  4.250000e+001 -1.947996e+000
      vertex  5.483491e-001  4.300000e+001 -1.633250e+000
    endloop
  endfacet
  facet normal  8.285009e-001  5.205914e-001 -2.063274e-001
    outer loop
      vertex  5.483491e-001  4.300000e+001 -1.633250e+000
      vertex  7.841423e-001  4.250000e+001 -1.947996e+000
      vertex  4.733573e-001  4.300000e+001 -1.934376e+000
    endloop
  endfacet
  facet normal  5.250216e-001  6.525633e-001  5.463638e-001
    outer loop
      vertex  9.173415e-001  4.300000e+001 -2.856306e+000
      vertex  6.583493e-001  4.300000e+001 -2.607431e+000
      vertex  1.352872e+000  4.250000e+001 -2.677636e+000
    endloop
  endfacet
  facet normal  4.960884e-001  6.011158e-001  6.265430e-001
    outer loop
      vertex  1.352872e+000  4.250000e+001 -2.677636e+000
      vertex  6.583493e-001  4.300000e+001 -2.607431e+000
      vertex  9.772832e-001  4.250000e+001 -2.380250e+000
    endloop
  endfacet
  facet normal  4.653439e-001  6.618517e-001  5.877137e-001
    outer loop
      vertex  1.352872e+000  4.250000e+001 -2.677636e+000
      vertex  9.772832e-001  4.250000e+001 -2.380250e+000
      vertex  1.755091e+000  4.200000e+001 -2.433034e+000
    endloop
  endfacet
  facet normal  3.767154e-001  5.039722e-001  7.772371e-001
    outer loop
      vertex  1.755091e+000  4.200000e+001 -2.433034e+000
      vertex  9.772832e-001  4.250000e+001 -2.380250e+000
      vertex  1.431868e+000  4.200000e+001 -2.276373e+000
    endloop
  endfacet
  facet normal  8.223525e-001  5.646147e-001  7.033277e-002
    outer loop
      vertex  1.437998e-001  4.350000e+001 -2.094968e+000
      vertex  4.733573e-001  4.300000e+001 -1.934376e+000
      vertex  5.027956e-001  4.300000e+001 -2.278577e+000
    endloop
  endfacet
  facet normal  8.241587e-001  5.595227e-001  8.773065e-002
    outer loop
      vertex  1.437998e-001  4.350000e+001 -2.094968e+000
      vertex  5.027956e-001  4.300000e+001 -2.278577e+000
      vertex  1.939139e-001  4.350000e+001 -2.565749e+000
    endloop
  endfacet
  facet normal  7.044966e-001  6.266066e-001  3.332399e-001
    outer loop
      vertex  5.027956e-001  4.300000e+001 -2.278577e+000
      vertex  6.583493e-001  4.300000e+001 -2.607431e+000
      vertex  1.939139e-001  4.350000e+001 -2.565749e+000
    endloop
  endfacet
  facet normal  6.730270e-001  5.877240e-001  4.490159e-001
    outer loop
      vertex  1.939139e-001  4.350000e+001 -2.565749e+000
      vertex  6.583493e-001  4.300000e+001 -2.607431e+000
      vertex  4.642631e-001  4.349456e+001 -2.963859e+000
    endloop
  endfacet
  facet normal  5.432783e-001  6.206557e-001  5.653628e-001
    outer loop
      vertex  9.173415e-001  4.300000e+001 -2.856306e+000
      vertex  4.642631e-001  4.349456e+001 -2.963859e+000
      vertex  6.583493e-001  4.300000e+001 -2.607431e+000
    endloop
  endfacet
  facet normal  8.288619e-001  5.250867e-001 -1.930592e-001
    outer loop
      vertex -2.259321e-001  4.400000e+001 -2.322428e+000
      vertex -1.475656e-001  4.400000e+001 -1.985977e+000
      vertex  1.437998e-001  4.350000e+001 -2.094968e+000
    endloop
  endfacet
  facet normal  7.827561e-001  6.167253e-001  8.332339e-002
    outer loop
      vertex  1.437998e-001  4.350000e+001 -2.094968e+000
      vertex  1.939139e-001  4.350000e+001 -2.565749e+000
      vertex -2.259321e-001  4.400000e+001 -2.322428e+000
    endloop
  endfacet
  facet normal  6.761542e-001  6.418869e-001  3.616580e-001
    outer loop
      vertex -1.020347e-002  4.400000e+001 -2.999983e+000
      vertex -1.796131e-001  4.400000e+001 -2.683255e+000
      vertex -7.347881e-016  4.398926e+001 -3.000000e+000
    endloop
  endfacet
  facet normal  6.431691e-001  6.348758e-001  4.280960e-001
    outer loop
      vertex  4.642631e-001  4.349456e+001 -2.963859e+000
      vertex -7.347881e-016  4.398926e+001 -3.000000e+000
      vertex  1.939139e-001  4.350000e+001 -2.565749e+000
    endloop
  endfacet
  facet normal  6.981558e-001  6.097420e-001  3.752241e-001
    outer loop
      vertex  1.939139e-001  4.350000e+001 -2.565749e+000
      vertex -7.347881e-016  4.398926e+001 -3.000000e+000
      vertex -1.796131e-001  4.400000e+001 -2.683255e+000
    endloop
  endfacet
  facet normal  7.855402e-001  6.105392e-001  1.008390e-001
    outer loop
      vertex  1.939139e-001  4.350000e+001 -2.565749e+000
      vertex -1.796131e-001  4.400000e+001 -2.683255e+000
      vertex -2.259321e-001  4.400000e+001 -2.322428e+000
    endloop
  endfacet
  facet normal  8.757547e-001  4.306833e-001 -2.180954e-001
    outer loop
      vertex  5.483491e-001  4.300000e+001 -1.633250e+000
      vertex  4.733573e-001  4.300000e+001 -1.934376e+000
      vertex  2.861015e-001  4.350000e+001 -1.698922e+000
    endloop
  endfacet
  facet normal  8.377888e-001  4.555160e-001 -3.010231e-001
    outer loop
      vertex  2.861015e-001  4.350000e+001 -1.698922e+000
      vertex  4.733573e-001  4.300000e+001 -1.934376e+000
      vertex  1.437998e-001  4.350000e+001 -2.094968e+000
    endloop
  endfacet
  facet normal  8.448481e-001  4.405489e-001 -3.035596e-001
    outer loop
      vertex  2.861015e-001  4.350000e+001 -1.698922e+000
      vertex  1.437998e-001  4.350000e+001 -2.094968e+000
      vertex  1.680910e-002  4.400000e+001 -1.722762e+000
    endloop
  endfacet
  facet normal  7.241924e-001  5.205913e-001 -4.522499e-001
    outer loop
      vertex  1.680910e-002  4.400000e+001 -1.722762e+000
      vertex  1.437998e-001  4.350000e+001 -2.094968e+000
      vertex -1.475656e-001  4.400000e+001 -1.985977e+000
    endloop
  endfacet
  facet normal  8.038377e-001  5.646146e-001 -1.872305e-001
    outer loop
      vertex -5.106189e-001  4.450000e+001 -2.036869e+000
      vertex -1.475656e-001  4.400000e+001 -1.985977e+000
      vertex -2.259321e-001  4.400000e+001 -2.322428e+000
    endloop
  endfacet
  facet normal  8.109319e-001  5.595226e-001 -1.712423e-001
    outer loop
      vertex -5.106189e-001  4.450000e+001 -2.036869e+000
      vertex -2.259321e-001  4.400000e+001 -2.322428e+000
      vertex -6.084371e-001  4.450000e+001 -2.500095e+000
    endloop
  endfacet
  facet normal  7.729928e-001  6.266066e-001  9.922834e-002
    outer loop
      vertex -2.259321e-001  4.400000e+001 -2.322428e+000
      vertex -1.796131e-001  4.400000e+001 -2.683255e+000
      vertex -6.084371e-001  4.450000e+001 -2.500095e+000
    endloop
  endfacet
  facet normal  7.286359e-001  5.250867e-001 -4.397426e-001
    outer loop
      vertex -9.325439e-001  4.500000e+001 -2.138943e+000
      vertex -7.540438e-001  4.500000e+001 -1.843176e+000
      vertex -5.106189e-001  4.450000e+001 -2.036869e+000
    endloop
  endfacet
  facet normal  7.701936e-001  6.167253e-001 -1.626397e-001
    outer loop
      vertex -5.106189e-001  4.450000e+001 -2.036869e+000
      vertex -6.084371e-001  4.450000e+001 -2.500095e+000
      vertex -9.325439e-001  4.500000e+001 -2.138943e+000
    endloop
  endfacet
  facet normal  7.782541e-001  6.105393e-001 -1.468417e-001
    outer loop
      vertex -9.325439e-001  4.500000e+001 -2.138943e+000
      vertex -6.084371e-001  4.450000e+001 -2.500095e+000
      vertex -9.999936e-001  4.500000e+001 -2.496424e+000
    endloop
  endfacet
  facet normal  7.654970e-001  4.306834e-001 -4.780442e-001
    outer loop
      vertex  1.680910e-002  4.400000e+001 -1.722762e+000
      vertex -1.475656e-001  4.400000e+001 -1.985977e+000
      vertex -2.528972e-001  4.450000e+001 -1.704181e+000
    endloop
  endfacet
  facet normal  7.037634e-001  4.555160e-001 -5.451809e-001
    outer loop
      vertex -2.528972e-001  4.450000e+001 -1.704181e+000
      vertex -1.475656e-001  4.400000e+001 -1.985977e+000
      vertex -5.106189e-001  4.450000e+001 -2.036869e+000
    endloop
  endfacet
  facet normal  7.096933e-001  4.405488e-001 -5.497746e-001
    outer loop
      vertex -2.528972e-001  4.450000e+001 -1.704181e+000
      vertex -5.106189e-001  4.450000e+001 -2.036869e+000
      vertex -5.163763e-001  4.500000e+001 -1.643638e+000
    endloop
  endfacet
  facet normal  5.489950e-001  5.205915e-001 -6.539030e-001
    outer loop
      vertex -5.163763e-001  4.500000e+001 -1.643638e+000
      vertex -5.106189e-001  4.450000e+001 -2.036869e+000
      vertex -7.540438e-001  4.500000e+001 -1.843176e+000
    endloop
  endfacet
  facet normal  7.458960e-001  6.525633e-001  1.334179e-001
    outer loop
      vertex -9.367497e-001  4.500000e+001 -2.850000e+000
      vertex -9.999936e-001  4.500000e+001 -2.496424e+000
      vertex -4.793785e-001  4.450000e+001 -2.961452e+000
    endloop
  endfacet
  facet normal  7.696166e-001  6.011158e-001  2.152905e-001
    outer loop
      vertex -4.793785e-001  4.450000e+001 -2.961452e+000
      vertex -9.999936e-001  4.500000e+001 -2.496424e+000
      vertex -6.084371e-001  4.450000e+001 -2.500095e+000
    endloop
  endfacet
  facet normal  7.219205e-001  6.618517e-001  2.019481e-001
    outer loop
      vertex -4.793785e-001  4.450000e+001 -2.961452e+000
      vertex -6.084371e-001  4.450000e+001 -2.500095e+000
      vertex -1.020347e-002  4.400000e+001 -2.999983e+000
    endloop
  endfacet
  facet normal  7.616177e-001  5.039722e-001  4.073704e-001
    outer loop
      vertex -1.020347e-002  4.400000e+001 -2.999983e+000
      vertex -6.084371e-001  4.450000e+001 -2.500095e+000
      vertex -1.796131e-001  4.400000e+001 -2.683255e+000
    endloop
  endfacet
  facet normal  7.066377e-001  5.646146e-001 -4.264663e-001
    outer loop
      vertex -1.115055e+000  4.550000e+001 -1.779388e+000
      vertex -7.540438e-001  4.500000e+001 -1.843176e+000
      vertex -9.325439e-001  4.500000e+001 -2.138943e+000
    endloop
  endfacet
  facet normal  7.183253e-001  5.595226e-001 -4.134528e-001
    outer loop
      vertex -1.115055e+000  4.550000e+001 -1.779388e+000
      vertex -9.325439e-001  4.500000e+001 -2.138943e+000
      vertex -1.351230e+000  4.550000e+001 -2.189715e+000
    endloop
  endfacet
  facet normal  7.658232e-001  6.266065e-001 -1.444962e-001
    outer loop
      vertex -9.325439e-001  4.500000e+001 -2.138943e+000
      vertex -9.999936e-001  4.500000e+001 -2.496424e+000
      vertex -1.351230e+000  4.550000e+001 -2.189715e+000
    endloop
  endfacet
  facet normal  5.570861e-001  5.250868e-001 -6.433808e-001
    outer loop
      vertex -1.547872e+000  4.600000e+001 -1.746084e+000
      vertex -1.286711e+000  4.600000e+001 -1.519952e+000
      vertex -1.115055e+000  4.550000e+001 -1.779388e+000
    endloop
  endfacet
  facet normal  6.822392e-001  6.167253e-001 -3.926824e-001
    outer loop
      vertex -1.115055e+000  4.550000e+001 -1.779388e+000
      vertex -1.351230e+000  4.550000e+001 -2.189715e+000
      vertex -1.547872e+000  4.600000e+001 -1.746084e+000
    endloop
  endfacet
  facet normal  6.947870e-001  6.105392e-001 -3.801484e-001
    outer loop
      vertex -1.547872e+000  4.600000e+001 -1.746084e+000
      vertex -1.351230e+000  4.550000e+001 -2.189715e+000
      vertex -1.722488e+000  4.600000e+001 -2.065225e+000
    endloop
  endfacet
  facet normal  5.803071e-001  4.306833e-001 -6.911986e-001
    outer loop
      vertex -5.163763e-001  4.500000e+001 -1.643638e+000
      vertex -7.540438e-001  4.500000e+001 -1.843176e+000
      vertex -7.671405e-001  4.550000e+001 -1.542623e+000
    endloop
  endfacet
  facet normal  5.008485e-001  4.555160e-001 -7.359728e-001
    outer loop
      vertex -7.671405e-001  4.550000e+001 -1.542623e+000
      vertex -7.540438e-001  4.500000e+001 -1.843176e+000
      vertex -1.115055e+000  4.550000e+001 -1.779388e+000
    endloop
  endfacet
  facet normal  5.050687e-001  4.405488e-001 -7.421741e-001
    outer loop
      vertex -7.671405e-001  4.550000e+001 -1.542623e+000
      vertex -1.115055e+000  4.550000e+001 -1.779388e+000
      vertex -9.990152e-001  4.600000e+001 -1.403624e+000
    endloop
  endfacet
  facet normal  3.200579e-001  5.205914e-001 -7.915475e-001
    outer loop
      vertex -9.990152e-001  4.600000e+001 -1.403624e+000
      vertex -1.115055e+000  4.550000e+001 -1.779388e+000
      vertex -1.286711e+000  4.600000e+001 -1.519952e+000
    endloop
  endfacet
  facet normal  7.506176e-001  6.525633e-001 -1.036067e-001
    outer loop
      vertex -1.771600e+000  4.600000e+001 -2.421040e+000
      vertex -1.722488e+000  4.600000e+001 -2.065225e+000
      vertex -1.371055e+000  4.550000e+001 -2.668372e+000
    endloop
  endfacet
  facet normal  7.984773e-001  6.011159e-001 -3.307126e-002
    outer loop
      vertex -1.371055e+000  4.550000e+001 -2.668372e+000
      vertex -1.722488e+000  4.600000e+001 -2.065225e+000
      vertex -1.351230e+000  4.550000e+001 -2.189715e+000
    endloop
  endfacet
  facet normal  7.489926e-001  6.618518e-001 -3.102171e-002
    outer loop
      vertex -1.371055e+000  4.550000e+001 -2.668372e+000
      vertex -1.351230e+000  4.550000e+001 -2.189715e+000
      vertex -9.367497e-001  4.500000e+001 -2.850000e+000
    endloop
  endfacet
  facet normal  8.502257e-001  5.039722e-001  1.520793e-001
    outer loop
      vertex -9.367497e-001  4.500000e+001 -2.850000e+000
      vertex -1.351230e+000  4.550000e+001 -2.189715e+000
      vertex -9.999936e-001  4.500000e+001 -2.496424e+000
    endloop
  endfacet
  facet normal  5.402671e-001  5.646146e-001 -6.239564e-001
    outer loop
      vertex -1.610341e+000  4.650000e+001 -1.347728e+000
      vertex -1.286711e+000  4.600000e+001 -1.519952e+000
      vertex -1.547872e+000  4.600000e+001 -1.746084e+000
    endloop
  endfacet
  facet normal  5.554039e-001  5.595227e-001 -6.151917e-001
    outer loop
      vertex -1.610341e+000  4.650000e+001 -1.347728e+000
      vertex -1.547872e+000  4.600000e+001 -1.746084e+000
      vertex -1.961755e+000  4.650000e+001 -1.664989e+000
    endloop
  endfacet
  facet normal  6.836893e-001  6.266066e-001 -3.740764e-001
    outer loop
      vertex -1.547872e+000  4.600000e+001 -1.746084e+000
      vertex -1.722488e+000  4.600000e+001 -2.065225e+000
      vertex -1.961755e+000  4.650000e+001 -1.664989e+000
    endloop
  endfacet
  facet normal  3.310048e-001  5.250867e-001 -7.840407e-001
    outer loop
      vertex -2.011683e+000  4.700000e+001 -1.182306e+000
      vertex -1.693426e+000  4.700000e+001 -1.047945e+000
      vertex -1.610341e+000  4.650000e+001 -1.347728e+000
    endloop
  endfacet
  facet normal  5.275025e-001  6.167251e-001 -5.842868e-001
    outer loop
      vertex -1.610341e+000  4.650000e+001 -1.347728e+000
      vertex -1.961755e+000  4.650000e+001 -1.664989e+000
      vertex -2.011683e+000  4.700000e+001 -1.182306e+000
    endloop
  endfacet
  facet normal  5.433093e-001  6.105392e-001 -5.762438e-001
    outer loop
      vertex -2.011683e+000  4.700000e+001 -1.182306e+000
      vertex -1.961755e+000  4.650000e+001 -1.664989e+000
      vertex -2.276373e+000  4.700000e+001 -1.431868e+000
    endloop
  endfacet
  facet normal  3.383126e-001  4.306833e-001 -8.366939e-001
    outer loop
      vertex -9.990152e-001  4.600000e+001 -1.403624e+000
      vertex -1.286711e+000  4.600000e+001 -1.519952e+000
      vertex -1.206291e+000  4.650000e+001 -1.230062e+000
    endloop
  endfacet
  facet normal  2.489070e-001  4.555159e-001 -8.547224e-001
    outer loop
      vertex -1.206291e+000  4.650000e+001 -1.230062e+000
      vertex -1.286711e+000  4.600000e+001 -1.519952e+000
      vertex -1.610341e+000  4.650000e+001 -1.347728e+000
    endloop
  endfacet
  facet normal  2.510043e-001  4.405488e-001 -8.619244e-001
    outer loop
      vertex -1.206291e+000  4.650000e+001 -1.230062e+000
      vertex -1.610341e+000  4.650000e+001 -1.347728e+000
      vertex -1.383863e+000  4.700000e+001 -1.026213e+000
    endloop
  endfacet
  facet normal  5.979160e-002  5.205914e-001 -8.517098e-001
    outer loop
      vertex -1.383863e+000  4.700000e+001 -1.026213e+000
      vertex -1.610341e+000  4.650000e+001 -1.347728e+000
      vertex -1.693426e+000  4.700000e+001 -1.047945e+000
    endloop
  endfacet
  facet normal  6.818637e-001  6.525632e-001 -3.304893e-001
    outer loop
      vertex -2.433034e+000  4.700000e+001 -1.755091e+000
      vertex -2.276373e+000  4.700000e+001 -1.431868e+000
      vertex -2.128523e+000  4.650000e+001 -2.114093e+000
    endloop
  endfacet
  facet normal  7.491775e-001  6.011159e-001 -2.781958e-001
    outer loop
      vertex -2.128523e+000  4.650000e+001 -2.114093e+000
      vertex -2.276373e+000  4.700000e+001 -1.431868e+000
      vertex -1.961755e+000  4.650000e+001 -1.664989e+000
    endloop
  endfacet
  facet normal  7.027479e-001  6.618518e-001 -2.609549e-001
    outer loop
      vertex -2.128523e+000  4.650000e+001 -2.114093e+000
      vertex -1.961755e+000  4.650000e+001 -1.664989e+000
      vertex -1.771600e+000  4.600000e+001 -2.421040e+000
    endloop
  endfacet
  facet normal  8.556078e-001  5.039724e-001 -1.180983e-001
    outer loop
      vertex -1.771600e+000  4.600000e+001 -2.421040e+000
      vertex -1.961755e+000  4.650000e+001 -1.664989e+000
      vertex -1.722488e+000  4.600000e+001 -2.065225e+000
    endloop
  endfacet
  facet normal  3.210114e-001  5.646146e-001 -7.603697e-001
    outer loop
      vertex -1.947996e+000  4.750000e+001 -7.841423e-001
      vertex -1.693426e+000  4.700000e+001 -1.047945e+000
      vertex -2.011683e+000  4.700000e+001 -1.182306e+000
    endloop
  endfacet
  facet normal  3.381159e-001  5.595227e-001 -7.567114e-001
    outer loop
      vertex -1.947996e+000  4.750000e+001 -7.841423e-001
      vertex -2.011683e+000  4.700000e+001 -1.182306e+000
      vertex -2.380250e+000  4.750000e+001 -9.772832e-001
    endloop
  endfacet
  facet normal  5.346311e-001  6.266066e-001 -5.670395e-001
    outer loop
      vertex -2.011683e+000  4.700000e+001 -1.182306e+000
      vertex -2.276373e+000  4.700000e+001 -1.431868e+000
      vertex -2.380250e+000  4.750000e+001 -9.772832e-001
    endloop
  endfacet
  facet normal  7.252230e-002  5.250867e-001 -8.479531e-001
    outer loop
      vertex -2.278577e+000  4.800000e+001 -5.027956e-001
      vertex -1.934376e+000  4.800000e+001 -4.733573e-001
      vertex -1.947996e+000  4.750000e+001 -7.841423e-001
    endloop
  endfacet
  facet normal  3.211302e-001  6.167253e-001 -7.186970e-001
    outer loop
      vertex -1.947996e+000  4.750000e+001 -7.841423e-001
      vertex -2.380250e+000  4.750000e+001 -9.772832e-001
      vertex -2.278577e+000  4.800000e+001 -5.027956e-001
    endloop
  endfacet
  facet normal  3.386491e-001  6.105392e-001 -7.159321e-001
    outer loop
      vertex -2.278577e+000  4.800000e+001 -5.027956e-001
      vertex -2.380250e+000  4.750000e+001 -9.772832e-001
      vertex -2.607431e+000  4.800000e+001 -6.583493e-001
    endloop
  endfacet
  facet normal  6.320182e-002  4.306834e-001 -9.002873e-001
    outer loop
      vertex -1.383863e+000  4.700000e+001 -1.026213e+000
      vertex -1.693426e+000  4.700000e+001 -1.047945e+000
      vertex -1.527361e+000  4.750000e+001 -7.970945e-001
    endloop
  endfacet
  facet normal -2.739893e-002  4.555161e-001 -8.898059e-001
    outer loop
      vertex -1.527361e+000  4.750000e+001 -7.970945e-001
      vertex -1.693426e+000  4.700000e+001 -1.047945e+000
      vertex -1.947996e+000  4.750000e+001 -7.841423e-001
    endloop
  endfacet
  facet normal -2.762979e-002  4.405489e-001 -8.973034e-001
    outer loop
      vertex -1.527361e+000  4.750000e+001 -7.970945e-001
      vertex -1.947996e+000  4.750000e+001 -7.841423e-001
      vertex -1.633250e+000  4.800000e+001 -5.483491e-001
    endloop
  endfacet
  facet normal -2.063274e-001  5.205914e-001 -8.285009e-001
    outer loop
      vertex -1.633250e+000  4.800000e+001 -5.483491e-001
      vertex -1.947996e+000  4.750000e+001 -7.841423e-001
      vertex -1.934376e+000  4.800000e+001 -4.733573e-001
    endloop
  endfacet
  facet normal  5.463638e-001  6.525633e-001 -5.250216e-001
    outer loop
      vertex -2.856306e+000  4.800000e+001 -9.173415e-001
      vertex -2.607431e+000  4.800000e+001 -6.583493e-001
      vertex -2.677636e+000  4.750000e+001 -1.352872e+000
    endloop
  endfacet
  facet normal  6.265430e-001  6.011158e-001 -4.960884e-001
    outer loop
      vertex -2.677636e+000  4.750000e+001 -1.352872e+000
      vertex -2.607431e+000  4.800000e+001 -6.583493e-001
      vertex -2.380250e+000  4.750000e+001 -9.772832e-001
    endloop
  endfacet
  facet normal  5.877137e-001  6.618517e-001 -4.653439e-001
    outer loop
      vertex -2.677636e+000  4.750000e+001 -1.352872e+000
      vertex -2.380250e+000  4.750000e+001 -9.772832e-001
      vertex -2.433034e+000  4.700000e+001 -1.755091e+000
    endloop
  endfacet
  facet normal  7.772371e-001  5.039722e-001 -3.767154e-001
    outer loop
      vertex -2.433034e+000  4.700000e+001 -1.755091e+000
      vertex -2.380250e+000  4.750000e+001 -9.772832e-001
      vertex -2.276373e+000  4.700000e+001 -1.431868e+000
    endloop
  endfacet
  facet normal  7.033277e-002  5.646147e-001 -8.223525e-001
    outer loop
      vertex -2.094968e+000  4.850000e+001 -1.437998e-001
      vertex -1.934376e+000  4.800000e+001 -4.733573e-001
      vertex -2.278577e+000  4.800000e+001 -5.027956e-001
    endloop
  endfacet
  facet normal  8.773065e-002  5.595227e-001 -8.241587e-001
    outer loop
      vertex -2.094968e+000  4.850000e+001 -1.437998e-001
      vertex -2.278577e+000  4.800000e+001 -5.027956e-001
      vertex -2.565749e+000  4.850000e+001 -1.939139e-001
    endloop
  endfacet
  facet normal  3.332399e-001  6.266066e-001 -7.044966e-001
    outer loop
      vertex -2.278577e+000  4.800000e+001 -5.027956e-001
      vertex -2.607431e+000  4.800000e+001 -6.583493e-001
      vertex -2.565749e+000  4.850000e+001 -1.939139e-001
    endloop
  endfacet
  facet normal -1.930592e-001  5.250867e-001 -8.288619e-001
    outer loop
      vertex -2.322428e+000  4.900000e+001  2.259321e-001
      vertex -1.985977e+000  4.900000e+001  1.475656e-001
      vertex -2.094968e+000  4.850000e+001 -1.437998e-001
    endloop
  endfacet
  facet normal  8.332339e-002  6.167253e-001 -7.827561e-001
    outer loop
      vertex -2.094968e+000  4.850000e+001 -1.437998e-001
      vertex -2.565749e+000  4.850000e+001 -1.939139e-001
      vertex -2.322428e+000  4.900000e+001  2.259321e-001
    endloop
  endfacet
  facet normal  1.008391e-001  6.105392e-001 -7.855402e-001
    outer loop
      vertex -2.322428e+000  4.900000e+001  2.259321e-001
      vertex -2.565749e+000  4.850000e+001 -1.939139e-001
      vertex -2.683255e+000  4.900000e+001  1.796131e-001
    endloop
  endfacet
  facet normal -2.180954e-001  4.306833e-001 -8.757547e-001
    outer loop
      vertex -1.633250e+000  4.800000e+001 -5.483491e-001
      vertex -1.934376e+000  4.800000e+001 -4.733573e-001
      vertex -1.698922e+000  4.850000e+001 -2.861015e-001
    endloop
  endfacet
  facet normal -3.010231e-001  4.555160e-001 -8.377888e-001
    outer loop
      vertex -1.698922e+000  4.850000e+001 -2.861015e-001
      vertex -1.934376e+000  4.800000e+001 -4.733573e-001
      vertex -2.094968e+000  4.850000e+001 -1.437998e-001
    endloop
  endfacet
  facet normal -3.035596e-001  4.405489e-001 -8.448481e-001
    outer loop
      vertex -1.698922e+000  4.850000e+001 -2.861015e-001
      vertex -2.094968e+000  4.850000e+001 -1.437998e-001
      vertex -1.722762e+000  4.900000e+001 -1.680910e-002
    endloop
  endfacet
  facet normal -4.522499e-001  5.205913e-001 -7.241924e-001
    outer loop
      vertex -1.722762e+000  4.900000e+001 -1.680910e-002
      vertex -2.094968e+000  4.850000e+001 -1.437998e-001
      vertex -1.985977e+000  4.900000e+001  1.475656e-001
    endloop
  endfacet
  facet normal  3.573826e-001  6.525633e-001 -6.681608e-001
    outer loop
      vertex -2.999983e+000  4.900000e+001  1.020347e-002
      vertex -2.683255e+000  4.900000e+001  1.796131e-001
      vertex -2.964644e+000  4.850000e+001 -4.592228e-001
    endloop
  endfacet
  facet normal  4.425781e-001  6.011159e-001 -6.654204e-001
    outer loop
      vertex -2.964644e+000  4.850000e+001 -4.592228e-001
      vertex -2.683255e+000  4.900000e+001  1.796131e-001
      vertex -2.565749e+000  4.850000e+001 -1.939139e-001
    endloop
  endfacet
  facet normal  4.151498e-001  6.618516e-001 -6.241818e-001
    outer loop
      vertex -2.964644e+000  4.850000e+001 -4.592228e-001
      vertex -2.565749e+000  4.850000e+001 -1.939139e-001
      vertex -2.856306e+000  4.800000e+001 -9.173415e-001
    endloop
  endfacet
  facet normal  6.227847e-001  5.039724e-001 -5.984572e-001
    outer loop
      vertex -2.856306e+000  4.800000e+001 -9.173415e-001
      vertex -2.565749e+000  4.850000e+001 -1.939139e-001
      vertex -2.607431e+000  4.800000e+001 -6.583493e-001
    endloop
  endfacet
  facet normal -1.872305e-001  5.646146e-001 -8.038377e-001
    outer loop
      vertex -2.036869e+000  4.950000e+001  5.106189e-001
      vertex -1.985977e+000  4.900000e+001  1.475656e-001
      vertex -2.322428e+000  4.900000e+001  2.259321e-001
    endloop
  endfacet
  facet normal -1.712423e-001  5.595226e-001 -8.109319e-001
    outer loop
      vertex -2.036869e+000  4.950000e+001  5.106189e-001
      vertex -2.322428e+000  4.900000e+001  2.259321e-001
      vertex -2.500095e+000  4.950000e+001  6.084371e-001
    endloop
  endfacet
  facet normal  9.922834e-002  6.266066e-001 -7.729928e-001
    outer loop
      vertex -2.322428e+000  4.900000e+001  2.259321e-001
      vertex -2.683255e+000  4.900000e+001  1.796131e-001
      vertex -2.500095e+000  4.950000e+001  6.084371e-001
    endloop
  endfacet
  facet normal -4.397426e-001  5.250867e-001 -7.286359e-001
    outer loop
      vertex -2.138943e+000  5.000000e+001  9.325439e-001
      vertex -1.843176e+000  5.000000e+001  7.540438e-001
      vertex -2.036869e+000  4.950000e+001  5.106189e-001
    endloop
  endfacet
  facet normal -1.626397e-001  6.167253e-001 -7.701936e-001
    outer loop
      vertex -2.036869e+000  4.950000e+001  5.106189e-001
      vertex -2.500095e+000  4.950000e+001  6.084371e-001
      vertex -2.138943e+000  5.000000e+001  9.325439e-001
    endloop
  endfacet
  facet normal -1.468417e-001  6.105393e-001 -7.782541e-001
    outer loop
      vertex -2.138943e+000  5.000000e+001  9.325439e-001
      vertex -2.500095e+000  4.950000e+001  6.084371e-001
      vertex -2.496424e+000  5.000000e+001  9.999936e-001
    endloop
  endfacet
  facet normal -4.780442e-001  4.306834e-001 -7.654970e-001
    outer loop
      vertex -1.722762e+000  4.900000e+001 -1.680910e-002
      vertex -1.985977e+000  4.900000e+001  1.475656e-001
      vertex -1.704181e+000  4.950000e+001  2.528972e-001
    endloop
  endfacet
  facet normal -5.451809e-001  4.555160e-001 -7.037634e-001
    outer loop
      vertex -1.704181e+000  4.950000e+001  2.528972e-001
      vertex -1.985977e+000  4.900000e+001  1.475656e-001
      vertex -2.036869e+000  4.950000e+001  5.106189e-001
    endloop
  endfacet
  facet normal -5.497746e-001  4.405488e-001 -7.096933e-001
    outer loop
      vertex -1.704181e+000  4.950000e+001  2.528972e-001
      vertex -2.036869e+000  4.950000e+001  5.106189e-001
      vertex -1.643638e+000  5.000000e+001  5.163763e-001
    endloop
  endfacet
  facet normal -6.539030e-001  5.205915e-001 -5.489950e-001
    outer loop
      vertex -1.643638e+000  5.000000e+001  5.163763e-001
      vertex -2.036869e+000  4.950000e+001  5.106189e-001
      vertex -1.843176e+000  5.000000e+001  7.540438e-001
    endloop
  endfacet
  facet normal  1.334179e-001  6.525633e-001 -7.458960e-001
    outer loop
      vertex -2.850000e+000  5.000000e+001  9.367497e-001
      vertex -2.496424e+000  5.000000e+001  9.999936e-001
      vertex -2.961452e+000  4.950000e+001  4.793785e-001
    endloop
  endfacet
  facet normal  2.152905e-001  6.011158e-001 -7.696166e-001
    outer loop
      vertex -2.961452e+000  4.950000e+001  4.793785e-001
      vertex -2.496424e+000  5.000000e+001  9.999936e-001
      vertex -2.500095e+000  4.950000e+001  6.084371e-001
    endloop
  endfacet
  facet normal  2.019481e-001  6.618517e-001 -7.219205e-001
    outer loop
      vertex -2.961452e+000  4.950000e+001  4.793785e-001
      vertex -2.500095e+000  4.950000e+001  6.084371e-001
      vertex -2.999983e+000  4.900000e+001  1.020347e-002
    endloop
  endfacet
  facet normal  4.073703e-001  5.039721e-001 -7.616176e-001
    outer loop
      vertex -2.999983e+000  4.900000e+001  1.020347e-002
      vertex -2.500095e+000  4.950000e+001  6.084371e-001
      vertex -2.683255e+000  4.900000e+001  1.796131e-001
    endloop
  endfacet
  facet normal -4.264663e-001  5.646146e-001 -7.066377e-001
    outer loop
      vertex -1.779388e+000  5.050000e+001  1.115055e+000
      vertex -1.843176e+000  5.000000e+001  7.540438e-001
      vertex -2.138943e+000  5.000000e+001  9.325439e-001
    endloop
  endfacet
  facet normal -4.134528e-001  5.595226e-001 -7.183253e-001
    outer loop
      vertex -1.779388e+000  5.050000e+001  1.115055e+000
      vertex -2.138943e+000  5.000000e+001  9.325439e-001
      vertex -2.189715e+000  5.050000e+001  1.351230e+000
    endloop
  endfacet
  facet normal -1.444962e-001  6.266065e-001 -7.658232e-001
    outer loop
      vertex -2.138943e+000  5.000000e+001  9.325439e-001
      vertex -2.496424e+000  5.000000e+001  9.999936e-001
      vertex -2.189715e+000  5.050000e+001  1.351230e+000
    endloop
  endfacet
  facet normal -6.433808e-001  5.250868e-001 -5.570861e-001
    outer loop
      vertex -1.746084e+000  5.100000e+001  1.547872e+000
      vertex -1.519952e+000  5.100000e+001  1.286711e+000
      vertex -1.779388e+000  5.050000e+001  1.115055e+000
    endloop
  endfacet
  facet normal -3.926824e-001  6.167253e-001 -6.822392e-001
    outer loop
      vertex -1.779388e+000  5.050000e+001  1.115055e+000
      vertex -2.189715e+000  5.050000e+001  1.351230e+000
      vertex -1.746084e+000  5.100000e+001  1.547872e+000
    endloop
  endfacet
  facet normal -3.801484e-001  6.105392e-001 -6.947870e-001
    outer loop
      vertex -1.746084e+000  5.100000e+001  1.547872e+000
      vertex -2.189715e+000  5.050000e+001  1.351230e+000
      vertex -2.065225e+000  5.100000e+001  1.722488e+000
    endloop
  endfacet
  facet normal -6.911986e-001  4.306833e-001 -5.803071e-001
    outer loop
      vertex -1.643638e+000  5.000000e+001  5.163763e-001
      vertex -1.843176e+000  5.000000e+001  7.540438e-001
      vertex -1.542623e+000  5.050000e+001  7.671405e-001
    endloop
  endfacet
  facet normal -7.359728e-001  4.555160e-001 -5.008485e-001
    outer loop
      vertex -1.542623e+000  5.050000e+001  7.671405e-001
      vertex -1.843176e+000  5.000000e+001  7.540438e-001
      vertex -1.779388e+000  5.050000e+001  1.115055e+000
    endloop
  endfacet
  facet normal -7.421741e-001  4.405488e-001 -5.050687e-001
    outer loop
      vertex -1.542623e+000  5.050000e+001  7.671405e-001
      vertex -1.779388e+000  5.050000e+001  1.115055e+000
      vertex -1.403624e+000  5.100000e+001  9.990152e-001
    endloop
  endfacet
  facet normal -7.915475e-001  5.205914e-001 -3.200579e-001
    outer loop
      vertex -1.403624e+000  5.100000e+001  9.990152e-001
      vertex -1.779388e+000  5.050000e+001  1.115055e+000
      vertex -1.519952e+000  5.100000e+001  1.286711e+000
    endloop
  endfacet
  facet normal -1.036067e-001  6.525633e-001 -7.506176e-001
    outer loop
      vertex -2.421040e+000  5.100000e+001  1.771600e+000
      vertex -2.065225e+000  5.100000e+001  1.722488e+000
      vertex -2.668372e+000  5.050000e+001  1.371055e+000
    endloop
  endfacet
  facet normal -3.307126e-002  6.011159e-001 -7.984773e-001
    outer loop
      vertex -2.668372e+000  5.050000e+001  1.371055e+000
      vertex -2.065225e+000  5.100000e+001  1.722488e+000
      vertex -2.189715e+000  5.050000e+001  1.351230e+000
    endloop
  endfacet
  facet normal -3.102171e-002  6.618518e-001 -7.489926e-001
    outer loop
      vertex -2.668372e+000  5.050000e+001  1.371055e+000
      vertex -2.189715e+000  5.050000e+001  1.351230e+000
      vertex -2.850000e+000  5.000000e+001  9.367497e-001
    endloop
  endfacet
  facet normal  1.520793e-001  5.039722e-001 -8.502257e-001
    outer loop
      vertex -2.850000e+000  5.000000e+001  9.367497e-001
      vertex -2.189715e+000  5.050000e+001  1.351230e+000
      vertex -2.496424e+000  5.000000e+001  9.999936e-001
    endloop
  endfacet
  facet normal -6.239564e-001  5.646146e-001 -5.402671e-001
    outer loop
      vertex -1.347728e+000  5.150000e+001  1.610341e+000
      vertex -1.519952e+000  5.100000e+001  1.286711e+000
      vertex -1.746084e+000  5.100000e+001  1.547872e+000
    endloop
  endfacet
  facet normal -6.151917e-001  5.595227e-001 -5.554039e-001
    outer loop
      vertex -1.347728e+000  5.150000e+001  1.610341e+000
      vertex -1.746084e+000  5.100000e+001  1.547872e+000
      vertex -1.664989e+000  5.150000e+001  1.961755e+000
    endloop
  endfacet
  facet normal -3.740763e-001  6.266066e-001 -6.836892e-001
    outer loop
      vertex -1.746084e+000  5.100000e+001  1.547872e+000
      vertex -2.065225e+000  5.100000e+001  1.722488e+000
      vertex -1.664989e+000  5.150000e+001  1.961755e+000
    endloop
  endfacet
  facet normal -7.840407e-001  5.250867e-001 -3.310048e-001
    outer loop
      vertex -1.182306e+000  5.200000e+001  2.011683e+000
      vertex -1.047945e+000  5.200000e+001  1.693426e+000
      vertex -1.347728e+000  5.150000e+001  1.610341e+000
    endloop
  endfacet
  facet normal -5.842868e-001  6.167251e-001 -5.275025e-001
    outer loop
      vertex -1.347728e+000  5.150000e+001  1.610341e+000
      vertex -1.664989e+000  5.150000e+001  1.961755e+000
      vertex -1.182306e+000  5.200000e+001  2.011683e+000
    endloop
  endfacet
  facet normal -5.762438e-001  6.105392e-001 -5.433093e-001
    outer loop
      vertex -1.182306e+000  5.200000e+001  2.011683e+000
      vertex -1.664989e+000  5.150000e+001  1.961755e+000
      vertex -1.431868e+000  5.200000e+001  2.276373e+000
    endloop
  endfacet
  facet normal -8.366939e-001  4.306833e-001 -3.383126e-001
    outer loop
      vertex -1.403624e+000  5.100000e+001  9.990152e-001
      vertex -1.519952e+000  5.100000e+001  1.286711e+000
      vertex -1.230062e+000  5.150000e+001  1.206291e+000
    endloop
  endfacet
  facet normal -8.547224e-001  4.555159e-001 -2.489070e-001
    outer loop
      vertex -1.230062e+000  5.150000e+001  1.206291e+000
      vertex -1.519952e+000  5.100000e+001  1.286711e+000
      vertex -1.347728e+000  5.150000e+001  1.610341e+000
    endloop
  endfacet
  facet normal -8.619244e-001  4.405488e-001 -2.510043e-001
    outer loop
      vertex -1.230062e+000  5.150000e+001  1.206291e+000
      vertex -1.347728e+000  5.150000e+001  1.610341e+000
      vertex -1.026213e+000  5.200000e+001  1.383863e+000
    endloop
  endfacet
  facet normal -8.517098e-001  5.205914e-001 -5.979160e-002
    outer loop
      vertex -1.026213e+000  5.200000e+001  1.383863e+000
      vertex -1.347728e+000  5.150000e+001  1.610341e+000
      vertex -1.047945e+000  5.200000e+001  1.693426e+000
    endloop
  endfacet
  facet normal -3.304893e-001  6.525632e-001 -6.818637e-001
    outer loop
      vertex -1.755091e+000  5.200000e+001  2.433034e+000
      vertex -1.431868e+000  5.200000e+001  2.276373e+000
      vertex -2.114093e+000  5.150000e+001  2.128523e+000
    endloop
  endfacet
  facet normal -2.781958e-001  6.011159e-001 -7.491775e-001
    outer loop
      vertex -2.114093e+000  5.150000e+001  2.128523e+000
      vertex -1.431868e+000  5.200000e+001  2.276373e+000
      vertex -1.664989e+000  5.150000e+001  1.961755e+000
    endloop
  endfacet
  facet normal -2.609549e-001  6.618519e-001 -7.027480e-001
    outer loop
      vertex -2.114093e+000  5.150000e+001  2.128523e+000
      vertex -1.664989e+000  5.150000e+001  1.961755e+000
      vertex -2.421040e+000  5.100000e+001  1.771600e+000
    endloop
  endfacet
  facet normal -1.180983e-001  5.039724e-001 -8.556078e-001
    outer loop
      vertex -2.421040e+000  5.100000e+001  1.771600e+000
      vertex -1.664989e+000  5.150000e+001  1.961755e+000
      vertex -2.065225e+000  5.100000e+001  1.722488e+000
    endloop
  endfacet
  facet normal -7.603697e-001  5.646146e-001 -3.210114e-001
    outer loop
      vertex -7.841423e-001  5.250000e+001  1.947996e+000
      vertex -1.047945e+000  5.200000e+001  1.693426e+000
      vertex -1.182306e+000  5.200000e+001  2.011683e+000
    endloop
  endfacet
  facet normal -7.567114e-001  5.595227e-001 -3.381159e-001
    outer loop
      vertex -7.841423e-001  5.250000e+001  1.947996e+000
      vertex -1.182306e+000  5.200000e+001  2.011683e+000
      vertex -9.772832e-001  5.250000e+001  2.380250e+000
    endloop
  endfacet
  facet normal -5.670395e-001  6.266066e-001 -5.346311e-001
    outer loop
      vertex -1.182306e+000  5.200000e+001  2.011683e+000
      vertex -1.431868e+000  5.200000e+001  2.276373e+000
      vertex -9.772832e-001  5.250000e+001  2.380250e+000
    endloop
  endfacet
  facet normal -8.479531e-001  5.250867e-001 -7.252230e-002
    outer loop
      vertex -5.027956e-001  5.300000e+001  2.278577e+000
      vertex -4.733573e-001  5.300000e+001  1.934376e+000
      vertex -7.841423e-001  5.250000e+001  1.947996e+000
    endloop
  endfacet
  facet normal -7.186970e-001  6.167253e-001 -3.211302e-001
    outer loop
      vertex -7.841423e-001  5.250000e+001  1.947996e+000
      vertex -9.772832e-001  5.250000e+001  2.380250e+000
      vertex -5.027956e-001  5.300000e+001  2.278577e+000
    endloop
  endfacet
  facet normal -7.159321e-001  6.105392e-001 -3.386491e-001
    outer loop
      vertex -5.027956e-001  5.300000e+001  2.278577e+000
      vertex -9.772832e-001  5.250000e+001  2.380250e+000
      vertex -6.583493e-001  5.300000e+001  2.607431e+000
    endloop
  endfacet
  facet normal -9.002873e-001  4.306834e-001 -6.320182e-002
    outer loop
      vertex -1.026213e+000  5.200000e+001  1.383863e+000
      vertex -1.047945e+000  5.200000e+001  1.693426e+000
      vertex -7.970945e-001  5.250000e+001  1.527361e+000
    endloop
  endfacet
  facet normal -8.898059e-001  4.555161e-001  2.739893e-002
    outer loop
      vertex -7.970945e-001  5.250000e+001  1.527361e+000
      vertex -1.047945e+000  5.200000e+001  1.693426e+000
      vertex -7.841423e-001  5.250000e+001  1.947996e+000
    endloop
  endfacet
  facet normal -8.973034e-001  4.405489e-001  2.762979e-002
    outer loop
      vertex -7.970945e-001  5.250000e+001  1.527361e+000
      vertex -7.841423e-001  5.250000e+001  1.947996e+000
      vertex -5.483491e-001  5.300000e+001  1.633250e+000
    endloop
  endfacet
  facet normal -8.285009e-001  5.205914e-001  2.063274e-001
    outer loop
      vertex -5.483491e-001  5.300000e+001  1.633250e+000
      vertex -7.841423e-001  5.250000e+001  1.947996e+000
      vertex -4.733573e-001  5.300000e+001  1.934376e+000
    endloop
  endfacet
  facet normal -5.250216e-001  6.525633e-001 -5.463638e-001
    outer loop
      vertex -9.173415e-001  5.300000e+001  2.856306e+000
      vertex -6.583493e-001  5.300000e+001  2.607431e+000
      vertex -1.352872e+000  5.250000e+001  2.677636e+000
    endloop
  endfacet
  facet normal -4.960884e-001  6.011158e-001 -6.265430e-001
    outer loop
      vertex -1.352872e+000  5.250000e+001  2.677636e+000
      vertex -6.583493e-001  5.300000e+001  2.607431e+000
      vertex -9.772832e-001  5.250000e+001  2.380250e+000
    endloop
  endfacet
  facet normal -4.653439e-001  6.618517e-001 -5.877137e-001
    outer loop
      vertex -1.352872e+000  5.250000e+001  2.677636e+000
      vertex -9.772832e-001  5.250000e+001  2.380250e+000
      vertex -1.755091e+000  5.200000e+001  2.433034e+000
    endloop
  endfacet
  facet normal -3.767154e-001  5.039722e-001 -7.772371e-001
    outer loop
      vertex -1.755091e+000  5.200000e+001  2.433034e+000
      vertex -9.772832e-001  5.250000e+001  2.380250e+000
      vertex -1.431868e+000  5.200000e+001  2.276373e+000
    endloop
  endfacet
  facet normal -8.223525e-001  5.646147e-001 -7.033277e-002
    outer loop
      vertex -1.437998e-001  5.350000e+001  2.094968e+000
      vertex -4.733573e-001  5.300000e+001  1.934376e+000
      vertex -5.027956e-001  5.300000e+001  2.278577e+000
    endloop
  endfacet
  facet normal -8.241587e-001  5.595227e-001 -8.773065e-002
    outer loop
      vertex -1.437998e-001  5.350000e+001  2.094968e+000
      vertex -5.027956e-001  5.300000e+001  2.278577e+000
      vertex -1.939139e-001  5.350000e+001  2.565749e+000
    endloop
  endfacet
  facet normal -7.044966e-001  6.266066e-001 -3.332399e-001
    outer loop
      vertex -5.027956e-001  5.300000e+001  2.278577e+000
      vertex -6.583493e-001  5.300000e+001  2.607431e+000
      vertex -1.939139e-001  5.350000e+001  2.565749e+000
    endloop
  endfacet
  facet normal -6.730270e-001  5.877240e-001 -4.490159e-001
    outer loop
      vertex -1.939139e-001  5.350000e+001  2.565749e+000
      vertex -6.583493e-001  5.300000e+001  2.607431e+000
      vertex -4.642631e-001  5.349456e+001  2.963859e+000
    endloop
  endfacet
  facet normal -5.432783e-001  6.206557e-001 -5.653628e-001
    outer loop
      vertex -9.173415e-001  5.300000e+001  2.856306e+000
      vertex -4.642631e-001  5.349456e+001  2.963859e+000
      vertex -6.583493e-001  5.300000e+001  2.607431e+000
    endloop
  endfacet
  facet normal -8.288619e-001  5.250867e-001  1.930592e-001
    outer loop
      vertex  2.259321e-001  5.400000e+001  2.322428e+000
      vertex  1.475656e-001  5.400000e+001  1.985977e+000
      vertex -1.437998e-001  5.350000e+001  2.094968e+000
    endloop
  endfacet
  facet normal -7.827561e-001  6.167253e-001 -8.332339e-002
    outer loop
      vertex -1.437998e-001  5.350000e+001  2.094968e+000
      vertex -1.939139e-001  5.350000e+001  2.565749e+000
      vertex  2.259321e-001  5.400000e+001  2.322428e+000
    endloop
  endfacet
  facet normal -6.761542e-001  6.418869e-001 -3.616580e-001
    outer loop
      vertex  1.020347e-002  5.400000e+001  2.999983e+000
      vertex  1.796131e-001  5.400000e+001  2.683255e+000
      vertex  3.031929e-015  5.398926e+001  3.000000e+000
    endloop
  endfacet
  facet normal -6.431691e-001  6.348758e-001 -4.280960e-001
    outer loop
      vertex -4.642631e-001  5.349456e+001  2.963859e+000
      vertex  3.031929e-015  5.398926e+001  3.000000e+000
      vertex -1.939139e-001  5.350000e+001  2.565749e+000
    endloop
  endfacet
  facet normal -6.981558e-001  6.097420e-001 -3.752241e-001
    outer loop
      vertex -1.939139e-001  5.350000e+001  2.565749e+000
      vertex  3.031929e-015  5.398926e+001  3.000000e+000
      vertex  1.796131e-001  5.400000e+001  2.683255e+000
    endloop
  endfacet
  facet normal -7.855402e-001  6.105392e-001 -1.008390e-001
    outer loop
      vertex -1.939139e-001  5.350000e+001  2.565749e+000
      vertex  1.796131e-001  5.400000e+001  2.683255e+000
      vertex  2.259321e-001  5.400000e+001  2.322428e+000
    endloop
  endfacet
  facet normal -8.757547e-001  4.306833e-001  2.180954e-001
    outer loop
      vertex -5.483491e-001  5.300000e+001  1.633250e+000
      vertex -4.733573e-001  5.300000e+001  1.934376e+000
      vertex -2.861015e-001  5.350000e+001  1.698922e+000
    endloop
  endfacet
  facet normal -8.377888e-001  4.555160e-001  3.010231e-001
    outer loop
      vertex -2.861015e-001  5.350000e+001  1.698922e+000
      vertex -4.733573e-001  5.300000e+001  1.934376e+000
      vertex -1.437998e-001  5.350000e+001  2.094968e+000
    endloop
  endfacet
  facet normal -8.448481e-001  4.405489e-001  3.035596e-001
    outer loop
      vertex -2.861015e-001  5.350000e+001  1.698922e+000
      vertex -1.437998e-001  5.350000e+001  2.094968e+000
      vertex -1.680910e-002  5.400000e+001  1.722762e+000
    endloop
  endfacet
  facet normal -7.241924e-001  5.205913e-001  4.522499e-001
    outer loop
      vertex -1.680910e-002  5.400000e+001  1.722762e+000
      vertex -1.437998e-001  5.350000e+001  2.094968e+000
      vertex  1.475656e-001  5.400000e+001  1.985977e+000
    endloop
  endfacet
  facet normal -8.038377e-001  5.646146e-001  1.872305e-001
    outer loop
      vertex  5.106189e-001  5.450000e+001  2.036869e+000
      vertex  1.475656e-001  5.400000e+001  1.985977e+000
      vertex  2.259321e-001  5.400000e+001  2.322428e+000
    endloop
  endfacet
  facet normal -8.109319e-001  5.595226e-001  1.712423e-001
    outer loop
      vertex  5.106189e-001  5.450000e+001  2.036869e+000
      vertex  2.259321e-001  5.400000e+001  2.322428e+000
      vertex  6.084371e-001  5.450000e+001  2.500095e+000
    endloop
  endfacet
  facet normal -7.729928e-001  6.266066e-001 -9.922834e-002
    outer loop
      vertex  2.259321e-001  5.400000e+001  2.322428e+000
      vertex  1.796131e-001  5.400000e+001  2.683255e+000
      vertex  6.084371e-001  5.450000e+001  2.500095e+000
    endloop
  endfacet
  facet normal -7.286359e-001  5.250867e-001  4.397426e-001
    outer loop
      vertex  9.325439e-001  5.500000e+001  2.138943e+000
      vertex  7.540438e-001  5.500000e+001  1.843176e+000
      vertex  5.106189e-001  5.450000e+001  2.036869e+000
    endloop
  endfacet
  facet normal -7.701936e-001  6.167253e-001  1.626397e-001
    outer loop
      vertex  5.106189e-001  5.450000e+001  2.036869e+000
      vertex  6.084371e-001  5.450000e+001  2.500095e+000
      vertex  9.325439e-001  5.500000e+001  2.138943e+000
    endloop
  endfacet
  facet normal -7.782541e-001  6.105393e-001  1.468417e-001
    outer loop
      vertex  9.325439e-001  5.500000e+001  2.138943e+000
      vertex  6.084371e-001  5.450000e+001  2.500095e+000
      vertex  9.999936e-001  5.500000e+001  2.496424e+000
    endloop
  endfacet
  facet normal -7.654970e-001  4.306834e-001  4.780442e-001
    outer loop
      vertex -1.680910e-002  5.400000e+001  1.722762e+000
      vertex  1.475656e-001  5.400000e+001  1.985977e+000
      vertex  2.528972e-001  5.450000e+001  1.704181e+000
    endloop
  endfacet
  facet normal -7.037634e-001  4.555160e-001  5.451809e-001
    outer loop
      vertex  2.528972e-001  5.450000e+001  1.704181e+000
      vertex  1.475656e-001  5.400000e+001  1.985977e+000
      vertex  5.106189e-001  5.450000e+001  2.036869e+000
    endloop
  endfacet
  facet normal -7.096933e-001  4.405488e-001  5.497746e-001
    outer loop
      vertex  2.528972e-001  5.450000e+001  1.704181e+000
      vertex  5.106189e-001  5.450000e+001  2.036869e+000
      vertex  5.163763e-001  5.500000e+001  1.643638e+000
    endloop
  endfacet
  facet normal -5.489950e-001  5.205915e-001  6.539030e-001
    outer loop
      vertex  5.163763e-001  5.500000e+001  1.643638e+000
      vertex  5.106189e-001  5.450000e+001  2.036869e+000
      vertex  7.540438e-001  5.500000e+001  1.843176e+000
    endloop
  endfacet
  facet normal -7.458960e-001  6.525633e-001 -1.334179e-001
    outer loop
      vertex  9.367497e-001  5.500000e+001  2.850000e+000
      vertex  9.999936e-001  5.500000e+001  2.496424e+000
      vertex  4.793785e-001  5.450000e+001  2.961452e+000
    endloop
  endfacet
  facet normal -7.696166e-001  6.011158e-001 -2.152905e-001
    outer loop
      vertex  4.793785e-001  5.450000e+001  2.961452e+000
      vertex  9.999936e-001  5.500000e+001  2.496424e+000
      vertex  6.084371e-001  5.450000e+001  2.500095e+000
    endloop
  endfacet
  facet normal -7.219205e-001  6.618517e-001 -2.019481e-001
    outer loop
      vertex  4.793785e-001  5.450000e+001  2.961452e+000
      vertex  6.084371e-001  5.450000e+001  2.500095e+000
      vertex  1.020347e-002  5.400000e+001  2.999983e+000
    endloop
  endfacet
  facet normal -7.616177e-001  5.039722e-001 -4.073704e-001
    outer loop
      vertex  1.020347e-002  5.400000e+001  2.999983e+000
      vertex  6.084371e-001  5.450000e+001  2.500095e+000
      vertex  1.796131e-001  5.400000e+001  2.683255e+000
    endloop
  endfacet
  facet normal -7.066377e-001  5.646146e-001  4.264663e-001
    outer loop
      vertex  1.115055e+000  5.550000e+001  1.779388e+000
      vertex  7.540438e-001  5.500000e+001  1.843176e+000
      vertex  9.325439e-001  5.500000e+001  2.138943e+000
    endloop
  endfacet
  facet normal -7.183253e-001  5.595226e-001  4.134528e-001
    outer loop
      vertex  1.115055e+000  5.550000e+001  1.779388e+000
      vertex  9.325439e-001  5.500000e+001  2.138943e+000
      vertex  1.351230e+000  5.550000e+001  2.189715e+000
    endloop
  endfacet
  facet normal -7.658232e-001  6.266065e-001  1.444962e-001
    outer loop
      vertex  9.325439e-001  5.500000e+001  2.138943e+000
      vertex  9.999936e-001  5.500000e+001  2.496424e+000
      vertex  1.351230e+000  5.550000e+001  2.189715e+000
    endloop
  endfacet
  facet normal -5.570861e-001  5.250868e-001  6.433808e-001
    outer loop
      vertex  1.547872e+000  5.600000e+001  1.746084e+000
      vertex  1.286711e+000  5.600000e+001  1.519952e+000
      vertex  1.115055e+000  5.550000e+001  1.779388e+000
    endloop
  endfacet
  facet normal -6.822392e-001  6.167253e-001  3.926824e-001
    outer loop
      vertex  1.115055e+000  5.550000e+001  1.779388e+000
      vertex  1.351230e+000  5.550000e+001  2.189715e+000
      vertex  1.547872e+000  5.600000e+001  1.746084e+000
    endloop
  endfacet
  facet normal -6.947870e-001  6.105392e-001  3.801484e-001
    outer loop
      vertex  1.547872e+000  5.600000e+001  1.746084e+000
      vertex  1.351230e+000  5.550000e+001  2.189715e+000
      vertex  1.722488e+000  5.600000e+001  2.065225e+000
    endloop
  endfacet
  facet normal -5.803071e-001  4.306833e-001  6.911986e-001
    outer loop
      vertex  5.163763e-001  5.500000e+001  1.643638e+000
      vertex  7.540438e-001  5.500000e+001  1.843176e+000
      vertex  7.671405e-001  5.550000e+001  1.542623e+000
    endloop
  endfacet
  facet normal -5.008485e-001  4.555160e-001  7.359728e-001
    outer loop
      vertex  7.671405e-001  5.550000e+001  1.542623e+000
      vertex  7.540438e-001  5.500000e+001  1.843176e+000
      vertex  1.115055e+000  5.550000e+001  1.779388e+000
    endloop
  endfacet
  facet normal -5.050687e-001  4.405488e-001  7.421741e-001
    outer loop
      vertex  7.671405e-001  5.550000e+001  1.542623e+000
      vertex  1.115055e+000  5.550000e+001  1.779388e+000
      vertex  9.990152e-001  5.600000e+001  1.403624e+000
    endloop
  endfacet
  facet normal -3.200579e-001  5.205914e-001  7.915475e-001
    outer loop
      vertex  9.990152e-001  5.600000e+001  1.403624e+000
      vertex  1.115055e+000  5.550000e+001  1.779388e+000
      vertex  1.286711e+000  5.600000e+001  1.519952e+000
    endloop
  endfacet
  facet normal -7.506176e-001  6.525633e-001  1.036067e-001
    outer loop
      vertex  1.771600e+000  5.600000e+001  2.421040e+000
      vertex  1.722488e+000  5.600000e+001  2.065225e+000
      vertex  1.371055e+000  5.550000e+001  2.668372e+000
    endloop
  endfacet
  facet normal -7.984773e-001  6.011159e-001  3.307126e-002
    outer loop
      vertex  1.371055e+000  5.550000e+001  2.668372e+000
      vertex  1.722488e+000  5.600000e+001  2.065225e+000
      vertex  1.351230e+000  5.550000e+001  2.189715e+000
    endloop
  endfacet
  facet normal -7.489926e-001  6.618518e-001  3.102171e-002
    outer loop
      vertex  1.371055e+000  5.550000e+001  2.668372e+000
      vertex  1.351230e+000  5.550000e+001  2.189715e+000
      vertex  9.367497e-001  5.500000e+001  2.850000e+000
    endloop
  endfacet
  facet normal -8.502257e-001  5.039722e-001 -1.520793e-001
    outer loop
      vertex  9.367497e-001  5.500000e+001  2.850000e+000
      vertex  1.351230e+000  5.550000e+001  2.189715e+000
      vertex  9.999936e-001  5.500000e+001  2.496424e+000
    endloop
  endfacet
  facet normal -5.402671e-001  5.646146e-001  6.239564e-001
    outer loop
      vertex  1.610341e+000  5.650000e+001  1.347728e+000
      vertex  1.286711e+000  5.600000e+001  1.519952e+000
      vertex  1.547872e+000  5.600000e+001  1.746084e+000
    endloop
  endfacet
  facet normal -5.554039e-001  5.595227e-001  6.151917e-001
    outer loop
      vertex  1.610341e+000  5.650000e+001  1.347728e+000
      vertex  1.547872e+000  5.600000e+001  1.746084e+000
      vertex  1.961755e+000  5.650000e+001  1.664989e+000
    endloop
  endfacet
  facet normal -6.836893e-001  6.266066e-001  3.740764e-001
    outer loop
      vertex  1.547872e+000  5.600000e+001  1.746084e+000
      vertex  1.722488e+000  5.600000e+001  2.065225e+000
      vertex  1.961755e+000  5.650000e+001  1.664989e+000
    endloop
  endfacet
  facet normal -3.310048e-001  5.250867e-001  7.840407e-001
    outer loop
      vertex  2.011683e+000  5.700000e+001  1.182306e+000
      vertex  1.693426e+000  5.700000e+001  1.047945e+000
      vertex  1.610341e+000  5.650000e+001  1.347728e+000
    endloop
  endfacet
  facet normal -5.275025e-001  6.167251e-001  5.842868e-001
    outer loop
      vertex  1.610341e+000  5.650000e+001  1.347728e+000
      vertex  1.961755e+000  5.650000e+001  1.664989e+000
      vertex  2.011683e+000  5.700000e+001  1.182306e+000
    endloop
  endfacet
  facet normal -5.433093e-001  6.105392e-001  5.762438e-001
    outer loop
      vertex  2.011683e+000  5.700000e+001  1.182306e+000
      vertex  1.961755e+000  5.650000e+001  1.664989e+000
      vertex  2.276373e+000  5.700000e+001  1.431868e+000
    endloop
  endfacet
  facet normal -3.383126e-001  4.306833e-001  8.366939e-001
    outer loop
      vertex  9.990152e-001  5.600000e+001  1.403624e+000
      vertex  1.286711e+000  5.600000e+001  1.519952e+000
      vertex  1.206291e+000  5.650000e+001  1.230062e+000
    endloop
  endfacet
  facet normal -2.489070e-001  4.555159e-001  8.547224e-001
    outer loop
      vertex  1.206291e+000  5.650000e+001  1.230062e+000
      vertex  1.286711e+000  5.600000e+001  1.519952e+000
      vertex  1.610341e+000  5.650000e+001  1.347728e+000
    endloop
  endfacet
  facet normal -2.510043e-001  4.405488e-001  8.619244e-001
    outer loop
      vertex  1.206291e+000  5.650000e+001  1.230062e+000
      vertex  1.610341e+000  5.650000e+001  1.347728e+000
      vertex  1.383863e+000  5.700000e+001  1.026213e+000
    endloop
  endfacet
  facet normal -5.979160e-002  5.205914e-001  8.517098e-001
    outer loop
      vertex  1.383863e+000  5.700000e+001  1.026213e+000
      vertex  1.610341e+000  5.650000e+001  1.347728e+000
      vertex  1.693426e+000  5.700000e+001  1.047945e+000
    endloop
  endfacet
  facet normal -6.818637e-001  6.525632e-001  3.304893e-001
    outer loop
      vertex  2.433034e+000  5.700000e+001  1.755091e+000
      vertex  2.276373e+000  5.700000e+001  1.431868e+000
      vertex  2.128523e+000  5.650000e+001  2.114093e+000
    endloop
  endfacet
  facet normal -7.491775e-001  6.011159e-001  2.781958e-001
    outer loop
      vertex  2.128523e+000  5.650000e+001  2.114093e+000
      vertex  2.276373e+000  5.700000e+001  1.431868e+000
      vertex  1.961755e+000  5.650000e+001  1.664989e+000
    endloop
  endfacet
  facet normal -7.027479e-001  6.618518e-001  2.609549e-001
    outer loop
      vertex  2.128523e+000  5.650000e+001  2.114093e+000
      vertex  1.961755e+000  5.650000e+001  1.664989e+000
      vertex  1.771600e+000  5.600000e+001  2.421040e+000
    endloop
  endfacet
  facet normal -8.556078e-001  5.039724e-001  1.180983e-001
    outer loop
      vertex  1.771600e+000  5.600000e+001  2.421040e+000
      vertex  1.961755e+000  5.650000e+001  1.664989e+000
      vertex  1.722488e+000  5.600000e+001  2.065225e+000
    endloop
  endfacet
  facet normal -3.210114e-001  5.646146e-001  7.603697e-001
    outer loop
      vertex  1.947996e+000  5.750000e+001  7.841423e-001
      vertex  1.693426e+000  5.700000e+001  1.047945e+000
      vertex  2.011683e+000  5.700000e+001  1.182306e+000
    endloop
  endfacet
  facet normal -3.381159e-001  5.595227e-001  7.567114e-001
    outer loop
      vertex  1.947996e+000  5.750000e+001  7.841423e-001
      vertex  2.011683e+000  5.700000e+001  1.182306e+000
      vertex  2.380250e+000  5.750000e+001  9.772832e-001
    endloop
  endfacet
  facet normal -5.346311e-001  6.266066e-001  5.670395e-001
    outer loop
      vertex  2.011683e+000  5.700000e+001  1.182306e+000
      vertex  2.276373e+000  5.700000e+001  1.431868e+000
      vertex  2.380250e+000  5.750000e+001  9.772832e-001
    endloop
  endfacet
  facet normal -7.252230e-002  5.250867e-001  8.479531e-001
    outer loop
      vertex  2.278577e+000  5.800000e+001  5.027956e-001
      vertex  1.934376e+000  5.800000e+001  4.733573e-001
      vertex  1.947996e+000  5.750000e+001  7.841423e-001
    endloop
  endfacet
  facet normal -3.211302e-001  6.167253e-001  7.186970e-001
    outer loop
      vertex  1.947996e+000  5.750000e+001  7.841423e-001
      vertex  2.380250e+000  5.750000e+001  9.772832e-001
      vertex  2.278577e+000  5.800000e+001  5.027956e-001
    endloop
  endfacet
  facet normal -3.386491e-001  6.105392e-001  7.159321e-001
    outer loop
      vertex  2.278577e+000  5.800000e+001  5.027956e-001
      vertex  2.380250e+000  5.750000e+001  9.772832e-001
      vertex  2.607431e+000  5.800000e+001  6.583493e-001
    endloop
  endfacet
  facet normal -6.320182e-002  4.306834e-001  9.002873e-001
    outer loop
      vertex  1.383863e+000  5.700000e+001  1.026213e+000
      vertex  1.693426e+000  5.700000e+001  1.047945e+000
      vertex  1.527361e+000  5.750000e+001  7.970945e-001
    endloop
  endfacet
  facet normal  2.739893e-002  4.555161e-001  8.898059e-001
    outer loop
      vertex  1.527361e+000  5.750000e+001  7.970945e-001
      vertex  1.693426e+000  5.700000e+001  1.047945e+000
      vertex  1.947996e+000  5.750000e+001  7.841423e-001
    endloop
  endfacet
  facet normal  2.762979e-002  4.405489e-001  8.973034e-001
    outer loop
      vertex  1.527361e+000  5.750000e+001  7.970945e-001
      vertex  1.947996e+000  5.750000e+001  7.841423e-001
      vertex  1.633250e+000  5.800000e+001  5.483491e-001
    endloop
  endfacet
  facet normal  2.063274e-001  5.205914e-001  8.285009e-001
    outer loop
      vertex  1.633250e+000  5.800000e+001  5.483491e-001
      vertex  1.947996e+000  5.750000e+001  7.841423e-001
      vertex  1.934376e+000  5.800000e+001  4.733573e-001
    endloop
  endfacet
  facet normal -5.463638e-001  6.525633e-001  5.250216e-001
    outer loop
      vertex  2.856306e+000  5.800000e+001  9.173415e-001
      vertex  2.607431e+000  5.800000e+001  6.583493e-001
      vertex  2.677636e+000  5.750000e+001  1.352872e+000
    endloop
  endfacet
  facet normal -6.265430e-001  6.011158e-001  4.960884e-001
    outer loop
      vertex  2.677636e+000  5.750000e+001  1.352872e+000
      vertex  2.607431e+000  5.800000e+001  6.583493e-001
      vertex  2.380250e+000  5.750000e+001  9.772832e-001
    endloop
  endfacet
  facet normal -5.877137e-001  6.618517e-001  4.653439e-001
    outer loop
      vertex  2.677636e+000  5.750000e+001  1.352872e+000
      vertex  2.380250e+000  5.750000e+001  9.772832e-001
      vertex  2.433034e+000  5.700000e+001  1.755091e+000
    endloop
  endfacet
  facet normal -7.772371e-001  5.039722e-001  3.767154e-001
    outer loop
      vertex  2.433034e+000  5.700000e+001  1.755091e+000
      vertex  2.380250e+000  5.750000e+001  9.772832e-001
      vertex  2.276373e+000  5.700000e+001  1.431868e+000
    endloop
  endfacet
  facet normal -7.033277e-002  5.646147e-001  8.223525e-001
    outer loop
      vertex  2.094968e+000  5.850000e+001  1.437998e-001
      vertex  1.934376e+000  5.800000e+001  4.733573e-001
      vertex  2.278577e+000  5.800000e+001  5.027956e-001
    endloop
  endfacet
  facet normal -8.773065e-002  5.595227e-001  8.241587e-001
    outer loop
      vertex  2.094968e+000  5.850000e+001  1.437998e-001
      vertex  2.278577e+000  5.800000e+001  5.027956e-001
      vertex  2.565749e+000  5.850000e+001  1.939139e-001
    endloop
  endfacet
  facet normal -3.332399e-001  6.266066e-001  7.044966e-001
    outer loop
      vertex  2.278577e+000  5.800000e+001  5.027956e-001
      vertex  2.607431e+000  5.800000e+001  6.583493e-001
      vertex  2.565749e+000  5.850000e+001  1.939139e-001
    endloop
  endfacet
  facet normal  1.930592e-001  5.250867e-001  8.288619e-001
    outer loop
      vertex  2.322428e+000  5.900000e+001 -2.259321e-001
      vertex  1.985977e+000  5.900000e+001 -1.475656e-001
      vertex  2.094968e+000  5.850000e+001  1.437998e-001
    endloop
  endfacet
  facet normal -8.332339e-002  6.167253e-001  7.827561e-001
    outer loop
      vertex  2.094968e+000  5.850000e+001  1.437998e-001
      vertex  2.565749e+000  5.850000e+001  1.939139e-001
      vertex  2.322428e+000  5.900000e+001 -2.259321e-001
    endloop
  endfacet
  facet normal -1.008391e-001  6.105392e-001  7.855402e-001
    outer loop
      vertex  2.322428e+000  5.900000e+001 -2.259321e-001
      vertex  2.565749e+000  5.850000e+001  1.939139e-001
      vertex  2.683255e+000  5.900000e+001 -1.796131e-001
    endloop
  endfacet
  facet normal  2.180954e-001  4.306833e-001  8.757547e-001
    outer loop
      vertex  1.633250e+000  5.800000e+001  5.483491e-001
      vertex  1.934376e+000  5.800000e+001  4.733573e-001
      vertex  1.698922e+000  5.850000e+001  2.861015e-001
    endloop
  endfacet
  facet normal  3.010231e-001  4.555160e-001  8.377888e-001
    outer loop
      vertex  1.698922e+000  5.850000e+001  2.861015e-001
      vertex  1.934376e+000  5.800000e+001  4.733573e-001
      vertex  2.094968e+000  5.850000e+001  1.437998e-001
    endloop
  endfacet
  facet normal  3.035596e-001  4.405489e-001  8.448481e-001
    outer loop
      vertex  1.698922e+000  5.850000e+001  2.861015e-001
      vertex  2.094968e+000  5.850000e+001  1.437998e-001
      vertex  1.722762e+000  5.900000e+001  1.680910e-002
    endloop
  endfacet
  facet normal  4.522499e-001  5.205913e-001  7.241924e-001
    outer loop
      vertex  1.722762e+000  5.900000e+001  1.680910e-002
      vertex  2.094968e+000  5.850000e+001  1.437998e-001
      vertex  1.985977e+000  5.900000e+001 -1.475656e-001
    endloop
  endfacet
  facet normal -3.573826e-001  6.525633e-001  6.681608e-001
    outer loop
      vertex  2.999983e+000  5.900000e+001 -1.020347e-002
      vertex  2.683255e+000  5.900000e+001 -1.796131e-001
      vertex  2.964644e+000  5.850000e+001  4.592228e-001
    endloop
  endfacet
  facet normal -4.425781e-001  6.011159e-001  6.654204e-001
    outer loop
      vertex  2.964644e+000  5.850000e+001  4.592228e-001
      vertex  2.683255e+000  5.900000e+001 -1.796131e-001
      vertex  2.565749e+000  5.850000e+001  1.939139e-001
    endloop
  endfacet
  facet normal -4.151498e-001  6.618516e-001  6.241818e-001
    outer loop
      vertex  2.964644e+000  5.850000e+001  4.592228e-001
      vertex  2.565749e+000  5.850000e+001  1.939139e-001
      vertex  2.856306e+000  5.800000e+001  9.173415e-001
    endloop
  endfacet
  facet normal -6.227847e-001  5.039724e-001  5.984572e-001
    outer loop
      vertex  2.856306e+000  5.800000e+001  9.173415e-001
      vertex  2.565749e+000  5.850000e+001  1.939139e-001
      vertex  2.607431e+000  5.800000e+001  6.583493e-001
    endloop
  endfacet
  facet normal  5.680013e-001  4.149957e-001  7.107412e-001
    outer loop
      vertex  1.676593e+000  5.977107e+001 -3.965170e-001
      vertex  1.722762e+000  5.900000e+001  1.680910e-002
      vertex  2.050823e+000  5.964194e+001 -6.201931e-001
    endloop
  endfacet
  facet normal  4.599879e-001  4.958384e-001  7.365835e-001
    outer loop
      vertex  2.050823e+000  5.964194e+001 -6.201931e-001
      vertex  1.722762e+000  5.900000e+001  1.680910e-002
      vertex  1.985977e+000  5.900000e+001 -1.475656e-001
    endloop
  endfacet
  facet normal  2.237489e-001  5.630968e-001  7.955239e-001
    outer loop
      vertex  2.050823e+000  5.964194e+001 -6.201931e-001
      vertex  1.985977e+000  5.900000e+001 -1.475656e-001
      vertex  2.371609e+000  5.960496e+001 -6.842390e-001
    endloop
  endfacet
  facet normal  1.841489e-001  5.839778e-001  7.906069e-001
    outer loop
      vertex  2.371609e+000  5.960496e+001 -6.842390e-001
      vertex  1.985977e+000  5.900000e+001 -1.475656e-001
      vertex  2.322428e+000  5.900000e+001 -2.259321e-001
    endloop
  endfacet
  facet normal -4.507747e-002  6.055719e-001  7.945129e-001
    outer loop
      vertex  2.371609e+000  5.960496e+001 -6.842390e-001
      vertex  2.322428e+000  5.900000e+001 -2.259321e-001
      vertex  2.703203e+000  5.961251e+001 -6.711797e-001
    endloop
  endfacet
  facet normal -9.941588e-002  6.247706e-001  7.744535e-001
    outer loop
      vertex  2.703203e+000  5.961251e+001 -6.711797e-001
      vertex  2.322428e+000  5.900000e+001 -2.259321e-001
      vertex  2.683255e+000  5.900000e+001 -1.796131e-001
    endloop
  endfacet
  facet normal -2.698698e-001  6.080117e-001  7.466540e-001
    outer loop
      vertex  2.703203e+000  5.961251e+001 -6.711797e-001
      vertex  2.683255e+000  5.900000e+001 -1.796131e-001
      vertex  2.936536e+000  5.964562e+001 -6.138043e-001
    endloop
  endfacet
  facet normal -3.722459e-001  6.140745e-001  6.959493e-001
    outer loop
      vertex  2.936536e+000  5.964562e+001 -6.138043e-001
      vertex  2.683255e+000  5.900000e+001 -1.796131e-001
      vertex  2.999983e+000  5.900000e+001 -1.020347e-002
    endloop
  endfacet
  facet normal  9.634202e-001  2.679951e-001  3.563940e-004
    outer loop
      vertex  1.403624e+000  4.100000e+001 -9.990152e-001
      vertex  1.402948e+000  4.100000e+001  8.265420e-001
      vertex  1.542623e+000  4.050000e+001 -7.671405e-001
    endloop
  endfacet
  facet normal  8.983151e-001  3.280571e-001  2.922477e-001
    outer loop
      vertex  1.643638e+000  4.000000e+001 -5.163763e-001
      vertex  1.542623e+000  4.050000e+001 -7.671405e-001
      vertex  1.078868e+000  4.000000e+001  1.219623e+000
    endloop
  endfacet
  facet normal  9.556885e-001 -2.464079e-001  1.610669e-001
    outer loop
      vertex  1.078868e+000  4.000000e+001  1.219623e+000
      vertex  1.542623e+000  4.050000e+001 -7.671405e-001
      vertex  1.402948e+000  4.100000e+001  8.265420e-001
    endloop
  endfacet
  facet normal  9.348109e-001 -1.834100e-001  3.041209e-001
    outer loop
      vertex  1.078868e+000  4.000000e+001  1.219623e+000
      vertex  1.402948e+000  4.100000e+001  8.265420e-001
      vertex  5.140973e-001  4.000000e+001  2.955622e+000
    endloop
  endfacet
  facet normal  7.477157e-001 -6.640190e-001  2.765993e-004
    outer loop
      vertex  5.140973e-001  4.000000e+001  2.955622e+000
      vertex  1.402948e+000  4.100000e+001  8.265420e-001
      vertex  1.402273e+000  4.100000e+001  2.652099e+000
    endloop
  endfacet
  facet normal  9.163772e-001  2.679951e-001 -2.973742e-001
    outer loop
      vertex  1.026213e+000  4.200000e+001 -1.383863e+000
      vertex  1.589699e+000  4.200000e+001  3.525532e-001
      vertex  1.230062e+000  4.150000e+001 -1.206291e+000
    endloop
  endfacet
  facet normal  9.446578e-001  3.280570e-001  3.494533e-004
    outer loop
      vertex  1.403624e+000  4.100000e+001 -9.990152e-001
      vertex  1.230062e+000  4.150000e+001 -1.206291e+000
      vertex  1.402948e+000  4.100000e+001  8.265420e-001
    endloop
  endfacet
  facet normal  9.586862e-001 -2.464078e-001 -1.421403e-001
    outer loop
      vertex  1.402948e+000  4.100000e+001  8.265420e-001
      vertex  1.230062e+000  4.150000e+001 -1.206291e+000
      vertex  1.589699e+000  4.200000e+001  3.525532e-001
    endloop
  endfacet
  facet normal  9.830365e-001 -1.834100e-001  3.636506e-004
    outer loop
      vertex  1.402948e+000  4.100000e+001  8.265420e-001
      vertex  1.589699e+000  4.200000e+001  3.525532e-001
      vertex  1.402273e+000  4.100000e+001  2.652099e+000
    endloop
  endfacet
  facet normal  7.112053e-001 -6.640189e-001 -2.307938e-001
    outer loop
      vertex  1.402273e+000  4.100000e+001  2.652099e+000
      vertex  1.589699e+000  4.200000e+001  3.525532e-001
      vertex  2.153185e+000  4.200000e+001  2.088970e+000
    endloop
  endfacet
  facet normal  7.796328e-001  2.679950e-001 -5.659959e-001
    outer loop
      vertex  5.483491e-001  4.300000e+001 -1.633250e+000
      vertex  1.620838e+000  4.300000e+001 -1.559459e-001
      vertex  7.970945e-001  4.250000e+001 -1.527361e+000
    endloop
  endfacet
  facet normal  8.985309e-001  3.280571e-001 -2.915829e-001
    outer loop
      vertex  1.026213e+000  4.200000e+001 -1.383863e+000
      vertex  7.970945e-001  4.250000e+001 -1.527361e+000
      vertex  1.589699e+000  4.200000e+001  3.525532e-001
    endloop
  endfacet
  facet normal  8.678410e-001 -2.464079e-001 -4.314338e-001
    outer loop
      vertex  1.589699e+000  4.200000e+001  3.525532e-001
      vertex  7.970945e-001  4.250000e+001 -1.527361e+000
      vertex  1.620838e+000  4.300000e+001 -1.559459e-001
    endloop
  endfacet
  facet normal  9.350356e-001 -1.834101e-001 -3.034291e-001
    outer loop
      vertex  1.589699e+000  4.200000e+001  3.525532e-001
      vertex  1.620838e+000  4.300000e+001 -1.559459e-001
      vertex  2.153185e+000  4.200000e+001  2.088970e+000
    endloop
  endfacet
  facet normal  6.050772e-001 -6.640190e-001 -4.392724e-001
    outer loop
      vertex  2.153185e+000  4.200000e+001  2.088970e+000
      vertex  1.620838e+000  4.300000e+001 -1.559459e-001
      vertex  2.693328e+000  4.300000e+001  1.321358e+000
    endloop
  endfacet
  facet normal  5.665725e-001  2.679950e-001 -7.792138e-001
    outer loop
      vertex  1.680910e-002  4.400000e+001 -1.722762e+000
      vertex  1.493319e+000  4.400000e+001 -6.491799e-001
      vertex  2.861015e-001  4.350000e+001 -1.698922e+000
    endloop
  endfacet
  facet normal  7.644497e-001  3.280570e-001 -5.549733e-001
    outer loop
      vertex  5.483491e-001  4.300000e+001 -1.633250e+000
      vertex  2.861015e-001  4.350000e+001 -1.698922e+000
      vertex  1.620838e+000  4.300000e+001 -1.559459e-001
    endloop
  endfacet
  facet normal  6.920455e-001 -2.464078e-001 -6.784955e-001
    outer loop
      vertex  1.620838e+000  4.300000e+001 -1.559459e-001
      vertex  2.861015e-001  4.350000e+001 -1.698922e+000
      vertex  1.493319e+000  4.400000e+001 -6.491799e-001
    endloop
  endfacet
  facet normal  7.955070e-001 -1.834099e-001 -5.775201e-001
    outer loop
      vertex  1.620838e+000  4.300000e+001 -1.559459e-001
      vertex  1.493319e+000  4.400000e+001 -6.491799e-001
      vertex  2.693328e+000  4.300000e+001  1.321358e+000
    endloop
  endfacet
  facet normal  4.397200e-001 -6.640190e-001 -6.047521e-001
    outer loop
      vertex  2.693328e+000  4.300000e+001  1.321358e+000
      vertex  1.493319e+000  4.400000e+001 -6.491799e-001
      vertex  2.969829e+000  4.400000e+001  4.244020e-001
    endloop
  endfacet
  facet normal  2.980522e-001  2.679949e-001 -9.161569e-001
    outer loop
      vertex -5.163763e-001  4.500000e+001 -1.643638e+000
      vertex  1.219623e+000  4.500000e+001 -1.078868e+000
      vertex -2.528972e-001  4.450000e+001 -1.704181e+000
    endloop
  endfacet
  facet normal  5.555387e-001  3.280571e-001 -7.640389e-001
    outer loop
      vertex  1.680910e-002  4.400000e+001 -1.722762e+000
      vertex -2.528972e-001  4.450000e+001 -1.704181e+000
      vertex  1.493319e+000  4.400000e+001 -6.491799e-001
    endloop
  endfacet
  facet normal  4.485078e-001 -2.464079e-001 -8.591414e-001
    outer loop
      vertex  1.493319e+000  4.400000e+001 -6.491799e-001
      vertex -2.528972e-001  4.450000e+001 -1.704181e+000
      vertex  1.219623e+000  4.500000e+001 -1.078868e+000
    endloop
  endfacet
  facet normal  5.781085e-001 -1.834101e-001 -7.950795e-001
    outer loop
      vertex  1.493319e+000  4.400000e+001 -6.491799e-001
      vertex  1.219623e+000  4.500000e+001 -1.078868e+000
      vertex  2.969829e+000  4.400000e+001  4.244020e-001
    endloop
  endfacet
  facet normal  2.313200e-001 -6.640189e-001 -7.110344e-001
    outer loop
      vertex  2.969829e+000  4.400000e+001  4.244020e-001
      vertex  1.219623e+000  4.500000e+001 -1.078868e+000
      vertex  2.955622e+000  4.500000e+001 -5.140973e-001
    endloop
  endfacet
  facet normal  3.563940e-004  2.679951e-001 -9.634202e-001
    outer loop
      vertex -9.990152e-001  4.600000e+001 -1.403624e+000
      vertex  8.265420e-001  4.600000e+001 -1.402948e+000
      vertex -7.671405e-001  4.550000e+001 -1.542623e+000
    endloop
  endfacet
  facet normal  2.922477e-001  3.280571e-001 -8.983151e-001
    outer loop
      vertex -5.163763e-001  4.500000e+001 -1.643638e+000
      vertex -7.671405e-001  4.550000e+001 -1.542623e+000
      vertex  1.219623e+000  4.500000e+001 -1.078868e+000
    endloop
  endfacet
  facet normal  1.610669e-001 -2.464079e-001 -9.556885e-001
    outer loop
      vertex  1.219623e+000  4.500000e+001 -1.078868e+000
      vertex -7.671405e-001  4.550000e+001 -1.542623e+000
      vertex  8.265420e-001  4.600000e+001 -1.402948e+000
    endloop
  endfacet
  facet normal  3.041209e-001 -1.834100e-001 -9.348109e-001
    outer loop
      vertex  1.219623e+000  4.500000e+001 -1.078868e+000
      vertex  8.265420e-001  4.600000e+001 -1.402948e+000
      vertex  2.955622e+000  4.500000e+001 -5.140973e-001
    endloop
  endfacet
  facet normal  2.765993e-004 -6.640190e-001 -7.477157e-001
    outer loop
      vertex  2.955622e+000  4.500000e+001 -5.140973e-001
      vertex  8.265420e-001  4.600000e+001 -1.402948e+000
      vertex  2.652099e+000  4.600000e+001 -1.402273e+000
    endloop
  endfacet
  facet normal -2.973742e-001  2.679951e-001 -9.163772e-001
    outer loop
      vertex -1.383863e+000  4.700000e+001 -1.026213e+000
      vertex  3.525532e-001  4.700000e+001 -1.589699e+000
      vertex -1.206291e+000  4.650000e+001 -1.230062e+000
    endloop
  endfacet
  facet normal  3.494533e-004  3.280570e-001 -9.446578e-001
    outer loop
      vertex -9.990152e-001  4.600000e+001 -1.403624e+000
      vertex -1.206291e+000  4.650000e+001 -1.230062e+000
      vertex  8.265420e-001  4.600000e+001 -1.402948e+000
    endloop
  endfacet
  facet normal -1.421403e-001 -2.464078e-001 -9.586862e-001
    outer loop
      vertex  8.265420e-001  4.600000e+001 -1.402948e+000
      vertex -1.206291e+000  4.650000e+001 -1.230062e+000
      vertex  3.525532e-001  4.700000e+001 -1.589699e+000
    endloop
  endfacet
  facet normal  3.636506e-004 -1.834100e-001 -9.830365e-001
    outer loop
      vertex  8.265420e-001  4.600000e+001 -1.402948e+000
      vertex  3.525532e-001  4.700000e+001 -1.589699e+000
      vertex  2.652099e+000  4.600000e+001 -1.402273e+000
    endloop
  endfacet
  facet normal -2.307938e-001 -6.640189e-001 -7.112053e-001
    outer loop
      vertex  2.652099e+000  4.600000e+001 -1.402273e+000
      vertex  3.525532e-001  4.700000e+001 -1.589699e+000
      vertex  2.088970e+000  4.700000e+001 -2.153185e+000
    endloop
  endfacet
  facet normal -5.659959e-001  2.679950e-001 -7.796328e-001
    outer loop
      vertex -1.633250e+000  4.800000e+001 -5.483491e-001
      vertex -1.559459e-001  4.800000e+001 -1.620838e+000
      vertex -1.527361e+000  4.750000e+001 -7.970945e-001
    endloop
  endfacet
  facet normal -2.915829e-001  3.280571e-001 -8.985309e-001
    outer loop
      vertex -1.383863e+000  4.700000e+001 -1.026213e+000
      vertex -1.527361e+000  4.750000e+001 -7.970945e-001
      vertex  3.525532e-001  4.700000e+001 -1.589699e+000
    endloop
  endfacet
  facet normal -4.314338e-001 -2.464079e-001 -8.678410e-001
    outer loop
      vertex  3.525532e-001  4.700000e+001 -1.589699e+000
      vertex -1.527361e+000  4.750000e+001 -7.970945e-001
      vertex -1.559459e-001  4.800000e+001 -1.620838e+000
    endloop
  endfacet
  facet normal -3.034291e-001 -1.834101e-001 -9.350356e-001
    outer loop
      vertex  3.525532e-001  4.700000e+001 -1.589699e+000
      vertex -1.559459e-001  4.800000e+001 -1.620838e+000
      vertex  2.088970e+000  4.700000e+001 -2.153185e+000
    endloop
  endfacet
  facet normal -4.392724e-001 -6.640190e-001 -6.050772e-001
    outer loop
      vertex  2.088970e+000  4.700000e+001 -2.153185e+000
      vertex -1.559459e-001  4.800000e+001 -1.620838e+000
      vertex  1.321358e+000  4.800000e+001 -2.693328e+000
    endloop
  endfacet
  facet normal -7.792138e-001  2.679950e-001 -5.665725e-001
    outer loop
      vertex -1.722762e+000  4.900000e+001 -1.680910e-002
      vertex -6.491799e-001  4.900000e+001 -1.493319e+000
      vertex -1.698922e+000  4.850000e+001 -2.861015e-001
    endloop
  endfacet
  facet normal -5.549733e-001  3.280570e-001 -7.644497e-001
    outer loop
      vertex -1.633250e+000  4.800000e+001 -5.483491e-001
      vertex -1.698922e+000  4.850000e+001 -2.861015e-001
      vertex -1.559459e-001  4.800000e+001 -1.620838e+000
    endloop
  endfacet
  facet normal -6.784955e-001 -2.464078e-001 -6.920455e-001
    outer loop
      vertex -1.559459e-001  4.800000e+001 -1.620838e+000
      vertex -1.698922e+000  4.850000e+001 -2.861015e-001
      vertex -6.491799e-001  4.900000e+001 -1.493319e+000
    endloop
  endfacet
  facet normal -5.775201e-001 -1.834099e-001 -7.955070e-001
    outer loop
      vertex -1.559459e-001  4.800000e+001 -1.620838e+000
      vertex -6.491799e-001  4.900000e+001 -1.493319e+000
      vertex  1.321358e+000  4.800000e+001 -2.693328e+000
    endloop
  endfacet
  facet normal -6.047521e-001 -6.640190e-001 -4.397200e-001
    outer loop
      vertex  1.321358e+000  4.800000e+001 -2.693328e+000
      vertex -6.491799e-001  4.900000e+001 -1.493319e+000
      vertex  4.244020e-001  4.900000e+001 -2.969829e+000
    endloop
  endfacet
  facet normal -7.186900e-001 -6.548415e-001 -2.338105e-001
    outer loop
      vertex  2.525757e-015  4.945162e+001 -3.000000e+000
      vertex -1.078868e+000  5.000000e+001 -1.219623e+000
      vertex -5.140973e-001  5.000000e+001 -2.955622e+000
    endloop
  endfacet
  facet normal -9.161569e-001  2.679949e-001 -2.980522e-001
    outer loop
      vertex -1.643638e+000  5.000000e+001  5.163763e-001
      vertex -1.078868e+000  5.000000e+001 -1.219623e+000
      vertex -1.704181e+000  4.950000e+001  2.528972e-001
    endloop
  endfacet
  facet normal -7.640389e-001  3.280571e-001 -5.555387e-001
    outer loop
      vertex -1.722762e+000  4.900000e+001 -1.680910e-002
      vertex -1.704181e+000  4.950000e+001  2.528972e-001
      vertex -6.491799e-001  4.900000e+001 -1.493319e+000
    endloop
  endfacet
  facet normal -8.591413e-001 -2.464079e-001 -4.485077e-001
    outer loop
      vertex -6.491799e-001  4.900000e+001 -1.493319e+000
      vertex -1.704181e+000  4.950000e+001  2.528972e-001
      vertex -1.078868e+000  5.000000e+001 -1.219623e+000
    endloop
  endfacet
  facet normal -7.950795e-001 -1.834101e-001 -5.781085e-001
    outer loop
      vertex -6.491799e-001  4.900000e+001 -1.493319e+000
      vertex -1.078868e+000  5.000000e+001 -1.219623e+000
      vertex  4.244020e-001  4.900000e+001 -2.969829e+000
    endloop
  endfacet
  facet normal -7.038325e-001 -6.759945e-001 -2.182918e-001
    outer loop
      vertex  4.244020e-001  4.900000e+001 -2.969829e+000
      vertex -1.078868e+000  5.000000e+001 -1.219623e+000
      vertex  2.525757e-015  4.945162e+001 -3.000000e+000
    endloop
  endfacet
  facet normal -9.634202e-001  2.679951e-001 -3.563940e-004
    outer loop
      vertex -1.403624e+000  5.100000e+001  9.990152e-001
      vertex -1.402948e+000  5.100000e+001 -8.265420e-001
      vertex -1.542623e+000  5.050000e+001  7.671405e-001
    endloop
  endfacet
  facet normal -8.983151e-001  3.280571e-001 -2.922477e-001
    outer loop
      vertex -1.643638e+000  5.000000e+001  5.163763e-001
      vertex -1.542623e+000  5.050000e+001  7.671405e-001
      vertex -1.078868e+000  5.000000e+001 -1.219623e+000
    endloop
  endfacet
  facet normal -9.556885e-001 -2.464079e-001 -1.610669e-001
    outer loop
      vertex -1.078868e+000  5.000000e+001 -1.219623e+000
      vertex -1.542623e+000  5.050000e+001  7.671405e-001
      vertex -1.402948e+000  5.100000e+001 -8.265420e-001
    endloop
  endfacet
  facet normal -9.348109e-001 -1.834100e-001 -3.041209e-001
    outer loop
      vertex -1.078868e+000  5.000000e+001 -1.219623e+000
      vertex -1.402948e+000  5.100000e+001 -8.265420e-001
      vertex -5.140973e-001  5.000000e+001 -2.955622e+000
    endloop
  endfacet
  facet normal -7.477157e-001 -6.640190e-001 -2.765993e-004
    outer loop
      vertex -5.140973e-001  5.000000e+001 -2.955622e+000
      vertex -1.402948e+000  5.100000e+001 -8.265420e-001
      vertex -1.402273e+000  5.100000e+001 -2.652099e+000
    endloop
  endfacet
  facet normal -9.163772e-001  2.679951e-001  2.973742e-001
    outer loop
      vertex -1.026213e+000  5.200000e+001  1.383863e+000
      vertex -1.589699e+000  5.200000e+001 -3.525532e-001
      vertex -1.230062e+000  5.150000e+001  1.206291e+000
    endloop
  endfacet
  facet normal -9.446578e-001  3.280570e-001 -3.494533e-004
    outer loop
      vertex -1.403624e+000  5.100000e+001  9.990152e-001
      vertex -1.230062e+000  5.150000e+001  1.206291e+000
      vertex -1.402948e+000  5.100000e+001 -8.265420e-001
    endloop
  endfacet
  facet normal -9.586862e-001 -2.464078e-001  1.421403e-001
    outer loop
      vertex -1.402948e+000  5.100000e+001 -8.265420e-001
      vertex -1.230062e+000  5.150000e+001  1.206291e+000
      vertex -1.589699e+000  5.200000e+001 -3.525532e-001
    endloop
  endfacet
  facet normal -9.830365e-001 -1.834100e-001 -3.636506e-004
    outer loop
      vertex -1.402948e+000  5.100000e+001 -8.265420e-001
      vertex -1.589699e+000  5.200000e+001 -3.525532e-001
      vertex -1.402273e+000  5.100000e+001 -2.652099e+000
    endloop
  endfacet
  facet normal -7.112053e-001 -6.640189e-001  2.307938e-001
    outer loop
      vertex -1.402273e+000  5.100000e+001 -2.652099e+000
      vertex -1.589699e+000  5.200000e+001 -3.525532e-001
      vertex -2.153185e+000  5.200000e+001 -2.088970e+000
    endloop
  endfacet
  facet normal -7.796328e-001  2.679950e-001  5.659959e-001
    outer loop
      vertex -5.483491e-001  5.300000e+001  1.633250e+000
      vertex -1.620838e+000  5.300000e+001  1.559459e-001
      vertex -7.970945e-001  5.250000e+001  1.527361e+000
    endloop
  endfacet
  facet normal -8.985309e-001  3.280571e-001  2.915829e-001
    outer loop
      vertex -1.026213e+000  5.200000e+001  1.383863e+000
      vertex -7.970945e-001  5.250000e+001  1.527361e+000
      vertex -1.589699e+000  5.200000e+001 -3.525532e-001
    endloop
  endfacet
  facet normal -8.678410e-001 -2.464079e-001  4.314338e-001
    outer loop
      vertex -1.589699e+000  5.200000e+001 -3.525532e-001
      vertex -7.970945e-001  5.250000e+001  1.527361e+000
      vertex -1.620838e+000  5.300000e+001  1.559459e-001
    endloop
  endfacet
  facet normal -9.350356e-001 -1.834101e-001  3.034291e-001
    outer loop
      vertex -1.589699e+000  5.200000e+001 -3.525532e-001
      vertex -1.620838e+000  5.300000e+001  1.559459e-001
      vertex -2.153185e+000  5.200000e+001 -2.088970e+000
    endloop
  endfacet
  facet normal -6.050772e-001 -6.640190e-001  4.392724e-001
    outer loop
      vertex -2.153185e+000  5.200000e+001 -2.088970e+000
      vertex -1.620838e+000  5.300000e+001  1.559459e-001
      vertex -2.693328e+000  5.300000e+001 -1.321358e+000
    endloop
  endfacet
  facet normal -5.665725e-001  2.679950e-001  7.792138e-001
    outer loop
      vertex -1.680910e-002  5.400000e+001  1.722762e+000
      vertex -1.493319e+000  5.400000e+001  6.491799e-001
      vertex -2.861015e-001  5.350000e+001  1.698922e+000
    endloop
  endfacet
  facet normal -7.644497e-001  3.280570e-001  5.549733e-001
    outer loop
      vertex -5.483491e-001  5.300000e+001  1.633250e+000
      vertex -2.861015e-001  5.350000e+001  1.698922e+000
      vertex -1.620838e+000  5.300000e+001  1.559459e-001
    endloop
  endfacet
  facet normal -6.920455e-001 -2.464078e-001  6.784955e-001
    outer loop
      vertex -1.620838e+000  5.300000e+001  1.559459e-001
      vertex -2.861015e-001  5.350000e+001  1.698922e+000
      vertex -1.493319e+000  5.400000e+001  6.491799e-001
    endloop
  endfacet
  facet normal -7.955070e-001 -1.834099e-001  5.775201e-001
    outer loop
      vertex -1.620838e+000  5.300000e+001  1.559459e-001
      vertex -1.493319e+000  5.400000e+001  6.491799e-001
      vertex -2.693328e+000  5.300000e+001 -1.321358e+000
    endloop
  endfacet
  facet normal -4.397200e-001 -6.640190e-001  6.047521e-001
    outer loop
      vertex -2.693328e+000  5.300000e+001 -1.321358e+000
      vertex -1.493319e+000  5.400000e+001  6.491799e-001
      vertex -2.969829e+000  5.400000e+001 -4.244020e-001
    endloop
  endfacet
  facet normal -2.980522e-001  2.679949e-001  9.161569e-001
    outer loop
      vertex  5.163763e-001  5.500000e+001  1.643638e+000
      vertex -1.219623e+000  5.500000e+001  1.078868e+000
      vertex  2.528972e-001  5.450000e+001  1.704181e+000
    endloop
  endfacet
  facet normal -5.555387e-001  3.280571e-001  7.640389e-001
    outer loop
      vertex -1.680910e-002  5.400000e+001  1.722762e+000
      vertex  2.528972e-001  5.450000e+001  1.704181e+000
      vertex -1.493319e+000  5.400000e+001  6.491799e-001
    endloop
  endfacet
  facet normal -4.485078e-001 -2.464079e-001  8.591414e-001
    outer loop
      vertex -1.493319e+000  5.400000e+001  6.491799e-001
      vertex  2.528972e-001  5.450000e+001  1.704181e+000
      vertex -1.219623e+000  5.500000e+001  1.078868e+000
    endloop
  endfacet
  facet normal -5.781085e-001 -1.834101e-001  7.950795e-001
    outer loop
      vertex -1.493319e+000  5.400000e+001  6.491799e-001
      vertex -1.219623e+000  5.500000e+001  1.078868e+000
      vertex -2.969829e+000  5.400000e+001 -4.244020e-001
    endloop
  endfacet
  facet normal -2.313200e-001 -6.640189e-001  7.110344e-001
    outer loop
      vertex -2.969829e+000  5.400000e+001 -4.244020e-001
      vertex -1.219623e+000  5.500000e+001  1.078868e+000
      vertex -2.955622e+000  5.500000e+001  5.140973e-001
    endloop
  endfacet
  facet normal -3.563940e-004  2.679951e-001  9.634202e-001
    outer loop
      vertex  9.990152e-001  5.600000e+001  1.403624e+000
      vertex -8.265420e-001  5.600000e+001  1.402948e+000
      vertex  7.671405e-001  5.550000e+001  1.542623e+000
    endloop
  endfacet
  facet normal -2.922477e-001  3.280571e-001  8.983151e-001
    outer loop
      vertex  5.163763e-001  5.500000e+001  1.643638e+000
      vertex  7.671405e-001  5.550000e+001  1.542623e+000
      vertex -1.219623e+000  5.500000e+001  1.078868e+000
    endloop
  endfacet
  facet normal -1.610669e-001 -2.464079e-001  9.556885e-001
    outer loop
      vertex -1.219623e+000  5.500000e+001  1.078868e+000
      vertex  7.671405e-001  5.550000e+001  1.542623e+000
      vertex -8.265420e-001  5.600000e+001  1.402948e+000
    endloop
  endfacet
  facet normal -3.041209e-001 -1.834100e-001  9.348109e-001
    outer loop
      vertex -1.219623e+000  5.500000e+001  1.078868e+000
      vertex -8.265420e-001  5.600000e+001  1.402948e+000
      vertex -2.955622e+000  5.500000e+001  5.140973e-001
    endloop
  endfacet
  facet normal -2.765993e-004 -6.640190e-001  7.477157e-001
    outer loop
      vertex -2.955622e+000  5.500000e+001  5.140973e-001
      vertex -8.265420e-001  5.600000e+001  1.402948e+000
      vertex -2.652099e+000  5.600000e+001  1.402273e+000
    endloop
  endfacet
  facet normal  2.973742e-001  2.679951e-001  9.163772e-001
    outer loop
      vertex  1.383863e+000  5.700000e+001  1.026213e+000
      vertex -3.525532e-001  5.700000e+001  1.589699e+000
      vertex  1.206291e+000  5.650000e+001  1.230062e+000
    endloop
  endfacet
  facet normal -3.494533e-004  3.280570e-001  9.446578e-001
    outer loop
      vertex  9.990152e-001  5.600000e+001  1.403624e+000
      vertex  1.206291e+000  5.650000e+001  1.230062e+000
      vertex -8.265420e-001  5.600000e+001  1.402948e+000
    endloop
  endfacet
  facet normal  1.421403e-001 -2.464078e-001  9.586862e-001
    outer loop
      vertex -8.265420e-001  5.600000e+001  1.402948e+000
      vertex  1.206291e+000  5.650000e+001  1.230062e+000
      vertex -3.525532e-001  5.700000e+001  1.589699e+000
    endloop
  endfacet
  facet normal -3.636506e-004 -1.834100e-001  9.830365e-001
    outer loop
      vertex -8.265420e-001  5.600000e+001  1.402948e+000
      vertex -3.525532e-001  5.700000e+001  1.589699e+000
      vertex -2.652099e+000  5.600000e+001  1.402273e+000
    endloop
  endfacet
  facet normal  2.307938e-001 -6.640189e-001  7.112053e-001
    outer loop
      vertex -2.652099e+000  5.600000e+001  1.402273e+000
      vertex -3.525532e-001  5.700000e+001  1.589699e+000
      vertex -2.088970e+000  5.700000e+001  2.153185e+000
    endloop
  endfacet
  facet normal  5.659959e-001  2.679950e-001  7.796328e-001
    outer loop
      vertex  1.633250e+000  5.800000e+001  5.483491e-001
      vertex  1.559459e-001  5.800000e+001  1.620838e+000
      vertex  1.527361e+000  5.750000e+001  7.970945e-001
    endloop
  endfacet
  facet normal  2.915829e-001  3.280571e-001  8.985309e-001
    outer loop
      vertex  1.383863e+000  5.700000e+001  1.026213e+000
      vertex  1.527361e+000  5.750000e+001  7.970945e-001
      vertex -3.525532e-001  5.700000e+001  1.589699e+000
    endloop
  endfacet
  facet normal  4.314338e-001 -2.464079e-001  8.678410e-001
    outer loop
      vertex -3.525532e-001  5.700000e+001  1.589699e+000
      vertex  1.527361e+000  5.750000e+001  7.970945e-001
      vertex  1.559459e-001  5.800000e+001  1.620838e+000
    endloop
  endfacet
  facet normal  3.034291e-001 -1.834101e-001  9.350356e-001
    outer loop
      vertex -3.525532e-001  5.700000e+001  1.589699e+000
      vertex  1.559459e-001  5.800000e+001  1.620838e+000
      vertex -2.088970e+000  5.700000e+001  2.153185e+000
    endloop
  endfacet
  facet normal  4.392724e-001 -6.640190e-001  6.050772e-001
    outer loop
      vertex -2.088970e+000  5.700000e+001  2.153185e+000
      vertex  1.559459e-001  5.800000e+001  1.620838e+000
      vertex -1.321358e+000  5.800000e+001  2.693328e+000
    endloop
  endfacet
  facet normal  5.549733e-001  3.280570e-001  7.644497e-001
    outer loop
      vertex  1.633250e+000  5.800000e+001  5.483491e-001
      vertex  1.698922e+000  5.850000e+001  2.861015e-001
      vertex  1.559459e-001  5.800000e+001  1.620838e+000
    endloop
  endfacet
  facet normal  6.025468e-001 -6.779321e-001  4.211239e-001
    outer loop
      vertex -1.001934e+000  5.836740e+001  2.827743e+000
      vertex -1.321358e+000  5.800000e+001  2.693328e+000
      vertex  4.755963e-001  5.900000e+001  1.732051e+000
    endloop
  endfacet
  facet normal  5.660520e-001 -2.676520e-001  7.797101e-001
    outer loop
      vertex  4.755963e-001  5.900000e+001  1.732051e+000
      vertex -1.321358e+000  5.800000e+001  2.693328e+000
      vertex  1.559459e-001  5.800000e+001  1.620838e+000
    endloop
  endfacet
  facet normal  7.694364e-001 -3.081698e-001  5.594633e-001
    outer loop
      vertex  4.755963e-001  5.900000e+001  1.732051e+000
      vertex  1.559459e-001  5.800000e+001  1.620838e+000
      vertex  1.722762e+000  5.900000e+001  1.680910e-002
    endloop
  endfacet
  facet normal  5.306154e-001  3.821748e-001  7.565644e-001
    outer loop
      vertex  1.722762e+000  5.900000e+001  1.680910e-002
      vertex  1.559459e-001  5.800000e+001  1.620838e+000
      vertex  1.698922e+000  5.850000e+001  2.861015e-001
    endloop
  endfacet
  facet normal  9.151088e-001  2.316847e-001  3.299971e-001
    outer loop
      vertex  1.676593e+000  5.977107e+001 -3.965170e-001
      vertex  1.475646e+000  6.000000e+001 -2.442491e-014
      vertex  1.722762e+000  5.900000e+001  1.680910e-002
    endloop
  endfacet
  facet normal  7.915739e-001  2.052850e-001  5.755596e-001
    outer loop
      vertex  1.722762e+000  5.900000e+001  1.680910e-002
      vertex  1.475646e+000  6.000000e+001 -2.442491e-014
      vertex  4.755963e-001  5.900000e+001  1.732051e+000
    endloop
  endfacet
  facet normal -2.973742e-001  2.679951e-001 -9.163772e-001
    outer loop
      vertex -1.383863e+000  3.700000e+001 -1.026213e+000
      vertex  3.525532e-001  3.700000e+001 -1.589699e+000
      vertex -1.206291e+000  3.650000e+001 -1.230062e+000
    endloop
  endfacet
  facet normal  3.494533e-004  3.280570e-001 -9.446578e-001
    outer loop
      vertex -9.990152e-001  3.600000e+001 -1.403624e+000
      vertex -1.206291e+000  3.650000e+001 -1.230062e+000
      vertex  8.265420e-001  3.600000e+001 -1.402948e+000
    endloop
  endfacet
  facet normal -1.421403e-001 -2.464078e-001 -9.586862e-001
    outer loop
      vertex  8.265420e-001  3.600000e+001 -1.402948e+000
      vertex -1.206291e+000  3.650000e+001 -1.230062e+000
      vertex  3.525532e-001  3.700000e+001 -1.589699e+000
    endloop
  endfacet
  facet normal  3.636506e-004 -1.834100e-001 -9.830365e-001
    outer loop
      vertex  8.265420e-001  3.600000e+001 -1.402948e+000
      vertex  3.525532e-001  3.700000e+001 -1.589699e+000
      vertex  2.652099e+000  3.600000e+001 -1.402273e+000
    endloop
  endfacet
  facet normal -2.307938e-001 -6.640189e-001 -7.112053e-001
    outer loop
      vertex  2.652099e+000  3.600000e+001 -1.402273e+000
      vertex  3.525532e-001  3.700000e+001 -1.589699e+000
      vertex  2.088970e+000  3.700000e+001 -2.153185e+000
    endloop
  endfacet
  facet normal -5.659959e-001  2.679950e-001 -7.796328e-001
    outer loop
      vertex -1.633250e+000  3.800000e+001 -5.483491e-001
      vertex -1.559459e-001  3.800000e+001 -1.620838e+000
      vertex -1.527361e+000  3.750000e+001 -7.970945e-001
    endloop
  endfacet
  facet normal -2.915829e-001  3.280571e-001 -8.985309e-001
    outer loop
      vertex -1.383863e+000  3.700000e+001 -1.026213e+000
      vertex -1.527361e+000  3.750000e+001 -7.970945e-001
      vertex  3.525532e-001  3.700000e+001 -1.589699e+000
    endloop
  endfacet
  facet normal -4.314338e-001 -2.464079e-001 -8.678410e-001
    outer loop
      vertex  3.525532e-001  3.700000e+001 -1.589699e+000
      vertex -1.527361e+000  3.750000e+001 -7.970945e-001
      vertex -1.559459e-001  3.800000e+001 -1.620838e+000
    endloop
  endfacet
  facet normal -3.034291e-001 -1.834101e-001 -9.350356e-001
    outer loop
      vertex  3.525532e-001  3.700000e+001 -1.589699e+000
      vertex -1.559459e-001  3.800000e+001 -1.620838e+000
      vertex  2.088970e+000  3.700000e+001 -2.153185e+000
    endloop
  endfacet
  facet normal -4.392724e-001 -6.640190e-001 -6.050772e-001
    outer loop
      vertex  2.088970e+000  3.700000e+001 -2.153185e+000
      vertex -1.559459e-001  3.800000e+001 -1.620838e+000
      vertex  1.321358e+000  3.800000e+001 -2.693328e+000
    endloop
  endfacet
  facet normal -7.792138e-001  2.679950e-001 -5.665725e-001
    outer loop
      vertex -1.722762e+000  3.900000e+001 -1.680910e-002
      vertex -6.491799e-001  3.900000e+001 -1.493319e+000
      vertex -1.698922e+000  3.850000e+001 -2.861015e-001
    endloop
  endfacet
  facet normal -5.549733e-001  3.280570e-001 -7.644497e-001
    outer loop
      vertex -1.633250e+000  3.800000e+001 -5.483491e-001
      vertex -1.698922e+000  3.850000e+001 -2.861015e-001
      vertex -1.559459e-001  3.800000e+001 -1.620838e+000
    endloop
  endfacet
  facet normal -6.784955e-001 -2.464078e-001 -6.920455e-001
    outer loop
      vertex -1.559459e-001  3.800000e+001 -1.620838e+000
      vertex -1.698922e+000  3.850000e+001 -2.861015e-001
      vertex -6.491799e-001  3.900000e+001 -1.493319e+000
    endloop
  endfacet
  facet normal -5.775201e-001 -1.834099e-001 -7.955070e-001
    outer loop
      vertex -1.559459e-001  3.800000e+001 -1.620838e+000
      vertex -6.491799e-001  3.900000e+001 -1.493319e+000
      vertex  1.321358e+000  3.800000e+001 -2.693328e+000
    endloop
  endfacet
  facet normal -6.047521e-001 -6.640190e-001 -4.397200e-001
    outer loop
      vertex  1.321358e+000  3.800000e+001 -2.693328e+000
      vertex -6.491799e-001  3.900000e+001 -1.493319e+000
      vertex  4.244020e-001  3.900000e+001 -2.969829e+000
    endloop
  endfacet
  facet normal -7.186900e-001 -6.548415e-001 -2.338105e-001
    outer loop
      vertex  6.383782e-016  3.945162e+001 -3.000000e+000
      vertex -1.078868e+000  4.000000e+001 -1.219623e+000
      vertex -5.140973e-001  4.000000e+001 -2.955622e+000
    endloop
  endfacet
  facet normal -9.161569e-001  2.679949e-001 -2.980522e-001
    outer loop
      vertex -1.643638e+000  4.000000e+001  5.163763e-001
      vertex -1.078868e+000  4.000000e+001 -1.219623e+000
      vertex -1.704181e+000  3.950000e+001  2.528972e-001
    endloop
  endfacet
  facet normal -7.640389e-001  3.280571e-001 -5.555387e-001
    outer loop
      vertex -1.722762e+000  3.900000e+001 -1.680910e-002
      vertex -1.704181e+000  3.950000e+001  2.528972e-001
      vertex -6.491799e-001  3.900000e+001 -1.493319e+000
    endloop
  endfacet
  facet normal -8.591413e-001 -2.464079e-001 -4.485077e-001
    outer loop
      vertex -6.491799e-001  3.900000e+001 -1.493319e+000
      vertex -1.704181e+000  3.950000e+001  2.528972e-001
      vertex -1.078868e+000  4.000000e+001 -1.219623e+000
    endloop
  endfacet
  facet normal -7.950795e-001 -1.834101e-001 -5.781085e-001
    outer loop
      vertex -6.491799e-001  3.900000e+001 -1.493319e+000
      vertex -1.078868e+000  4.000000e+001 -1.219623e+000
      vertex  4.244020e-001  3.900000e+001 -2.969829e+000
    endloop
  endfacet
  facet normal -7.038325e-001 -6.759945e-001 -2.182918e-001
    outer loop
      vertex  4.244020e-001  3.900000e+001 -2.969829e+000
      vertex -1.078868e+000  4.000000e+001 -1.219623e+000
      vertex  6.383782e-016  3.945162e+001 -3.000000e+000
    endloop
  endfacet
  facet normal -9.634202e-001  2.679951e-001 -3.563940e-004
    outer loop
      vertex -1.403624e+000  4.100000e+001  9.990152e-001
      vertex -1.402948e+000  4.100000e+001 -8.265420e-001
      vertex -1.542623e+000  4.050000e+001  7.671405e-001
    endloop
  endfacet
  facet normal -8.983151e-001  3.280571e-001 -2.922477e-001
    outer loop
      vertex -1.643638e+000  4.000000e+001  5.163763e-001
      vertex -1.542623e+000  4.050000e+001  7.671405e-001
      vertex -1.078868e+000  4.000000e+001 -1.219623e+000
    endloop
  endfacet
  facet normal -9.556885e-001 -2.464079e-001 -1.610669e-001
    outer loop
      vertex -1.078868e+000  4.000000e+001 -1.219623e+000
      vertex -1.542623e+000  4.050000e+001  7.671405e-001
      vertex -1.402948e+000  4.100000e+001 -8.265420e-001
    endloop
  endfacet
  facet normal -9.348109e-001 -1.834100e-001 -3.041209e-001
    outer loop
      vertex -1.078868e+000  4.000000e+001 -1.219623e+000
      vertex -1.402948e+000  4.100000e+001 -8.265420e-001
      vertex -5.140973e-001  4.000000e+001 -2.955622e+000
    endloop
  endfacet
  facet normal -7.477157e-001 -6.640190e-001 -2.765993e-004
    outer loop
      vertex -5.140973e-001  4.000000e+001 -2.955622e+000
      vertex -1.402948e+000  4.100000e+001 -8.265420e-001
      vertex -1.402273e+000  4.100000e+001 -2.652099e+000
    endloop
  endfacet
  facet normal -9.163772e-001  2.679951e-001  2.973742e-001
    outer loop
      vertex -1.026213e+000  4.200000e+001  1.383863e+000
      vertex -1.589699e+000  4.200000e+001 -3.525532e-001
      vertex -1.230062e+000  4.150000e+001  1.206291e+000
    endloop
  endfacet
  facet normal -9.446578e-001  3.280570e-001 -3.494533e-004
    outer loop
      vertex -1.403624e+000  4.100000e+001  9.990152e-001
      vertex -1.230062e+000  4.150000e+001  1.206291e+000
      vertex -1.402948e+000  4.100000e+001 -8.265420e-001
    endloop
  endfacet
  facet normal -9.586862e-001 -2.464078e-001  1.421403e-001
    outer loop
      vertex -1.402948e+000  4.100000e+001 -8.265420e-001
      vertex -1.230062e+000  4.150000e+001  1.206291e+000
      vertex -1.589699e+000  4.200000e+001 -3.525532e-001
    endloop
  endfacet
  facet normal -9.830365e-001 -1.834100e-001 -3.636506e-004
    outer loop
      vertex -1.402948e+000  4.100000e+001 -8.265420e-001
      vertex -1.589699e+000  4.200000e+001 -3.525532e-001
      vertex -1.402273e+000  4.100000e+001 -2.652099e+000
    endloop
  endfacet
  facet normal -7.112053e-001 -6.640189e-001  2.307938e-001
    outer loop
      vertex -1.402273e+000  4.100000e+001 -2.652099e+000
      vertex -1.589699e+000  4.200000e+001 -3.525532e-001
      vertex -2.153185e+000  4.200000e+001 -2.088970e+000
    endloop
  endfacet
  facet normal -7.796328e-001  2.679950e-001  5.659959e-001
    outer loop
      vertex -5.483491e-001  4.300000e+001  1.633250e+000
      vertex -1.620838e+000  4.300000e+001  1.559459e-001
      vertex -7.970945e-001  4.250000e+001  1.527361e+000
    endloop
  endfacet
  facet normal -8.985309e-001  3.280571e-001  2.915829e-001
    outer loop
      vertex -1.026213e+000  4.200000e+001  1.383863e+000
      vertex -7.970945e-001  4.250000e+001  1.527361e+000
      vertex -1.589699e+000  4.200000e+001 -3.525532e-001
    endloop
  endfacet
  facet normal -8.678410e-001 -2.464079e-001  4.314338e-001
    outer loop
      vertex -1.589699e+000  4.200000e+001 -3.525532e-001
      vertex -7.970945e-001  4.250000e+001  1.527361e+000
      vertex -1.620838e+000  4.300000e+001  1.559459e-001
    endloop
  endfacet
  facet normal -9.350356e-001 -1.834101e-001  3.034291e-001
    outer loop
      vertex -1.589699e+000  4.200000e+001 -3.525532e-001
      vertex -1.620838e+000  4.300000e+001  1.559459e-001
      vertex -2.153185e+000  4.200000e+001 -2.088970e+000
    endloop
  endfacet
  facet normal -6.050772e-001 -6.640190e-001  4.392724e-001
    outer loop
      vertex -2.153185e+000  4.200000e+001 -2.088970e+000
      vertex -1.620838e+000  4.300000e+001  1.559459e-001
      vertex -2.693328e+000  4.300000e+001 -1.321358e+000
    endloop
  endfacet
  facet normal -5.665725e-001  2.679950e-001  7.792138e-001
    outer loop
      vertex -1.680910e-002  4.400000e+001  1.722762e+000
      vertex -1.493319e+000  4.400000e+001  6.491799e-001
      vertex -2.861015e-001  4.350000e+001  1.698922e+000
    endloop
  endfacet
  facet normal -7.644497e-001  3.280570e-001  5.549733e-001
    outer loop
      vertex -5.483491e-001  4.300000e+001  1.633250e+000
      vertex -2.861015e-001  4.350000e+001  1.698922e+000
      vertex -1.620838e+000  4.300000e+001  1.559459e-001
    endloop
  endfacet
  facet normal -6.920455e-001 -2.464078e-001  6.784955e-001
    outer loop
      vertex -1.620838e+000  4.300000e+001  1.559459e-001
      vertex -2.861015e-001  4.350000e+001  1.698922e+000
      vertex -1.493319e+000  4.400000e+001  6.491799e-001
    endloop
  endfacet
  facet normal -7.955070e-001 -1.834099e-001  5.775201e-001
    outer loop
      vertex -1.620838e+000  4.300000e+001  1.559459e-001
      vertex -1.493319e+000  4.400000e+001  6.491799e-001
      vertex -2.693328e+000  4.300000e+001 -1.321358e+000
    endloop
  endfacet
  facet normal -4.397200e-001 -6.640190e-001  6.047521e-001
    outer loop
      vertex -2.693328e+000  4.300000e+001 -1.321358e+000
      vertex -1.493319e+000  4.400000e+001  6.491799e-001
      vertex -2.969829e+000  4.400000e+001 -4.244020e-001
    endloop
  endfacet
  facet normal -2.980522e-001  2.679949e-001  9.161569e-001
    outer loop
      vertex  5.163763e-001  4.500000e+001  1.643638e+000
      vertex -1.219623e+000  4.500000e+001  1.078868e+000
      vertex  2.528972e-001  4.450000e+001  1.704181e+000
    endloop
  endfacet
  facet normal -5.555387e-001  3.280571e-001  7.640389e-001
    outer loop
      vertex -1.680910e-002  4.400000e+001  1.722762e+000
      vertex  2.528972e-001  4.450000e+001  1.704181e+000
      vertex -1.493319e+000  4.400000e+001  6.491799e-001
    endloop
  endfacet
  facet normal -4.485078e-001 -2.464079e-001  8.591414e-001
    outer loop
      vertex -1.493319e+000  4.400000e+001  6.491799e-001
      vertex  2.528972e-001  4.450000e+001  1.704181e+000
      vertex -1.219623e+000  4.500000e+001  1.078868e+000
    endloop
  endfacet
  facet normal -5.781085e-001 -1.834101e-001  7.950795e-001
    outer loop
      vertex -1.493319e+000  4.400000e+001  6.491799e-001
      vertex -1.219623e+000  4.500000e+001  1.078868e+000
      vertex -2.969829e+000  4.400000e+001 -4.244020e-001
    endloop
  endfacet
  facet normal -2.313200e-001 -6.640189e-001  7.110344e-001
    outer loop
      vertex -2.969829e+000  4.400000e+001 -4.244020e-001
      vertex -1.219623e+000  4.500000e+001  1.078868e+000
      vertex -2.955622e+000  4.500000e+001  5.140973e-001
    endloop
  endfacet
  facet normal -3.563940e-004  2.679951e-001  9.634202e-001
    outer loop
      vertex  9.990152e-001  4.600000e+001  1.403624e+000
      vertex -8.265420e-001  4.600000e+001  1.402948e+000
      vertex  7.671405e-001  4.550000e+001  1.542623e+000
    endloop
  endfacet
  facet normal -2.922477e-001  3.280571e-001  8.983151e-001
    outer loop
      vertex  5.163763e-001  4.500000e+001  1.643638e+000
      vertex  7.671405e-001  4.550000e+001  1.542623e+000
      vertex -1.219623e+000  4.500000e+001  1.078868e+000
    endloop
  endfacet
  facet normal -1.610669e-001 -2.464079e-001  9.556885e-001
    outer loop
      vertex -1.219623e+000  4.500000e+001  1.078868e+000
      vertex  7.671405e-001  4.550000e+001  1.542623e+000
      vertex -8.265420e-001  4.600000e+001  1.402948e+000
    endloop
  endfacet
  facet normal -3.041209e-001 -1.834100e-001  9.348109e-001
    outer loop
      vertex -1.219623e+000  4.500000e+001  1.078868e+000
      vertex -8.265420e-001  4.600000e+001  1.402948e+000
      vertex -2.955622e+000  4.500000e+001  5.140973e-001
    endloop
  endfacet
  facet normal -2.765993e-004 -6.640190e-001  7.477157e-001
    outer loop
      vertex -2.955622e+000  4.500000e+001  5.140973e-001
      vertex -8.265420e-001  4.600000e+001  1.402948e+000
      vertex -2.652099e+000  4.600000e+001  1.402273e+000
    endloop
  endfacet
  facet normal  2.973742e-001  2.679951e-001  9.163772e-001
    outer loop
      vertex  1.383863e+000  4.700000e+001  1.026213e+000
      vertex -3.525532e-001  4.700000e+001  1.589699e+000
      vertex  1.206291e+000  4.650000e+001  1.230062e+000
    endloop
  endfacet
  facet normal -3.494533e-004  3.280570e-001  9.446578e-001
    outer loop
      vertex  9.990152e-001  4.600000e+001  1.403624e+000
      vertex  1.206291e+000  4.650000e+001  1.230062e+000
      vertex -8.265420e-001  4.600000e+001  1.402948e+000
    endloop
  endfacet
  facet normal  1.421403e-001 -2.464078e-001  9.586862e-001
    outer loop
      vertex -8.265420e-001  4.600000e+001  1.402948e+000
      vertex  1.206291e+000  4.650000e+001  1.230062e+000
      vertex -3.525532e-001  4.700000e+001  1.589699e+000
    endloop
  endfacet
  facet normal -3.636506e-004 -1.834100e-001  9.830365e-001
    outer loop
      vertex -8.265420e-001  4.600000e+001  1.402948e+000
      vertex -3.525532e-001  4.700000e+001  1.589699e+000
      vertex -2.652099e+000  4.600000e+001  1.402273e+000
    endloop
  endfacet
  facet normal  2.307938e-001 -6.640189e-001  7.112053e-001
    outer loop
      vertex -2.652099e+000  4.600000e+001  1.402273e+000
      vertex -3.525532e-001  4.700000e+001  1.589699e+000
      vertex -2.088970e+000  4.700000e+001  2.153185e+000
    endloop
  endfacet
  facet normal  5.659959e-001  2.679950e-001  7.796328e-001
    outer loop
      vertex  1.633250e+000  4.800000e+001  5.483491e-001
      vertex  1.559459e-001  4.800000e+001  1.620838e+000
      vertex  1.527361e+000  4.750000e+001  7.970945e-001
    endloop
  endfacet
  facet normal  2.915829e-001  3.280571e-001  8.985309e-001
    outer loop
      vertex  1.383863e+000  4.700000e+001  1.026213e+000
      vertex  1.527361e+000  4.750000e+001  7.970945e-001
      vertex -3.525532e-001  4.700000e+001  1.589699e+000
    endloop
  endfacet
  facet normal  4.314338e-001 -2.464079e-001  8.678410e-001
    outer loop
      vertex -3.525532e-001  4.700000e+001  1.589699e+000
      vertex  1.527361e+000  4.750000e+001  7.970945e-001
      vertex  1.559459e-001  4.800000e+001  1.620838e+000
    endloop
  endfacet
  facet normal  3.034291e-001 -1.834101e-001  9.350356e-001
    outer loop
      vertex -3.525532e-001  4.700000e+001  1.589699e+000
      vertex  1.559459e-001  4.800000e+001  1.620838e+000
      vertex -2.088970e+000  4.700000e+001  2.153185e+000
    endloop
  endfacet
  facet normal  4.392724e-001 -6.640190e-001  6.050772e-001
    outer loop
      vertex -2.088970e+000  4.700000e+001  2.153185e+000
      vertex  1.559459e-001  4.800000e+001  1.620838e+000
      vertex -1.321358e+000  4.800000e+001  2.693328e+000
    endloop
  endfacet
  facet normal  7.792138e-001  2.679950e-001  5.665725e-001
    outer loop
      vertex  1.722762e+000  4.900000e+001  1.680910e-002
      vertex  6.491799e-001  4.900000e+001  1.493319e+000
      vertex  1.698922e+000  4.850000e+001  2.861015e-001
    endloop
  endfacet
  facet normal  5.549733e-001  3.280570e-001  7.644497e-001
    outer loop
      vertex  1.633250e+000  4.800000e+001  5.483491e-001
      vertex  1.698922e+000  4.850000e+001  2.861015e-001
      vertex  1.559459e-001  4.800000e+001  1.620838e+000
    endloop
  endfacet
  facet normal  6.784955e-001 -2.464078e-001  6.920455e-001
    outer loop
      vertex  1.559459e-001  4.800000e+001  1.620838e+000
      vertex  1.698922e+000  4.850000e+001  2.861015e-001
      vertex  6.491799e-001  4.900000e+001  1.493319e+000
    endloop
  endfacet
  facet normal  5.775201e-001 -1.834099e-001  7.955070e-001
    outer loop
      vertex  1.559459e-001  4.800000e+001  1.620838e+000
      vertex  6.491799e-001  4.900000e+001  1.493319e+000
      vertex -1.321358e+000  4.800000e+001  2.693328e+000
    endloop
  endfacet
  facet normal  6.047521e-001 -6.640190e-001  4.397200e-001
    outer loop
      vertex -1.321358e+000  4.800000e+001  2.693328e+000
      vertex  6.491799e-001  4.900000e+001  1.493319e+000
      vertex -4.244020e-001  4.900000e+001  2.969829e+000
    endloop
  endfacet
  facet normal  7.186900e-001 -6.548415e-001  2.338105e-001
    outer loop
      vertex  3.673940e-016  4.945162e+001  3.000000e+000
      vertex  1.078868e+000  5.000000e+001  1.219623e+000
      vertex  5.140973e-001  5.000000e+001  2.955622e+000
    endloop
  endfacet
  facet normal  9.161569e-001  2.679949e-001  2.980522e-001
    outer loop
      vertex  1.643638e+000  5.000000e+001 -5.163763e-001
      vertex  1.078868e+000  5.000000e+001  1.219623e+000
      vertex  1.704181e+000  4.950000e+001 -2.528972e-001
    endloop
  endfacet
  facet normal  7.640389e-001  3.280571e-001  5.555387e-001
    outer loop
      vertex  1.722762e+000  4.900000e+001  1.680910e-002
      vertex  1.704181e+000  4.950000e+001 -2.528972e-001
      vertex  6.491799e-001  4.900000e+001  1.493319e+000
    endloop
  endfacet
  facet normal  8.591413e-001 -2.464079e-001  4.485077e-001
    outer loop
      vertex  6.491799e-001  4.900000e+001  1.493319e+000
      vertex  1.704181e+000  4.950000e+001 -2.528972e-001
      vertex  1.078868e+000  5.000000e+001  1.219623e+000
    endloop
  endfacet
  facet normal  7.950795e-001 -1.834101e-001  5.781085e-001
    outer loop
      vertex  6.491799e-001  4.900000e+001  1.493319e+000
      vertex  1.078868e+000  5.000000e+001  1.219623e+000
      vertex -4.244020e-001  4.900000e+001  2.969829e+000
    endloop
  endfacet
  facet normal  7.038325e-001 -6.759945e-001  2.182918e-001
    outer loop
      vertex -4.244020e-001  4.900000e+001  2.969829e+000
      vertex  1.078868e+000  5.000000e+001  1.219623e+000
      vertex  3.673940e-016  4.945162e+001  3.000000e+000
    endloop
  endfacet
  facet normal  9.634202e-001  2.679951e-001  3.563940e-004
    outer loop
      vertex  1.403624e+000  5.100000e+001 -9.990152e-001
      vertex  1.402948e+000  5.100000e+001  8.265420e-001
      vertex  1.542623e+000  5.050000e+001 -7.671405e-001
    endloop
  endfacet
  facet normal  8.983151e-001  3.280571e-001  2.922477e-001
    outer loop
      vertex  1.643638e+000  5.000000e+001 -5.163763e-001
      vertex  1.542623e+000  5.050000e+001 -7.671405e-001
      vertex  1.078868e+000  5.000000e+001  1.219623e+000
    endloop
  endfacet
  facet normal  9.556885e-001 -2.464079e-001  1.610669e-001
    outer loop
      vertex  1.078868e+000  5.000000e+001  1.219623e+000
      vertex  1.542623e+000  5.050000e+001 -7.671405e-001
      vertex  1.402948e+000  5.100000e+001  8.265420e-001
    endloop
  endfacet
  facet normal  9.348109e-001 -1.834100e-001  3.041209e-001
    outer loop
      vertex  1.078868e+000  5.000000e+001  1.219623e+000
      vertex  1.402948e+000  5.100000e+001  8.265420e-001
      vertex  5.140973e-001  5.000000e+001  2.955622e+000
    endloop
  endfacet
  facet normal  7.477157e-001 -6.640190e-001  2.765993e-004
    outer loop
      vertex  5.140973e-001  5.000000e+001  2.955622e+000
      vertex  1.402948e+000  5.100000e+001  8.265420e-001
      vertex  1.402273e+000  5.100000e+001  2.652099e+000
    endloop
  endfacet
  facet normal  9.163772e-001  2.679951e-001 -2.973742e-001
    outer loop
      vertex  1.026213e+000  5.200000e+001 -1.383863e+000
      vertex  1.589699e+000  5.200000e+001  3.525532e-001
      vertex  1.230062e+000  5.150000e+001 -1.206291e+000
    endloop
  endfacet
  facet normal  9.446578e-001  3.280570e-001  3.494533e-004
    outer loop
      vertex  1.403624e+000  5.100000e+001 -9.990152e-001
      vertex  1.230062e+000  5.150000e+001 -1.206291e+000
      vertex  1.402948e+000  5.100000e+001  8.265420e-001
    endloop
  endfacet
  facet normal  9.586862e-001 -2.464078e-001 -1.421403e-001
    outer loop
      vertex  1.402948e+000  5.100000e+001  8.265420e-001
      vertex  1.230062e+000  5.150000e+001 -1.206291e+000
      vertex  1.589699e+000  5.200000e+001  3.525532e-001
    endloop
  endfacet
  facet normal  9.830365e-001 -1.834100e-001  3.636506e-004
    outer loop
      vertex  1.402948e+000  5.100000e+001  8.265420e-001
      vertex  1.589699e+000  5.200000e+001  3.525532e-001
      vertex  1.402273e+000  5.100000e+001  2.652099e+000
    endloop
  endfacet
  facet normal  7.112053e-001 -6.640189e-001 -2.307938e-001
    outer loop
      vertex  1.402273e+000  5.100000e+001  2.652099e+000
      vertex  1.589699e+000  5.200000e+001  3.525532e-001
      vertex  2.153185e+000  5.200000e+001  2.088970e+000
    endloop
  endfacet
  facet normal  7.796328e-001  2.679950e-001 -5.659959e-001
    outer loop
      vertex  5.483491e-001  5.300000e+001 -1.633250e+000
      vertex  1.620838e+000  5.300000e+001 -1.559459e-001
      vertex  7.970945e-001  5.250000e+001 -1.527361e+000
    endloop
  endfacet
  facet normal  8.985309e-001  3.280571e-001 -2.915829e-001
    outer loop
      vertex  1.026213e+000  5.200000e+001 -1.383863e+000
      vertex  7.970945e-001  5.250000e+001 -1.527361e+000
      vertex  1.589699e+000  5.200000e+001  3.525532e-001
    endloop
  endfacet
  facet normal  8.678410e-001 -2.464079e-001 -4.314338e-001
    outer loop
      vertex  1.589699e+000  5.200000e+001  3.525532e-001
      vertex  7.970945e-001  5.250000e+001 -1.527361e+000
      vertex  1.620838e+000  5.300000e+001 -1.559459e-001
    endloop
  endfacet
  facet normal  9.350356e-001 -1.834101e-001 -3.034291e-001
    outer loop
      vertex  1.589699e+000  5.200000e+001  3.525532e-001
      vertex  1.620838e+000  5.300000e+001 -1.559459e-001
      vertex  2.153185e+000  5.200000e+001  2.088970e+000
    endloop
  endfacet
  facet normal  6.050772e-001 -6.640190e-001 -4.392724e-001
    outer loop
      vertex  2.153185e+000  5.200000e+001  2.088970e+000
      vertex  1.620838e+000  5.300000e+001 -1.559459e-001
      vertex  2.693328e+000  5.300000e+001  1.321358e+000
    endloop
  endfacet
  facet normal  5.665725e-001  2.679950e-001 -7.792138e-001
    outer loop
      vertex  1.680910e-002  5.400000e+001 -1.722762e+000
      vertex  1.493319e+000  5.400000e+001 -6.491799e-001
      vertex  2.861015e-001  5.350000e+001 -1.698922e+000
    endloop
  endfacet
  facet normal  7.644497e-001  3.280570e-001 -5.549733e-001
    outer loop
      vertex  5.483491e-001  5.300000e+001 -1.633250e+000
      vertex  2.861015e-001  5.350000e+001 -1.698922e+000
      vertex  1.620838e+000  5.300000e+001 -1.559459e-001
    endloop
  endfacet
  facet normal  6.920455e-001 -2.464078e-001 -6.784955e-001
    outer loop
      vertex  1.620838e+000  5.300000e+001 -1.559459e-001
      vertex  2.861015e-001  5.350000e+001 -1.698922e+000
      vertex  1.493319e+000  5.400000e+001 -6.491799e-001
    endloop
  endfacet
  facet normal  7.955070e-001 -1.834099e-001 -5.775201e-001
    outer loop
      vertex  1.620838e+000  5.300000e+001 -1.559459e-001
      vertex  1.493319e+000  5.400000e+001 -6.491799e-001
      vertex  2.693328e+000  5.300000e+001  1.321358e+000
    endloop
  endfacet
  facet normal  4.397200e-001 -6.640190e-001 -6.047521e-001
    outer loop
      vertex  2.693328e+000  5.300000e+001  1.321358e+000
      vertex  1.493319e+000  5.400000e+001 -6.491799e-001
      vertex  2.969829e+000  5.400000e+001  4.244020e-001
    endloop
  endfacet
  facet normal  2.980522e-001  2.679949e-001 -9.161569e-001
    outer loop
      vertex -5.163763e-001  5.500000e+001 -1.643638e+000
      vertex  1.219623e+000  5.500000e+001 -1.078868e+000
      vertex -2.528972e-001  5.450000e+001 -1.704181e+000
    endloop
  endfacet
  facet normal  5.555387e-001  3.280571e-001 -7.640389e-001
    outer loop
      vertex  1.680910e-002  5.400000e+001 -1.722762e+000
      vertex -2.528972e-001  5.450000e+001 -1.704181e+000
      vertex  1.493319e+000  5.400000e+001 -6.491799e-001
    endloop
  endfacet
  facet normal  4.485078e-001 -2.464079e-001 -8.591414e-001
    outer loop
      vertex  1.493319e+000  5.400000e+001 -6.491799e-001
      vertex -2.528972e-001  5.450000e+001 -1.704181e+000
      vertex  1.219623e+000  5.500000e+001 -1.078868e+000
    endloop
  endfacet
  facet normal  5.781085e-001 -1.834101e-001 -7.950795e-001
    outer loop
      vertex  1.493319e+000  5.400000e+001 -6.491799e-001
      vertex  1.219623e+000  5.500000e+001 -1.078868e+000
      vertex  2.969829e+000  5.400000e+001  4.244020e-001
    endloop
  endfacet
  facet normal  2.313200e-001 -6.640189e-001 -7.110344e-001
    outer loop
      vertex  2.969829e+000  5.400000e+001  4.244020e-001
      vertex  1.219623e+000  5.500000e+001 -1.078868e+000
      vertex  2.955622e+000  5.500000e+001 -5.140973e-001
    endloop
  endfacet
  facet normal  3.563940e-004  2.679951e-001 -9.634202e-001
    outer loop
      vertex -9.990152e-001  5.600000e+001 -1.403624e+000
      vertex  8.265420e-001  5.600000e+001 -1.402948e+000
      vertex -7.671405e-001  5.550000e+001 -1.542623e+000
    endloop
  endfacet
  facet normal  2.922477e-001  3.280571e-001 -8.983151e-001
    outer loop
      vertex -5.163763e-001  5.500000e+001 -1.643638e+000
      vertex -7.671405e-001  5.550000e+001 -1.542623e+000
      vertex  1.219623e+000  5.500000e+001 -1.078868e+000
    endloop
  endfacet
  facet normal  1.610669e-001 -2.464079e-001 -9.556885e-001
    outer loop
      vertex  1.219623e+000  5.500000e+001 -1.078868e+000
      vertex -7.671405e-001  5.550000e+001 -1.542623e+000
      vertex  8.265420e-001  5.600000e+001 -1.402948e+000
    endloop
  endfacet
  facet normal  3.041209e-001 -1.834100e-001 -9.348109e-001
    outer loop
      vertex  1.219623e+000  5.500000e+001 -1.078868e+000
      vertex  8.265420e-001  5.600000e+001 -1.402948e+000
      vertex  2.955622e+000  5.500000e+001 -5.140973e-001
    endloop
  endfacet
  facet normal  2.765993e-004 -6.640190e-001 -7.477157e-001
    outer loop
      vertex  2.955622e+000  5.500000e+001 -5.140973e-001
      vertex  8.265420e-001  5.600000e+001 -1.402948e+000
      vertex  2.652099e+000  5.600000e+001 -1.402273e+000
    endloop
  endfacet
  facet normal -2.973742e-001  2.679951e-001 -9.163772e-001
    outer loop
      vertex -1.383863e+000  5.700000e+001 -1.026213e+000
      vertex  3.525532e-001  5.700000e+001 -1.589699e+000
      vertex -1.206291e+000  5.650000e+001 -1.230062e+000
    endloop
  endfacet
  facet normal  3.494533e-004  3.280570e-001 -9.446578e-001
    outer loop
      vertex -9.990152e-001  5.600000e+001 -1.403624e+000
      vertex -1.206291e+000  5.650000e+001 -1.230062e+000
      vertex  8.265420e-001  5.600000e+001 -1.402948e+000
    endloop
  endfacet
  facet normal -1.421403e-001 -2.464078e-001 -9.586862e-001
    outer loop
      vertex  8.265420e-001  5.600000e+001 -1.402948e+000
      vertex -1.206291e+000  5.650000e+001 -1.230062e+000
      vertex  3.525532e-001  5.700000e+001 -1.589699e+000
    endloop
  endfacet
  facet normal  3.636506e-004 -1.834100e-001 -9.830365e-001
    outer loop
      vertex  8.265420e-001  5.600000e+001 -1.402948e+000
      vertex  3.525532e-001  5.700000e+001 -1.589699e+000
      vertex  2.652099e+000  5.600000e+001 -1.402273e+000
    endloop
  endfacet
  facet normal -2.307938e-001 -6.640189e-001 -7.112053e-001
    outer loop
      vertex  2.652099e+000  5.600000e+001 -1.402273e+000
      vertex  3.525532e-001  5.700000e+001 -1.589699e+000
      vertex  2.088970e+000  5.700000e+001 -2.153185e+000
    endloop
  endfacet
  facet normal -5.659959e-001  2.679950e-001 -7.796328e-001
    outer loop
      vertex -1.633250e+000  5.800000e+001 -5.483491e-001
      vertex -1.559459e-001  5.800000e+001 -1.620838e+000
      vertex -1.527361e+000  5.750000e+001 -7.970945e-001
    endloop
  endfacet
  facet normal -2.915829e-001  3.280571e-001 -8.985309e-001
    outer loop
      vertex -1.383863e+000  5.700000e+001 -1.026213e+000
      vertex -1.527361e+000  5.750000e+001 -7.970945e-001
      vertex  3.525532e-001  5.700000e+001 -1.589699e+000
    endloop
  endfacet
  facet normal -4.314338e-001 -2.464079e-001 -8.678410e-001
    outer loop
      vertex  3.525532e-001  5.700000e+001 -1.589699e+000
      vertex -1.527361e+000  5.750000e+001 -7.970945e-001
      vertex -1.559459e-001  5.800000e+001 -1.620838e+000
    endloop
  endfacet
  facet normal -3.034291e-001 -1.834101e-001 -9.350356e-001
    outer loop
      vertex  3.525532e-001  5.700000e+001 -1.589699e+000
      vertex -1.559459e-001  5.800000e+001 -1.620838e+000
      vertex  2.088970e+000  5.700000e+001 -2.153185e+000
    endloop
  endfacet
  facet normal -4.392724e-001 -6.640190e-001 -6.050772e-001
    outer loop
      vertex  2.088970e+000  5.700000e+001 -2.153185e+000
      vertex -1.559459e-001  5.800000e+001 -1.620838e+000
      vertex  1.321358e+000  5.800000e+001 -2.693328e+000
    endloop
  endfacet
  facet normal -5.549733e-001  3.280570e-001 -7.644497e-001
    outer loop
      vertex -1.633250e+000  5.800000e+001 -5.483491e-001
      vertex -1.698922e+000  5.850000e+001 -2.861015e-001
      vertex -1.559459e-001  5.800000e+001 -1.620838e+000
    endloop
  endfacet
  facet normal -6.025468e-001 -6.779322e-001 -4.211239e-001
    outer loop
      vertex  1.001934e+000  5.836740e+001 -2.827743e+000
      vertex  1.321358e+000  5.800000e+001 -2.693328e+000
      vertex -4.755952e-001  5.900000e+001 -1.732052e+000
    endloop
  endfacet
  facet normal -5.660518e-001 -2.676525e-001 -7.797099e-001
    outer loop
      vertex -4.755952e-001  5.900000e+001 -1.732052e+000
      vertex  1.321358e+000  5.800000e+001 -2.693328e+000
      vertex -1.559459e-001  5.800000e+001 -1.620838e+000
    endloop
  endfacet
  facet normal -7.694363e-001 -3.081697e-001 -5.594632e-001
    outer loop
      vertex -4.755952e-001  5.900000e+001 -1.732052e+000
      vertex -1.559459e-001  5.800000e+001 -1.620838e+000
      vertex -1.722762e+000  5.900000e+001 -1.680910e-002
    endloop
  endfacet
  facet normal -5.306154e-001  3.821748e-001 -7.565644e-001
    outer loop
      vertex -1.722762e+000  5.900000e+001 -1.680910e-002
      vertex -1.559459e-001  5.800000e+001 -1.620838e+000
      vertex -1.698922e+000  5.850000e+001 -2.861015e-001
    endloop
  endfacet
  facet normal -8.079889e-001 -4.476048e-002 -5.874950e-001
    outer loop
      vertex -4.755952e-001  5.900000e+001 -1.732052e+000
      vertex -1.722762e+000  5.900000e+001 -1.680910e-002
      vertex -1.135108e+000  5.950162e+001 -8.632339e-001
    endloop
  endfacet
  facet normal -8.582913e-001  2.814151e-001 -4.291171e-001
    outer loop
      vertex -1.135108e+000  5.950162e+001 -8.632339e-001
      vertex -1.722762e+000  5.900000e+001 -1.680910e-002
      vertex -1.676593e+000  5.977107e+001  3.965170e-001
    endloop
  endfacet
  facet normal -9.081422e-001  8.831374e-002 -4.092413e-001
    outer loop
      vertex -1.135108e+000  5.950162e+001 -8.632339e-001
      vertex -1.676593e+000  5.977107e+001  3.965170e-001
      vertex -1.475646e+000  6.000000e+001  1.953993e-014
    endloop
  endfacet
  facet normal -8.038377e-001  5.646146e-001  1.872305e-001
    outer loop
      vertex  5.106189e-001  4.450000e+001  2.036869e+000
      vertex  1.475656e-001  4.400000e+001  1.985977e+000
      vertex  2.259321e-001  4.400000e+001  2.322428e+000
    endloop
  endfacet
  facet normal -8.109319e-001  5.595226e-001  1.712423e-001
    outer loop
      vertex  5.106189e-001  4.450000e+001  2.036869e+000
      vertex  2.259321e-001  4.400000e+001  2.322428e+000
      vertex  6.084371e-001  4.450000e+001  2.500095e+000
    endloop
  endfacet
  facet normal -7.729928e-001  6.266066e-001 -9.922834e-002
    outer loop
      vertex  2.259321e-001  4.400000e+001  2.322428e+000
      vertex  1.796131e-001  4.400000e+001  2.683255e+000
      vertex  6.084371e-001  4.450000e+001  2.500095e+000
    endloop
  endfacet
  facet normal -7.286359e-001  5.250867e-001  4.397426e-001
    outer loop
      vertex  9.325439e-001  4.500000e+001  2.138943e+000
      vertex  7.540438e-001  4.500000e+001  1.843176e+000
      vertex  5.106189e-001  4.450000e+001  2.036869e+000
    endloop
  endfacet
  facet normal -7.701936e-001  6.167253e-001  1.626397e-001
    outer loop
      vertex  5.106189e-001  4.450000e+001  2.036869e+000
      vertex  6.084371e-001  4.450000e+001  2.500095e+000
      vertex  9.325439e-001  4.500000e+001  2.138943e+000
    endloop
  endfacet
  facet normal -7.782541e-001  6.105393e-001  1.468417e-001
    outer loop
      vertex  9.325439e-001  4.500000e+001  2.138943e+000
      vertex  6.084371e-001  4.450000e+001  2.500095e+000
      vertex  9.999936e-001  4.500000e+001  2.496424e+000
    endloop
  endfacet
  facet normal -7.654970e-001  4.306834e-001  4.780442e-001
    outer loop
      vertex -1.680910e-002  4.400000e+001  1.722762e+000
      vertex  1.475656e-001  4.400000e+001  1.985977e+000
      vertex  2.528972e-001  4.450000e+001  1.704181e+000
    endloop
  endfacet
  facet normal -7.037634e-001  4.555160e-001  5.451809e-001
    outer loop
      vertex  2.528972e-001  4.450000e+001  1.704181e+000
      vertex  1.475656e-001  4.400000e+001  1.985977e+000
      vertex  5.106189e-001  4.450000e+001  2.036869e+000
    endloop
  endfacet
  facet normal -7.096933e-001  4.405488e-001  5.497746e-001
    outer loop
      vertex  2.528972e-001  4.450000e+001  1.704181e+000
      vertex  5.106189e-001  4.450000e+001  2.036869e+000
      vertex  5.163763e-001  4.500000e+001  1.643638e+000
    endloop
  endfacet
  facet normal -5.489950e-001  5.205915e-001  6.539030e-001
    outer loop
      vertex  5.163763e-001  4.500000e+001  1.643638e+000
      vertex  5.106189e-001  4.450000e+001  2.036869e+000
      vertex  7.540438e-001  4.500000e+001  1.843176e+000
    endloop
  endfacet
  facet normal -7.458960e-001  6.525633e-001 -1.334179e-001
    outer loop
      vertex  9.367497e-001  4.500000e+001  2.850000e+000
      vertex  9.999936e-001  4.500000e+001  2.496424e+000
      vertex  4.793785e-001  4.450000e+001  2.961452e+000
    endloop
  endfacet
  facet normal -7.696166e-001  6.011158e-001 -2.152905e-001
    outer loop
      vertex  4.793785e-001  4.450000e+001  2.961452e+000
      vertex  9.999936e-001  4.500000e+001  2.496424e+000
      vertex  6.084371e-001  4.450000e+001  2.500095e+000
    endloop
  endfacet
  facet normal -7.219205e-001  6.618517e-001 -2.019481e-001
    outer loop
      vertex  4.793785e-001  4.450000e+001  2.961452e+000
      vertex  6.084371e-001  4.450000e+001  2.500095e+000
      vertex  1.020347e-002  4.400000e+001  2.999983e+000
    endloop
  endfacet
  facet normal -7.616177e-001  5.039722e-001 -4.073704e-001
    outer loop
      vertex  1.020347e-002  4.400000e+001  2.999983e+000
      vertex  6.084371e-001  4.450000e+001  2.500095e+000
      vertex  1.796131e-001  4.400000e+001  2.683255e+000
    endloop
  endfacet
  facet normal -7.066377e-001  5.646146e-001  4.264663e-001
    outer loop
      vertex  1.115055e+000  4.550000e+001  1.779388e+000
      vertex  7.540438e-001  4.500000e+001  1.843176e+000
      vertex  9.325439e-001  4.500000e+001  2.138943e+000
    endloop
  endfacet
  facet normal -7.183253e-001  5.595226e-001  4.134528e-001
    outer loop
      vertex  1.115055e+000  4.550000e+001  1.779388e+000
      vertex  9.325439e-001  4.500000e+001  2.138943e+000
      vertex  1.351230e+000  4.550000e+001  2.189715e+000
    endloop
  endfacet
  facet normal -7.658232e-001  6.266065e-001  1.444962e-001
    outer loop
      vertex  9.325439e-001  4.500000e+001  2.138943e+000
      vertex  9.999936e-001  4.500000e+001  2.496424e+000
      vertex  1.351230e+000  4.550000e+001  2.189715e+000
    endloop
  endfacet
  facet normal -5.570861e-001  5.250868e-001  6.433808e-001
    outer loop
      vertex  1.547872e+000  4.600000e+001  1.746084e+000
      vertex  1.286711e+000  4.600000e+001  1.519952e+000
      vertex  1.115055e+000  4.550000e+001  1.779388e+000
    endloop
  endfacet
  facet normal -6.822392e-001  6.167253e-001  3.926824e-001
    outer loop
      vertex  1.115055e+000  4.550000e+001  1.779388e+000
      vertex  1.351230e+000  4.550000e+001  2.189715e+000
      vertex  1.547872e+000  4.600000e+001  1.746084e+000
    endloop
  endfacet
  facet normal -6.947870e-001  6.105392e-001  3.801484e-001
    outer loop
      vertex  1.547872e+000  4.600000e+001  1.746084e+000
      vertex  1.351230e+000  4.550000e+001  2.189715e+000
      vertex  1.722488e+000  4.600000e+001  2.065225e+000
    endloop
  endfacet
  facet normal -5.803071e-001  4.306833e-001  6.911986e-001
    outer loop
      vertex  5.163763e-001  4.500000e+001  1.643638e+000
      vertex  7.540438e-001  4.500000e+001  1.843176e+000
      vertex  7.671405e-001  4.550000e+001  1.542623e+000
    endloop
  endfacet
  facet normal -5.008485e-001  4.555160e-001  7.359728e-001
    outer loop
      vertex  7.671405e-001  4.550000e+001  1.542623e+000
      vertex  7.540438e-001  4.500000e+001  1.843176e+000
      vertex  1.115055e+000  4.550000e+001  1.779388e+000
    endloop
  endfacet
  facet normal -5.050687e-001  4.405488e-001  7.421741e-001
    outer loop
      vertex  7.671405e-001  4.550000e+001  1.542623e+000
      vertex  1.115055e+000  4.550000e+001  1.779388e+000
      vertex  9.990152e-001  4.600000e+001  1.403624e+000
    endloop
  endfacet
  facet normal -3.200579e-001  5.205914e-001  7.915475e-001
    outer loop
      vertex  9.990152e-001  4.600000e+001  1.403624e+000
      vertex  1.115055e+000  4.550000e+001  1.779388e+000
      vertex  1.286711e+000  4.600000e+001  1.519952e+000
    endloop
  endfacet
  facet normal -7.506176e-001  6.525633e-001  1.036067e-001
    outer loop
      vertex  1.771600e+000  4.600000e+001  2.421040e+000
      vertex  1.722488e+000  4.600000e+001  2.065225e+000
      vertex  1.371055e+000  4.550000e+001  2.668372e+000
    endloop
  endfacet
  facet normal -7.984773e-001  6.011159e-001  3.307126e-002
    outer loop
      vertex  1.371055e+000  4.550000e+001  2.668372e+000
      vertex  1.722488e+000  4.600000e+001  2.065225e+000
      vertex  1.351230e+000  4.550000e+001  2.189715e+000
    endloop
  endfacet
  facet normal -7.489926e-001  6.618518e-001  3.102171e-002
    outer loop
      vertex  1.371055e+000  4.550000e+001  2.668372e+000
      vertex  1.351230e+000  4.550000e+001  2.189715e+000
      vertex  9.367497e-001  4.500000e+001  2.850000e+000
    endloop
  endfacet
  facet normal -8.502257e-001  5.039722e-001 -1.520793e-001
    outer loop
      vertex  9.367497e-001  4.500000e+001  2.850000e+000
      vertex  1.351230e+000  4.550000e+001  2.189715e+000
      vertex  9.999936e-001  4.500000e+001  2.496424e+000
    endloop
  endfacet
  facet normal -5.402671e-001  5.646146e-001  6.239564e-001
    outer loop
      vertex  1.610341e+000  4.650000e+001  1.347728e+000
      vertex  1.286711e+000  4.600000e+001  1.519952e+000
      vertex  1.547872e+000  4.600000e+001  1.746084e+000
    endloop
  endfacet
  facet normal -5.554039e-001  5.595227e-001  6.151917e-001
    outer loop
      vertex  1.610341e+000  4.650000e+001  1.347728e+000
      vertex  1.547872e+000  4.600000e+001  1.746084e+000
      vertex  1.961755e+000  4.650000e+001  1.664989e+000
    endloop
  endfacet
  facet normal -6.836893e-001  6.266066e-001  3.740764e-001
    outer loop
      vertex  1.547872e+000  4.600000e+001  1.746084e+000
      vertex  1.722488e+000  4.600000e+001  2.065225e+000
      vertex  1.961755e+000  4.650000e+001  1.664989e+000
    endloop
  endfacet
  facet normal -3.310048e-001  5.250867e-001  7.840407e-001
    outer loop
      vertex  2.011683e+000  4.700000e+001  1.182306e+000
      vertex  1.693426e+000  4.700000e+001  1.047945e+000
      vertex  1.610341e+000  4.650000e+001  1.347728e+000
    endloop
  endfacet
  facet normal -5.275025e-001  6.167251e-001  5.842868e-001
    outer loop
      vertex  1.610341e+000  4.650000e+001  1.347728e+000
      vertex  1.961755e+000  4.650000e+001  1.664989e+000
      vertex  2.011683e+000  4.700000e+001  1.182306e+000
    endloop
  endfacet
  facet normal -5.433093e-001  6.105392e-001  5.762438e-001
    outer loop
      vertex  2.011683e+000  4.700000e+001  1.182306e+000
      vertex  1.961755e+000  4.650000e+001  1.664989e+000
      vertex  2.276373e+000  4.700000e+001  1.431868e+000
    endloop
  endfacet
  facet normal -3.383126e-001  4.306833e-001  8.366939e-001
    outer loop
      vertex  9.990152e-001  4.600000e+001  1.403624e+000
      vertex  1.286711e+000  4.600000e+001  1.519952e+000
      vertex  1.206291e+000  4.650000e+001  1.230062e+000
    endloop
  endfacet
  facet normal -2.489070e-001  4.555159e-001  8.547224e-001
    outer loop
      vertex  1.206291e+000  4.650000e+001  1.230062e+000
      vertex  1.286711e+000  4.600000e+001  1.519952e+000
      vertex  1.610341e+000  4.650000e+001  1.347728e+000
    endloop
  endfacet
  facet normal -2.510043e-001  4.405488e-001  8.619244e-001
    outer loop
      vertex  1.206291e+000  4.650000e+001  1.230062e+000
      vertex  1.610341e+000  4.650000e+001  1.347728e+000
      vertex  1.383863e+000  4.700000e+001  1.026213e+000
    endloop
  endfacet
  facet normal -5.979160e-002  5.205914e-001  8.517098e-001
    outer loop
      vertex  1.383863e+000  4.700000e+001  1.026213e+000
      vertex  1.610341e+000  4.650000e+001  1.347728e+000
      vertex  1.693426e+000  4.700000e+001  1.047945e+000
    endloop
  endfacet
  facet normal -6.818637e-001  6.525632e-001  3.304893e-001
    outer loop
      vertex  2.433034e+000  4.700000e+001  1.755091e+000
      vertex  2.276373e+000  4.700000e+001  1.431868e+000
      vertex  2.128523e+000  4.650000e+001  2.114093e+000
    endloop
  endfacet
  facet normal -7.491775e-001  6.011159e-001  2.781958e-001
    outer loop
      vertex  2.128523e+000  4.650000e+001  2.114093e+000
      vertex  2.276373e+000  4.700000e+001  1.431868e+000
      vertex  1.961755e+000  4.650000e+001  1.664989e+000
    endloop
  endfacet
  facet normal -7.027479e-001  6.618518e-001  2.609549e-001
    outer loop
      vertex  2.128523e+000  4.650000e+001  2.114093e+000
      vertex  1.961755e+000  4.650000e+001  1.664989e+000
      vertex  1.771600e+000  4.600000e+001  2.421040e+000
    endloop
  endfacet
  facet normal -8.556078e-001  5.039724e-001  1.180983e-001
    outer loop
      vertex  1.771600e+000  4.600000e+001  2.421040e+000
      vertex  1.961755e+000  4.650000e+001  1.664989e+000
      vertex  1.722488e+000  4.600000e+001  2.065225e+000
    endloop
  endfacet
  facet normal -3.210114e-001  5.646146e-001  7.603697e-001
    outer loop
      vertex  1.947996e+000  4.750000e+001  7.841423e-001
      vertex  1.693426e+000  4.700000e+001  1.047945e+000
      vertex  2.011683e+000  4.700000e+001  1.182306e+000
    endloop
  endfacet
  facet normal -3.381159e-001  5.595227e-001  7.567114e-001
    outer loop
      vertex  1.947996e+000  4.750000e+001  7.841423e-001
      vertex  2.011683e+000  4.700000e+001  1.182306e+000
      vertex  2.380250e+000  4.750000e+001  9.772832e-001
    endloop
  endfacet
  facet normal -5.346311e-001  6.266066e-001  5.670395e-001
    outer loop
      vertex  2.011683e+000  4.700000e+001  1.182306e+000
      vertex  2.276373e+000  4.700000e+001  1.431868e+000
      vertex  2.380250e+000  4.750000e+001  9.772832e-001
    endloop
  endfacet
  facet normal -7.252230e-002  5.250867e-001  8.479531e-001
    outer loop
      vertex  2.278577e+000  4.800000e+001  5.027956e-001
      vertex  1.934376e+000  4.800000e+001  4.733573e-001
      vertex  1.947996e+000  4.750000e+001  7.841423e-001
    endloop
  endfacet
  facet normal -3.211302e-001  6.167253e-001  7.186970e-001
    outer loop
      vertex  1.947996e+000  4.750000e+001  7.841423e-001
      vertex  2.380250e+000  4.750000e+001  9.772832e-001
      vertex  2.278577e+000  4.800000e+001  5.027956e-001
    endloop
  endfacet
  facet normal -3.386491e-001  6.105392e-001  7.159321e-001
    outer loop
      vertex  2.278577e+000  4.800000e+001  5.027956e-001
      vertex  2.380250e+000  4.750000e+001  9.772832e-001
      vertex  2.607431e+000  4.800000e+001  6.583493e-001
    endloop
  endfacet
  facet normal -6.320182e-002  4.306834e-001  9.002873e-001
    outer loop
      vertex  1.383863e+000  4.700000e+001  1.026213e+000
      vertex  1.693426e+000  4.700000e+001  1.047945e+000
      vertex  1.527361e+000  4.750000e+001  7.970945e-001
    endloop
  endfacet
  facet normal  2.739893e-002  4.555161e-001  8.898059e-001
    outer loop
      vertex  1.527361e+000  4.750000e+001  7.970945e-001
      vertex  1.693426e+000  4.700000e+001  1.047945e+000
      vertex  1.947996e+000  4.750000e+001  7.841423e-001
    endloop
  endfacet
  facet normal  2.762979e-002  4.405489e-001  8.973034e-001
    outer loop
      vertex  1.527361e+000  4.750000e+001  7.970945e-001
      vertex  1.947996e+000  4.750000e+001  7.841423e-001
      vertex  1.633250e+000  4.800000e+001  5.483491e-001
    endloop
  endfacet
  facet normal  2.063274e-001  5.205914e-001  8.285009e-001
    outer loop
      vertex  1.633250e+000  4.800000e+001  5.483491e-001
      vertex  1.947996e+000  4.750000e+001  7.841423e-001
      vertex  1.934376e+000  4.800000e+001  4.733573e-001
    endloop
  endfacet
  facet normal -5.463638e-001  6.525633e-001  5.250216e-001
    outer loop
      vertex  2.856306e+000  4.800000e+001  9.173415e-001
      vertex  2.607431e+000  4.800000e+001  6.583493e-001
      vertex  2.677636e+000  4.750000e+001  1.352872e+000
    endloop
  endfacet
  facet normal -6.265430e-001  6.011158e-001  4.960884e-001
    outer loop
      vertex  2.677636e+000  4.750000e+001  1.352872e+000
      vertex  2.607431e+000  4.800000e+001  6.583493e-001
      vertex  2.380250e+000  4.750000e+001  9.772832e-001
    endloop
  endfacet
  facet normal -5.877137e-001  6.618517e-001  4.653439e-001
    outer loop
      vertex  2.677636e+000  4.750000e+001  1.352872e+000
      vertex  2.380250e+000  4.750000e+001  9.772832e-001
      vertex  2.433034e+000  4.700000e+001  1.755091e+000
    endloop
  endfacet
  facet normal -7.772371e-001  5.039722e-001  3.767154e-001
    outer loop
      vertex  2.433034e+000  4.700000e+001  1.755091e+000
      vertex  2.380250e+000  4.750000e+001  9.772832e-001
      vertex  2.276373e+000  4.700000e+001  1.431868e+000
    endloop
  endfacet
  facet normal -7.033277e-002  5.646147e-001  8.223525e-001
    outer loop
      vertex  2.094968e+000  4.850000e+001  1.437998e-001
      vertex  1.934376e+000  4.800000e+001  4.733573e-001
      vertex  2.278577e+000  4.800000e+001  5.027956e-001
    endloop
  endfacet
  facet normal -8.773065e-002  5.595227e-001  8.241587e-001
    outer loop
      vertex  2.094968e+000  4.850000e+001  1.437998e-001
      vertex  2.278577e+000  4.800000e+001  5.027956e-001
      vertex  2.565749e+000  4.850000e+001  1.939139e-001
    endloop
  endfacet
  facet normal -3.332399e-001  6.266066e-001  7.044966e-001
    outer loop
      vertex  2.278577e+000  4.800000e+001  5.027956e-001
      vertex  2.607431e+000  4.800000e+001  6.583493e-001
      vertex  2.565749e+000  4.850000e+001  1.939139e-001
    endloop
  endfacet
  facet normal  1.930592e-001  5.250867e-001  8.288619e-001
    outer loop
      vertex  2.322428e+000  4.900000e+001 -2.259321e-001
      vertex  1.985977e+000  4.900000e+001 -1.475656e-001
      vertex  2.094968e+000  4.850000e+001  1.437998e-001
    endloop
  endfacet
  facet normal -8.332339e-002  6.167253e-001  7.827561e-001
    outer loop
      vertex  2.094968e+000  4.850000e+001  1.437998e-001
      vertex  2.565749e+000  4.850000e+001  1.939139e-001
      vertex  2.322428e+000  4.900000e+001 -2.259321e-001
    endloop
  endfacet
  facet normal -1.008391e-001  6.105392e-001  7.855402e-001
    outer loop
      vertex  2.322428e+000  4.900000e+001 -2.259321e-001
      vertex  2.565749e+000  4.850000e+001  1.939139e-001
      vertex  2.683255e+000  4.900000e+001 -1.796131e-001
    endloop
  endfacet
  facet normal  2.180954e-001  4.306833e-001  8.757547e-001
    outer loop
      vertex  1.633250e+000  4.800000e+001  5.483491e-001
      vertex  1.934376e+000  4.800000e+001  4.733573e-001
      vertex  1.698922e+000  4.850000e+001  2.861015e-001
    endloop
  endfacet
  facet normal  3.010231e-001  4.555160e-001  8.377888e-001
    outer loop
      vertex  1.698922e+000  4.850000e+001  2.861015e-001
      vertex  1.934376e+000  4.800000e+001  4.733573e-001
      vertex  2.094968e+000  4.850000e+001  1.437998e-001
    endloop
  endfacet
  facet normal  3.035596e-001  4.405489e-001  8.448481e-001
    outer loop
      vertex  1.698922e+000  4.850000e+001  2.861015e-001
      vertex  2.094968e+000  4.850000e+001  1.437998e-001
      vertex  1.722762e+000  4.900000e+001  1.680910e-002
    endloop
  endfacet
  facet normal  4.522499e-001  5.205913e-001  7.241924e-001
    outer loop
      vertex  1.722762e+000  4.900000e+001  1.680910e-002
      vertex  2.094968e+000  4.850000e+001  1.437998e-001
      vertex  1.985977e+000  4.900000e+001 -1.475656e-001
    endloop
  endfacet
  facet normal -3.573826e-001  6.525633e-001  6.681608e-001
    outer loop
      vertex  2.999983e+000  4.900000e+001 -1.020347e-002
      vertex  2.683255e+000  4.900000e+001 -1.796131e-001
      vertex  2.964644e+000  4.850000e+001  4.592228e-001
    endloop
  endfacet
  facet normal -4.425781e-001  6.011159e-001  6.654204e-001
    outer loop
      vertex  2.964644e+000  4.850000e+001  4.592228e-001
      vertex  2.683255e+000  4.900000e+001 -1.796131e-001
      vertex  2.565749e+000  4.850000e+001  1.939139e-001
    endloop
  endfacet
  facet normal -4.151498e-001  6.618516e-001  6.241818e-001
    outer loop
      vertex  2.964644e+000  4.850000e+001  4.592228e-001
      vertex  2.565749e+000  4.850000e+001  1.939139e-001
      vertex  2.856306e+000  4.800000e+001  9.173415e-001
    endloop
  endfacet
  facet normal -6.227847e-001  5.039724e-001  5.984572e-001
    outer loop
      vertex  2.856306e+000  4.800000e+001  9.173415e-001
      vertex  2.565749e+000  4.850000e+001  1.939139e-001
      vertex  2.607431e+000  4.800000e+001  6.583493e-001
    endloop
  endfacet
  facet normal  1.872305e-001  5.646146e-001  8.038377e-001
    outer loop
      vertex  2.036869e+000  4.950000e+001 -5.106189e-001
      vertex  1.985977e+000  4.900000e+001 -1.475656e-001
      vertex  2.322428e+000  4.900000e+001 -2.259321e-001
    endloop
  endfacet
  facet normal  1.712423e-001  5.595226e-001  8.109319e-001
    outer loop
      vertex  2.036869e+000  4.950000e+001 -5.106189e-001
      vertex  2.322428e+000  4.900000e+001 -2.259321e-001
      vertex  2.500095e+000  4.950000e+001 -6.084371e-001
    endloop
  endfacet
  facet normal -9.922834e-002  6.266066e-001  7.729928e-001
    outer loop
      vertex  2.322428e+000  4.900000e+001 -2.259321e-001
      vertex  2.683255e+000  4.900000e+001 -1.796131e-001
      vertex  2.500095e+000  4.950000e+001 -6.084371e-001
    endloop
  endfacet
  facet normal  4.397426e-001  5.250867e-001  7.286359e-001
    outer loop
      vertex  2.138943e+000  5.000000e+001 -9.325439e-001
      vertex  1.843176e+000  5.000000e+001 -7.540438e-001
      vertex  2.036869e+000  4.950000e+001 -5.106189e-001
    endloop
  endfacet
  facet normal  1.626397e-001  6.167253e-001  7.701936e-001
    outer loop
      vertex  2.036869e+000  4.950000e+001 -5.106189e-001
      vertex  2.500095e+000  4.950000e+001 -6.084371e-001
      vertex  2.138943e+000  5.000000e+001 -9.325439e-001
    endloop
  endfacet
  facet normal  1.468417e-001  6.105393e-001  7.782541e-001
    outer loop
      vertex  2.138943e+000  5.000000e+001 -9.325439e-001
      vertex  2.500095e+000  4.950000e+001 -6.084371e-001
      vertex  2.496424e+000  5.000000e+001 -9.999936e-001
    endloop
  endfacet
  facet normal  4.780442e-001  4.306834e-001  7.654970e-001
    outer loop
      vertex  1.722762e+000  4.900000e+001  1.680910e-002
      vertex  1.985977e+000  4.900000e+001 -1.475656e-001
      vertex  1.704181e+000  4.950000e+001 -2.528972e-001
    endloop
  endfacet
  facet normal  5.451809e-001  4.555160e-001  7.037634e-001
    outer loop
      vertex  1.704181e+000  4.950000e+001 -2.528972e-001
      vertex  1.985977e+000  4.900000e+001 -1.475656e-001
      vertex  2.036869e+000  4.950000e+001 -5.106189e-001
    endloop
  endfacet
  facet normal  5.497746e-001  4.405488e-001  7.096933e-001
    outer loop
      vertex  1.704181e+000  4.950000e+001 -2.528972e-001
      vertex  2.036869e+000  4.950000e+001 -5.106189e-001
      vertex  1.643638e+000  5.000000e+001 -5.163763e-001
    endloop
  endfacet
  facet normal  6.539030e-001  5.205915e-001  5.489950e-001
    outer loop
      vertex  1.643638e+000  5.000000e+001 -5.163763e-001
      vertex  2.036869e+000  4.950000e+001 -5.106189e-001
      vertex  1.843176e+000  5.000000e+001 -7.540438e-001
    endloop
  endfacet
  facet normal -1.334179e-001  6.525633e-001  7.458960e-001
    outer loop
      vertex  2.850000e+000  5.000000e+001 -9.367497e-001
      vertex  2.496424e+000  5.000000e+001 -9.999936e-001
      vertex  2.961452e+000  4.950000e+001 -4.793785e-001
    endloop
  endfacet
  facet normal -2.152905e-001  6.011158e-001  7.696166e-001
    outer loop
      vertex  2.961452e+000  4.950000e+001 -4.793785e-001
      vertex  2.496424e+000  5.000000e+001 -9.999936e-001
      vertex  2.500095e+000  4.950000e+001 -6.084371e-001
    endloop
  endfacet
  facet normal -2.019481e-001  6.618517e-001  7.219205e-001
    outer loop
      vertex  2.961452e+000  4.950000e+001 -4.793785e-001
      vertex  2.500095e+000  4.950000e+001 -6.084371e-001
      vertex  2.999983e+000  4.900000e+001 -1.020347e-002
    endloop
  endfacet
  facet normal -4.073703e-001  5.039721e-001  7.616176e-001
    outer loop
      vertex  2.999983e+000  4.900000e+001 -1.020347e-002
      vertex  2.500095e+000  4.950000e+001 -6.084371e-001
      vertex  2.683255e+000  4.900000e+001 -1.796131e-001
    endloop
  endfacet
  facet normal  4.264663e-001  5.646146e-001  7.066377e-001
    outer loop
      vertex  1.779388e+000  5.050000e+001 -1.115055e+000
      vertex  1.843176e+000  5.000000e+001 -7.540438e-001
      vertex  2.138943e+000  5.000000e+001 -9.325439e-001
    endloop
  endfacet
  facet normal  4.134528e-001  5.595226e-001  7.183253e-001
    outer loop
      vertex  1.779388e+000  5.050000e+001 -1.115055e+000
      vertex  2.138943e+000  5.000000e+001 -9.325439e-001
      vertex  2.189715e+000  5.050000e+001 -1.351230e+000
    endloop
  endfacet
  facet normal  1.444962e-001  6.266065e-001  7.658232e-001
    outer loop
      vertex  2.138943e+000  5.000000e+001 -9.325439e-001
      vertex  2.496424e+000  5.000000e+001 -9.999936e-001
      vertex  2.189715e+000  5.050000e+001 -1.351230e+000
    endloop
  endfacet
  facet normal  6.433808e-001  5.250868e-001  5.570861e-001
    outer loop
      vertex  1.746084e+000  5.100000e+001 -1.547872e+000
      vertex  1.519952e+000  5.100000e+001 -1.286711e+000
      vertex  1.779388e+000  5.050000e+001 -1.115055e+000
    endloop
  endfacet
  facet normal  3.926824e-001  6.167253e-001  6.822392e-001
    outer loop
      vertex  1.779388e+000  5.050000e+001 -1.115055e+000
      vertex  2.189715e+000  5.050000e+001 -1.351230e+000
      vertex  1.746084e+000  5.100000e+001 -1.547872e+000
    endloop
  endfacet
  facet normal  3.801484e-001  6.105392e-001  6.947870e-001
    outer loop
      vertex  1.746084e+000  5.100000e+001 -1.547872e+000
      vertex  2.189715e+000  5.050000e+001 -1.351230e+000
      vertex  2.065225e+000  5.100000e+001 -1.722488e+000
    endloop
  endfacet
  facet normal  6.911986e-001  4.306833e-001  5.803071e-001
    outer loop
      vertex  1.643638e+000  5.000000e+001 -5.163763e-001
      vertex  1.843176e+000  5.000000e+001 -7.540438e-001
      vertex  1.542623e+000  5.050000e+001 -7.671405e-001
    endloop
  endfacet
  facet normal  7.359728e-001  4.555160e-001  5.008485e-001
    outer loop
      vertex  1.542623e+000  5.050000e+001 -7.671405e-001
      vertex  1.843176e+000  5.000000e+001 -7.540438e-001
      vertex  1.779388e+000  5.050000e+001 -1.115055e+000
    endloop
  endfacet
  facet normal  7.421741e-001  4.405488e-001  5.050687e-001
    outer loop
      vertex  1.542623e+000  5.050000e+001 -7.671405e-001
      vertex  1.779388e+000  5.050000e+001 -1.115055e+000
      vertex  1.403624e+000  5.100000e+001 -9.990152e-001
    endloop
  endfacet
  facet normal  7.915475e-001  5.205914e-001  3.200579e-001
    outer loop
      vertex  1.403624e+000  5.100000e+001 -9.990152e-001
      vertex  1.779388e+000  5.050000e+001 -1.115055e+000
      vertex  1.519952e+000  5.100000e+001 -1.286711e+000
    endloop
  endfacet
  facet normal  1.036067e-001  6.525633e-001  7.506176e-001
    outer loop
      vertex  2.421040e+000  5.100000e+001 -1.771600e+000
      vertex  2.065225e+000  5.100000e+001 -1.722488e+000
      vertex  2.668372e+000  5.050000e+001 -1.371055e+000
    endloop
  endfacet
  facet normal  3.307126e-002  6.011159e-001  7.984773e-001
    outer loop
      vertex  2.668372e+000  5.050000e+001 -1.371055e+000
      vertex  2.065225e+000  5.100000e+001 -1.722488e+000
      vertex  2.189715e+000  5.050000e+001 -1.351230e+000
    endloop
  endfacet
  facet normal  3.102171e-002  6.618518e-001  7.489926e-001
    outer loop
      vertex  2.668372e+000  5.050000e+001 -1.371055e+000
      vertex  2.189715e+000  5.050000e+001 -1.351230e+000
      vertex  2.850000e+000  5.000000e+001 -9.367497e-001
    endloop
  endfacet
  facet normal -1.520793e-001  5.039722e-001  8.502257e-001
    outer loop
      vertex  2.850000e+000  5.000000e+001 -9.367497e-001
      vertex  2.189715e+000  5.050000e+001 -1.351230e+000
      vertex  2.496424e+000  5.000000e+001 -9.999936e-001
    endloop
  endfacet
  facet normal  6.239564e-001  5.646146e-001  5.402671e-001
    outer loop
      vertex  1.347728e+000  5.150000e+001 -1.610341e+000
      vertex  1.519952e+000  5.100000e+001 -1.286711e+000
      vertex  1.746084e+000  5.100000e+001 -1.547872e+000
    endloop
  endfacet
  facet normal  6.151917e-001  5.595227e-001  5.554039e-001
    outer loop
      vertex  1.347728e+000  5.150000e+001 -1.610341e+000
      vertex  1.746084e+000  5.100000e+001 -1.547872e+000
      vertex  1.664989e+000  5.150000e+001 -1.961755e+000
    endloop
  endfacet
  facet normal  3.740763e-001  6.266066e-001  6.836892e-001
    outer loop
      vertex  1.746084e+000  5.100000e+001 -1.547872e+000
      vertex  2.065225e+000  5.100000e+001 -1.722488e+000
      vertex  1.664989e+000  5.150000e+001 -1.961755e+000
    endloop
  endfacet
  facet normal  7.840407e-001  5.250867e-001  3.310048e-001
    outer loop
      vertex  1.182306e+000  5.200000e+001 -2.011683e+000
      vertex  1.047945e+000  5.200000e+001 -1.693426e+000
      vertex  1.347728e+000  5.150000e+001 -1.610341e+000
    endloop
  endfacet
  facet normal  5.842868e-001  6.167251e-001  5.275025e-001
    outer loop
      vertex  1.347728e+000  5.150000e+001 -1.610341e+000
      vertex  1.664989e+000  5.150000e+001 -1.961755e+000
      vertex  1.182306e+000  5.200000e+001 -2.011683e+000
    endloop
  endfacet
  facet normal  5.762438e-001  6.105392e-001  5.433093e-001
    outer loop
      vertex  1.182306e+000  5.200000e+001 -2.011683e+000
      vertex  1.664989e+000  5.150000e+001 -1.961755e+000
      vertex  1.431868e+000  5.200000e+001 -2.276373e+000
    endloop
  endfacet
  facet normal  8.366939e-001  4.306833e-001  3.383126e-001
    outer loop
      vertex  1.403624e+000  5.100000e+001 -9.990152e-001
      vertex  1.519952e+000  5.100000e+001 -1.286711e+000
      vertex  1.230062e+000  5.150000e+001 -1.206291e+000
    endloop
  endfacet
  facet normal  8.547224e-001  4.555159e-001  2.489070e-001
    outer loop
      vertex  1.230062e+000  5.150000e+001 -1.206291e+000
      vertex  1.519952e+000  5.100000e+001 -1.286711e+000
      vertex  1.347728e+000  5.150000e+001 -1.610341e+000
    endloop
  endfacet
  facet normal  8.619244e-001  4.405488e-001  2.510043e-001
    outer loop
      vertex  1.230062e+000  5.150000e+001 -1.206291e+000
      vertex  1.347728e+000  5.150000e+001 -1.610341e+000
      vertex  1.026213e+000  5.200000e+001 -1.383863e+000
    endloop
  endfacet
  facet normal  8.517098e-001  5.205914e-001  5.979160e-002
    outer loop
      vertex  1.026213e+000  5.200000e+001 -1.383863e+000
      vertex  1.347728e+000  5.150000e+001 -1.610341e+000
      vertex  1.047945e+000  5.200000e+001 -1.693426e+000
    endloop
  endfacet
  facet normal  3.304893e-001  6.525632e-001  6.818637e-001
    outer loop
      vertex  1.755091e+000  5.200000e+001 -2.433034e+000
      vertex  1.431868e+000  5.200000e+001 -2.276373e+000
      vertex  2.114093e+000  5.150000e+001 -2.128523e+000
    endloop
  endfacet
  facet normal  2.781958e-001  6.011159e-001  7.491775e-001
    outer loop
      vertex  2.114093e+000  5.150000e+001 -2.128523e+000
      vertex  1.431868e+000  5.200000e+001 -2.276373e+000
      vertex  1.664989e+000  5.150000e+001 -1.961755e+000
    endloop
  endfacet
  facet normal  2.609549e-001  6.618519e-001  7.027480e-001
    outer loop
      vertex  2.114093e+000  5.150000e+001 -2.128523e+000
      vertex  1.664989e+000  5.150000e+001 -1.961755e+000
      vertex  2.421040e+000  5.100000e+001 -1.771600e+000
    endloop
  endfacet
  facet normal  1.180983e-001  5.039724e-001  8.556078e-001
    outer loop
      vertex  2.421040e+000  5.100000e+001 -1.771600e+000
      vertex  1.664989e+000  5.150000e+001 -1.961755e+000
      vertex  2.065225e+000  5.100000e+001 -1.722488e+000
    endloop
  endfacet
  facet normal  7.603697e-001  5.646146e-001  3.210114e-001
    outer loop
      vertex  7.841423e-001  5.250000e+001 -1.947996e+000
      vertex  1.047945e+000  5.200000e+001 -1.693426e+000
      vertex  1.182306e+000  5.200000e+001 -2.011683e+000
    endloop
  endfacet
  facet normal  7.567114e-001  5.595227e-001  3.381159e-001
    outer loop
      vertex  7.841423e-001  5.250000e+001 -1.947996e+000
      vertex  1.182306e+000  5.200000e+001 -2.011683e+000
      vertex  9.772832e-001  5.250000e+001 -2.380250e+000
    endloop
  endfacet
  facet normal  5.670395e-001  6.266066e-001  5.346311e-001
    outer loop
      vertex  1.182306e+000  5.200000e+001 -2.011683e+000
      vertex  1.431868e+000  5.200000e+001 -2.276373e+000
      vertex  9.772832e-001  5.250000e+001 -2.380250e+000
    endloop
  endfacet
  facet normal  8.479531e-001  5.250867e-001  7.252230e-002
    outer loop
      vertex  5.027956e-001  5.300000e+001 -2.278577e+000
      vertex  4.733573e-001  5.300000e+001 -1.934376e+000
      vertex  7.841423e-001  5.250000e+001 -1.947996e+000
    endloop
  endfacet
  facet normal  7.186970e-001  6.167253e-001  3.211302e-001
    outer loop
      vertex  7.841423e-001  5.250000e+001 -1.947996e+000
      vertex  9.772832e-001  5.250000e+001 -2.380250e+000
      vertex  5.027956e-001  5.300000e+001 -2.278577e+000
    endloop
  endfacet
  facet normal  7.159321e-001  6.105392e-001  3.386491e-001
    outer loop
      vertex  5.027956e-001  5.300000e+001 -2.278577e+000
      vertex  9.772832e-001  5.250000e+001 -2.380250e+000
      vertex  6.583493e-001  5.300000e+001 -2.607431e+000
    endloop
  endfacet
  facet normal  9.002873e-001  4.306834e-001  6.320182e-002
    outer loop
      vertex  1.026213e+000  5.200000e+001 -1.383863e+000
      vertex  1.047945e+000  5.200000e+001 -1.693426e+000
      vertex  7.970945e-001  5.250000e+001 -1.527361e+000
    endloop
  endfacet
  facet normal  8.898059e-001  4.555161e-001 -2.739893e-002
    outer loop
      vertex  7.970945e-001  5.250000e+001 -1.527361e+000
      vertex  1.047945e+000  5.200000e+001 -1.693426e+000
      vertex  7.841423e-001  5.250000e+001 -1.947996e+000
    endloop
  endfacet
  facet normal  8.973034e-001  4.405489e-001 -2.762979e-002
    outer loop
      vertex  7.970945e-001  5.250000e+001 -1.527361e+000
      vertex  7.841423e-001  5.250000e+001 -1.947996e+000
      vertex  5.483491e-001  5.300000e+001 -1.633250e+000
    endloop
  endfacet
  facet normal  8.285009e-001  5.205914e-001 -2.063274e-001
    outer loop
      vertex  5.483491e-001  5.300000e+001 -1.633250e+000
      vertex  7.841423e-001  5.250000e+001 -1.947996e+000
      vertex  4.733573e-001  5.300000e+001 -1.934376e+000
    endloop
  endfacet
  facet normal  5.250216e-001  6.525633e-001  5.463638e-001
    outer loop
      vertex  9.173415e-001  5.300000e+001 -2.856306e+000
      vertex  6.583493e-001  5.300000e+001 -2.607431e+000
      vertex  1.352872e+000  5.250000e+001 -2.677636e+000
    endloop
  endfacet
  facet normal  4.960884e-001  6.011158e-001  6.265430e-001
    outer loop
      vertex  1.352872e+000  5.250000e+001 -2.677636e+000
      vertex  6.583493e-001  5.300000e+001 -2.607431e+000
      vertex  9.772832e-001  5.250000e+001 -2.380250e+000
    endloop
  endfacet
  facet normal  4.653439e-001  6.618517e-001  5.877137e-001
    outer loop
      vertex  1.352872e+000  5.250000e+001 -2.677636e+000
      vertex  9.772832e-001  5.250000e+001 -2.380250e+000
      vertex  1.755091e+000  5.200000e+001 -2.433034e+000
    endloop
  endfacet
  facet normal  3.767154e-001  5.039722e-001  7.772371e-001
    outer loop
      vertex  1.755091e+000  5.200000e+001 -2.433034e+000
      vertex  9.772832e-001  5.250000e+001 -2.380250e+000
      vertex  1.431868e+000  5.200000e+001 -2.276373e+000
    endloop
  endfacet
  facet normal  8.223525e-001  5.646147e-001  7.033277e-002
    outer loop
      vertex  1.437998e-001  5.350000e+001 -2.094968e+000
      vertex  4.733573e-001  5.300000e+001 -1.934376e+000
      vertex  5.027956e-001  5.300000e+001 -2.278577e+000
    endloop
  endfacet
  facet normal  8.241587e-001  5.595227e-001  8.773065e-002
    outer loop
      vertex  1.437998e-001  5.350000e+001 -2.094968e+000
      vertex  5.027956e-001  5.300000e+001 -2.278577e+000
      vertex  1.939139e-001  5.350000e+001 -2.565749e+000
    endloop
  endfacet
  facet normal  7.044966e-001  6.266066e-001  3.332399e-001
    outer loop
      vertex  5.027956e-001  5.300000e+001 -2.278577e+000
      vertex  6.583493e-001  5.300000e+001 -2.607431e+000
      vertex  1.939139e-001  5.350000e+001 -2.565749e+000
    endloop
  endfacet
  facet normal  6.730270e-001  5.877240e-001  4.490159e-001
    outer loop
      vertex  1.939139e-001  5.350000e+001 -2.565749e+000
      vertex  6.583493e-001  5.300000e+001 -2.607431e+000
      vertex  4.642631e-001  5.349456e+001 -2.963859e+000
    endloop
  endfacet
  facet normal  5.432783e-001  6.206557e-001  5.653628e-001
    outer loop
      vertex  9.173415e-001  5.300000e+001 -2.856306e+000
      vertex  4.642631e-001  5.349456e+001 -2.963859e+000
      vertex  6.583493e-001  5.300000e+001 -2.607431e+000
    endloop
  endfacet
  facet normal  8.288619e-001  5.250867e-001 -1.930592e-001
    outer loop
      vertex -2.259321e-001  5.400000e+001 -2.322428e+000
      vertex -1.475656e-001  5.400000e+001 -1.985977e+000
      vertex  1.437998e-001  5.350000e+001 -2.094968e+000
    endloop
  endfacet
  facet normal  7.827561e-001  6.167253e-001  8.332339e-002
    outer loop
      vertex  1.437998e-001  5.350000e+001 -2.094968e+000
      vertex  1.939139e-001  5.350000e+001 -2.565749e+000
      vertex -2.259321e-001  5.400000e+001 -2.322428e+000
    endloop
  endfacet
  facet normal  6.761542e-001  6.418869e-001  3.616580e-001
    outer loop
      vertex -1.020347e-002  5.400000e+001 -2.999983e+000
      vertex -1.796131e-001  5.400000e+001 -2.683255e+000
      vertex  0.000000e+000  5.398926e+001 -3.000000e+000
    endloop
  endfacet
  facet normal  6.431691e-001  6.348758e-001  4.280960e-001
    outer loop
      vertex  4.642631e-001  5.349456e+001 -2.963859e+000
      vertex  0.000000e+000  5.398926e+001 -3.000000e+000
      vertex  1.939139e-001  5.350000e+001 -2.565749e+000
    endloop
  endfacet
  facet normal  6.981558e-001  6.097420e-001  3.752241e-001
    outer loop
      vertex  1.939139e-001  5.350000e+001 -2.565749e+000
      vertex  0.000000e+000  5.398926e+001 -3.000000e+000
      vertex -1.796131e-001  5.400000e+001 -2.683255e+000
    endloop
  endfacet
  facet normal  7.855402e-001  6.105392e-001  1.008390e-001
    outer loop
      vertex  1.939139e-001  5.350000e+001 -2.565749e+000
      vertex -1.796131e-001  5.400000e+001 -2.683255e+000
      vertex -2.259321e-001  5.400000e+001 -2.322428e+000
    endloop
  endfacet
  facet normal  8.757547e-001  4.306833e-001 -2.180954e-001
    outer loop
      vertex  5.483491e-001  5.300000e+001 -1.633250e+000
      vertex  4.733573e-001  5.300000e+001 -1.934376e+000
      vertex  2.861015e-001  5.350000e+001 -1.698922e+000
    endloop
  endfacet
  facet normal  8.377888e-001  4.555160e-001 -3.010231e-001
    outer loop
      vertex  2.861015e-001  5.350000e+001 -1.698922e+000
      vertex  4.733573e-001  5.300000e+001 -1.934376e+000
      vertex  1.437998e-001  5.350000e+001 -2.094968e+000
    endloop
  endfacet
  facet normal  8.448481e-001  4.405489e-001 -3.035596e-001
    outer loop
      vertex  2.861015e-001  5.350000e+001 -1.698922e+000
      vertex  1.437998e-001  5.350000e+001 -2.094968e+000
      vertex  1.680910e-002  5.400000e+001 -1.722762e+000
    endloop
  endfacet
  facet normal  7.241924e-001  5.205913e-001 -4.522499e-001
    outer loop
      vertex  1.680910e-002  5.400000e+001 -1.722762e+000
      vertex  1.437998e-001  5.350000e+001 -2.094968e+000
      vertex -1.475656e-001  5.400000e+001 -1.985977e+000
    endloop
  endfacet
  facet normal  8.038377e-001  5.646146e-001 -1.872305e-001
    outer loop
      vertex -5.106189e-001  5.450000e+001 -2.036869e+000
      vertex -1.475656e-001  5.400000e+001 -1.985977e+000
      vertex -2.259321e-001  5.400000e+001 -2.322428e+000
    endloop
  endfacet
  facet normal  8.109319e-001  5.595226e-001 -1.712423e-001
    outer loop
      vertex -5.106189e-001  5.450000e+001 -2.036869e+000
      vertex -2.259321e-001  5.400000e+001 -2.322428e+000
      vertex -6.084371e-001  5.450000e+001 -2.500095e+000
    endloop
  endfacet
  facet normal  7.729928e-001  6.266066e-001  9.922834e-002
    outer loop
      vertex -2.259321e-001  5.400000e+001 -2.322428e+000
      vertex -1.796131e-001  5.400000e+001 -2.683255e+000
      vertex -6.084371e-001  5.450000e+001 -2.500095e+000
    endloop
  endfacet
  facet normal  7.286359e-001  5.250867e-001 -4.397426e-001
    outer loop
      vertex -9.325439e-001  5.500000e+001 -2.138943e+000
      vertex -7.540438e-001  5.500000e+001 -1.843176e+000
      vertex -5.106189e-001  5.450000e+001 -2.036869e+000
    endloop
  endfacet
  facet normal  7.701936e-001  6.167253e-001 -1.626397e-001
    outer loop
      vertex -5.106189e-001  5.450000e+001 -2.036869e+000
      vertex -6.084371e-001  5.450000e+001 -2.500095e+000
      vertex -9.325439e-001  5.500000e+001 -2.138943e+000
    endloop
  endfacet
  facet normal  7.782541e-001  6.105393e-001 -1.468417e-001
    outer loop
      vertex -9.325439e-001  5.500000e+001 -2.138943e+000
      vertex -6.084371e-001  5.450000e+001 -2.500095e+000
      vertex -9.999936e-001  5.500000e+001 -2.496424e+000
    endloop
  endfacet
  facet normal  7.654970e-001  4.306834e-001 -4.780442e-001
    outer loop
      vertex  1.680910e-002  5.400000e+001 -1.722762e+000
      vertex -1.475656e-001  5.400000e+001 -1.985977e+000
      vertex -2.528972e-001  5.450000e+001 -1.704181e+000
    endloop
  endfacet
  facet normal  7.037634e-001  4.555160e-001 -5.451809e-001
    outer loop
      vertex -2.528972e-001  5.450000e+001 -1.704181e+000
      vertex -1.475656e-001  5.400000e+001 -1.985977e+000
      vertex -5.106189e-001  5.450000e+001 -2.036869e+000
    endloop
  endfacet
  facet normal  7.096933e-001  4.405488e-001 -5.497746e-001
    outer loop
      vertex -2.528972e-001  5.450000e+001 -1.704181e+000
      vertex -5.106189e-001  5.450000e+001 -2.036869e+000
      vertex -5.163763e-001  5.500000e+001 -1.643638e+000
    endloop
  endfacet
  facet normal  5.489950e-001  5.205915e-001 -6.539030e-001
    outer loop
      vertex -5.163763e-001  5.500000e+001 -1.643638e+000
      vertex -5.106189e-001  5.450000e+001 -2.036869e+000
      vertex -7.540438e-001  5.500000e+001 -1.843176e+000
    endloop
  endfacet
  facet normal  7.458960e-001  6.525633e-001  1.334179e-001
    outer loop
      vertex -9.367497e-001  5.500000e+001 -2.850000e+000
      vertex -9.999936e-001  5.500000e+001 -2.496424e+000
      vertex -4.793785e-001  5.450000e+001 -2.961452e+000
    endloop
  endfacet
  facet normal  7.696166e-001  6.011158e-001  2.152905e-001
    outer loop
      vertex -4.793785e-001  5.450000e+001 -2.961452e+000
      vertex -9.999936e-001  5.500000e+001 -2.496424e+000
      vertex -6.084371e-001  5.450000e+001 -2.500095e+000
    endloop
  endfacet
  facet normal  7.219205e-001  6.618517e-001  2.019481e-001
    outer loop
      vertex -4.793785e-001  5.450000e+001 -2.961452e+000
      vertex -6.084371e-001  5.450000e+001 -2.500095e+000
      vertex -1.020347e-002  5.400000e+001 -2.999983e+000
    endloop
  endfacet
  facet normal  7.616177e-001  5.039722e-001  4.073704e-001
    outer loop
      vertex -1.020347e-002  5.400000e+001 -2.999983e+000
      vertex -6.084371e-001  5.450000e+001 -2.500095e+000
      vertex -1.796131e-001  5.400000e+001 -2.683255e+000
    endloop
  endfacet
  facet normal  7.066377e-001  5.646146e-001 -4.264663e-001
    outer loop
      vertex -1.115055e+000  5.550000e+001 -1.779388e+000
      vertex -7.540438e-001  5.500000e+001 -1.843176e+000
      vertex -9.325439e-001  5.500000e+001 -2.138943e+000
    endloop
  endfacet
  facet normal  7.183253e-001  5.595226e-001 -4.134528e-001
    outer loop
      vertex -1.115055e+000  5.550000e+001 -1.779388e+000
      vertex -9.325439e-001  5.500000e+001 -2.138943e+000
      vertex -1.351230e+000  5.550000e+001 -2.189715e+000
    endloop
  endfacet
  facet normal  7.658232e-001  6.266065e-001 -1.444962e-001
    outer loop
      vertex -9.325439e-001  5.500000e+001 -2.138943e+000
      vertex -9.999936e-001  5.500000e+001 -2.496424e+000
      vertex -1.351230e+000  5.550000e+001 -2.189715e+000
    endloop
  endfacet
  facet normal  5.570861e-001  5.250868e-001 -6.433808e-001
    outer loop
      vertex -1.547872e+000  5.600000e+001 -1.746084e+000
      vertex -1.286711e+000  5.600000e+001 -1.519952e+000
      vertex -1.115055e+000  5.550000e+001 -1.779388e+000
    endloop
  endfacet
  facet normal  6.822392e-001  6.167253e-001 -3.926824e-001
    outer loop
      vertex -1.115055e+000  5.550000e+001 -1.779388e+000
      vertex -1.351230e+000  5.550000e+001 -2.189715e+000
      vertex -1.547872e+000  5.600000e+001 -1.746084e+000
    endloop
  endfacet
  facet normal  6.947870e-001  6.105392e-001 -3.801484e-001
    outer loop
      vertex -1.547872e+000  5.600000e+001 -1.746084e+000
      vertex -1.351230e+000  5.550000e+001 -2.189715e+000
      vertex -1.722488e+000  5.600000e+001 -2.065225e+000
    endloop
  endfacet
  facet normal  5.803071e-001  4.306833e-001 -6.911986e-001
    outer loop
      vertex -5.163763e-001  5.500000e+001 -1.643638e+000
      vertex -7.540438e-001  5.500000e+001 -1.843176e+000
      vertex -7.671405e-001  5.550000e+001 -1.542623e+000
    endloop
  endfacet
  facet normal  5.008485e-001  4.555160e-001 -7.359728e-001
    outer loop
      vertex -7.671405e-001  5.550000e+001 -1.542623e+000
      vertex -7.540438e-001  5.500000e+001 -1.843176e+000
      vertex -1.115055e+000  5.550000e+001 -1.779388e+000
    endloop
  endfacet
  facet normal  5.050687e-001  4.405488e-001 -7.421741e-001
    outer loop
      vertex -7.671405e-001  5.550000e+001 -1.542623e+000
      vertex -1.115055e+000  5.550000e+001 -1.779388e+000
      vertex -9.990152e-001  5.600000e+001 -1.403624e+000
    endloop
  endfacet
  facet normal  3.200579e-001  5.205914e-001 -7.915475e-001
    outer loop
      vertex -9.990152e-001  5.600000e+001 -1.403624e+000
      vertex -1.115055e+000  5.550000e+001 -1.779388e+000
      vertex -1.286711e+000  5.600000e+001 -1.519952e+000
    endloop
  endfacet
  facet normal  7.506176e-001  6.525633e-001 -1.036067e-001
    outer loop
      vertex -1.771600e+000  5.600000e+001 -2.421040e+000
      vertex -1.722488e+000  5.600000e+001 -2.065225e+000
      vertex -1.371055e+000  5.550000e+001 -2.668372e+000
    endloop
  endfacet
  facet normal  7.984773e-001  6.011159e-001 -3.307126e-002
    outer loop
      vertex -1.371055e+000  5.550000e+001 -2.668372e+000
      vertex -1.722488e+000  5.600000e+001 -2.065225e+000
      vertex -1.351230e+000  5.550000e+001 -2.189715e+000
    endloop
  endfacet
  facet normal  7.489926e-001  6.618518e-001 -3.102171e-002
    outer loop
      vertex -1.371055e+000  5.550000e+001 -2.668372e+000
      vertex -1.351230e+000  5.550000e+001 -2.189715e+000
      vertex -9.367497e-001  5.500000e+001 -2.850000e+000
    endloop
  endfacet
  facet normal  8.502257e-001  5.039722e-001  1.520793e-001
    outer loop
      vertex -9.367497e-001  5.500000e+001 -2.850000e+000
      vertex -1.351230e+000  5.550000e+001 -2.189715e+000
      vertex -9.999936e-001  5.500000e+001 -2.496424e+000
    endloop
  endfacet
  facet normal  5.402671e-001  5.646146e-001 -6.239564e-001
    outer loop
      vertex -1.610341e+000  5.650000e+001 -1.347728e+000
      vertex -1.286711e+000  5.600000e+001 -1.519952e+000
      vertex -1.547872e+000  5.600000e+001 -1.746084e+000
    endloop
  endfacet
  facet normal  5.554039e-001  5.595227e-001 -6.151917e-001
    outer loop
      vertex -1.610341e+000  5.650000e+001 -1.347728e+000
      vertex -1.547872e+000  5.600000e+001 -1.746084e+000
      vertex -1.961755e+000  5.650000e+001 -1.664989e+000
    endloop
  endfacet
  facet normal  6.836893e-001  6.266066e-001 -3.740764e-001
    outer loop
      vertex -1.547872e+000  5.600000e+001 -1.746084e+000
      vertex -1.722488e+000  5.600000e+001 -2.065225e+000
      vertex -1.961755e+000  5.650000e+001 -1.664989e+000
    endloop
  endfacet
  facet normal  3.310048e-001  5.250867e-001 -7.840407e-001
    outer loop
      vertex -2.011683e+000  5.700000e+001 -1.182306e+000
      vertex -1.693426e+000  5.700000e+001 -1.047945e+000
      vertex -1.610341e+000  5.650000e+001 -1.347728e+000
    endloop
  endfacet
  facet normal  5.275025e-001  6.167251e-001 -5.842868e-001
    outer loop
      vertex -1.610341e+000  5.650000e+001 -1.347728e+000
      vertex -1.961755e+000  5.650000e+001 -1.664989e+000
      vertex -2.011683e+000  5.700000e+001 -1.182306e+000
    endloop
  endfacet
  facet normal  5.433093e-001  6.105392e-001 -5.762438e-001
    outer loop
      vertex -2.011683e+000  5.700000e+001 -1.182306e+000
      vertex -1.961755e+000  5.650000e+001 -1.664989e+000
      vertex -2.276373e+000  5.700000e+001 -1.431868e+000
    endloop
  endfacet
  facet normal  3.383126e-001  4.306833e-001 -8.366939e-001
    outer loop
      vertex -9.990152e-001  5.600000e+001 -1.403624e+000
      vertex -1.286711e+000  5.600000e+001 -1.519952e+000
      vertex -1.206291e+000  5.650000e+001 -1.230062e+000
    endloop
  endfacet
  facet normal  2.489070e-001  4.555159e-001 -8.547224e-001
    outer loop
      vertex -1.206291e+000  5.650000e+001 -1.230062e+000
      vertex -1.286711e+000  5.600000e+001 -1.519952e+000
      vertex -1.610341e+000  5.650000e+001 -1.347728e+000
    endloop
  endfacet
  facet normal  2.510043e-001  4.405488e-001 -8.619244e-001
    outer loop
      vertex -1.206291e+000  5.650000e+001 -1.230062e+000
      vertex -1.610341e+000  5.650000e+001 -1.347728e+000
      vertex -1.383863e+000  5.700000e+001 -1.026213e+000
    endloop
  endfacet
  facet normal  5.979160e-002  5.205914e-001 -8.517098e-001
    outer loop
      vertex -1.383863e+000  5.700000e+001 -1.026213e+000
      vertex -1.610341e+000  5.650000e+001 -1.347728e+000
      vertex -1.693426e+000  5.700000e+001 -1.047945e+000
    endloop
  endfacet
  facet normal  6.818637e-001  6.525632e-001 -3.304893e-001
    outer loop
      vertex -2.433034e+000  5.700000e+001 -1.755091e+000
      vertex -2.276373e+000  5.700000e+001 -1.431868e+000
      vertex -2.128523e+000  5.650000e+001 -2.114093e+000
    endloop
  endfacet
  facet normal  7.491775e-001  6.011159e-001 -2.781958e-001
    outer loop
      vertex -2.128523e+000  5.650000e+001 -2.114093e+000
      vertex -2.276373e+000  5.700000e+001 -1.431868e+000
      vertex -1.961755e+000  5.650000e+001 -1.664989e+000
    endloop
  endfacet
  facet normal  7.027479e-001  6.618518e-001 -2.609549e-001
    outer loop
      vertex -2.128523e+000  5.650000e+001 -2.114093e+000
      vertex -1.961755e+000  5.650000e+001 -1.664989e+000
      vertex -1.771600e+000  5.600000e+001 -2.421040e+000
    endloop
  endfacet
  facet normal  8.556078e-001  5.039724e-001 -1.180983e-001
    outer loop
      vertex -1.771600e+000  5.600000e+001 -2.421040e+000
      vertex -1.961755e+000  5.650000e+001 -1.664989e+000
      vertex -1.722488e+000  5.600000e+001 -2.065225e+000
    endloop
  endfacet
  facet normal  3.210114e-001  5.646146e-001 -7.603697e-001
    outer loop
      vertex -1.947996e+000  5.750000e+001 -7.841423e-001
      vertex -1.693426e+000  5.700000e+001 -1.047945e+000
      vertex -2.011683e+000  5.700000e+001 -1.182306e+000
    endloop
  endfacet
  facet normal  3.381159e-001  5.595227e-001 -7.567114e-001
    outer loop
      vertex -1.947996e+000  5.750000e+001 -7.841423e-001
      vertex -2.011683e+000  5.700000e+001 -1.182306e+000
      vertex -2.380250e+000  5.750000e+001 -9.772832e-001
    endloop
  endfacet
  facet normal  5.346311e-001  6.266066e-001 -5.670395e-001
    outer loop
      vertex -2.011683e+000  5.700000e+001 -1.182306e+000
      vertex -2.276373e+000  5.700000e+001 -1.431868e+000
      vertex -2.380250e+000  5.750000e+001 -9.772832e-001
    endloop
  endfacet
  facet normal  7.252230e-002  5.250867e-001 -8.479531e-001
    outer loop
      vertex -2.278577e+000  5.800000e+001 -5.027956e-001
      vertex -1.934376e+000  5.800000e+001 -4.733573e-001
      vertex -1.947996e+000  5.750000e+001 -7.841423e-001
    endloop
  endfacet
  facet normal  3.211302e-001  6.167253e-001 -7.186970e-001
    outer loop
      vertex -1.947996e+000  5.750000e+001 -7.841423e-001
      vertex -2.380250e+000  5.750000e+001 -9.772832e-001
      vertex -2.278577e+000  5.800000e+001 -5.027956e-001
    endloop
  endfacet
  facet normal  3.386491e-001  6.105392e-001 -7.159321e-001
    outer loop
      vertex -2.278577e+000  5.800000e+001 -5.027956e-001
      vertex -2.380250e+000  5.750000e+001 -9.772832e-001
      vertex -2.607431e+000  5.800000e+001 -6.583493e-001
    endloop
  endfacet
  facet normal  6.320182e-002  4.306834e-001 -9.002873e-001
    outer loop
      vertex -1.383863e+000  5.700000e+001 -1.026213e+000
      vertex -1.693426e+000  5.700000e+001 -1.047945e+000
      vertex -1.527361e+000  5.750000e+001 -7.970945e-001
    endloop
  endfacet
  facet normal -2.739893e-002  4.555161e-001 -8.898059e-001
    outer loop
      vertex -1.527361e+000  5.750000e+001 -7.970945e-001
      vertex -1.693426e+000  5.700000e+001 -1.047945e+000
      vertex -1.947996e+000  5.750000e+001 -7.841423e-001
    endloop
  endfacet
  facet normal -2.762979e-002  4.405489e-001 -8.973034e-001
    outer loop
      vertex -1.527361e+000  5.750000e+001 -7.970945e-001
      vertex -1.947996e+000  5.750000e+001 -7.841423e-001
      vertex -1.633250e+000  5.800000e+001 -5.483491e-001
    endloop
  endfacet
  facet normal -2.063274e-001  5.205914e-001 -8.285009e-001
    outer loop
      vertex -1.633250e+000  5.800000e+001 -5.483491e-001
      vertex -1.947996e+000  5.750000e+001 -7.841423e-001
      vertex -1.934376e+000  5.800000e+001 -4.733573e-001
    endloop
  endfacet
  facet normal  5.463638e-001  6.525633e-001 -5.250216e-001
    outer loop
      vertex -2.856306e+000  5.800000e+001 -9.173415e-001
      vertex -2.607431e+000  5.800000e+001 -6.583493e-001
      vertex -2.677636e+000  5.750000e+001 -1.352872e+000
    endloop
  endfacet
  facet normal  6.265430e-001  6.011158e-001 -4.960884e-001
    outer loop
      vertex -2.677636e+000  5.750000e+001 -1.352872e+000
      vertex -2.607431e+000  5.800000e+001 -6.583493e-001
      vertex -2.380250e+000  5.750000e+001 -9.772832e-001
    endloop
  endfacet
  facet normal  5.877137e-001  6.618517e-001 -4.653439e-001
    outer loop
      vertex -2.677636e+000  5.750000e+001 -1.352872e+000
      vertex -2.380250e+000  5.750000e+001 -9.772832e-001
      vertex -2.433034e+000  5.700000e+001 -1.755091e+000
    endloop
  endfacet
  facet normal  7.772371e-001  5.039722e-001 -3.767154e-001
    outer loop
      vertex -2.433034e+000  5.700000e+001 -1.755091e+000
      vertex -2.380250e+000  5.750000e+001 -9.772832e-001
      vertex -2.276373e+000  5.700000e+001 -1.431868e+000
    endloop
  endfacet
  facet normal  7.033277e-002  5.646147e-001 -8.223525e-001
    outer loop
      vertex -2.094968e+000  5.850000e+001 -1.437998e-001
      vertex -1.934376e+000  5.800000e+001 -4.733573e-001
      vertex -2.278577e+000  5.800000e+001 -5.027956e-001
    endloop
  endfacet
  facet normal  8.773065e-002  5.595227e-001 -8.241587e-001
    outer loop
      vertex -2.094968e+000  5.850000e+001 -1.437998e-001
      vertex -2.278577e+000  5.800000e+001 -5.027956e-001
      vertex -2.565749e+000  5.850000e+001 -1.939139e-001
    endloop
  endfacet
  facet normal  3.332399e-001  6.266066e-001 -7.044966e-001
    outer loop
      vertex -2.278577e+000  5.800000e+001 -5.027956e-001
      vertex -2.607431e+000  5.800000e+001 -6.583493e-001
      vertex -2.565749e+000  5.850000e+001 -1.939139e-001
    endloop
  endfacet
  facet normal -1.930592e-001  5.250867e-001 -8.288619e-001
    outer loop
      vertex -2.322428e+000  5.900000e+001  2.259321e-001
      vertex -1.985977e+000  5.900000e+001  1.475656e-001
      vertex -2.094968e+000  5.850000e+001 -1.437998e-001
    endloop
  endfacet
  facet normal  8.332339e-002  6.167253e-001 -7.827561e-001
    outer loop
      vertex -2.094968e+000  5.850000e+001 -1.437998e-001
      vertex -2.565749e+000  5.850000e+001 -1.939139e-001
      vertex -2.322428e+000  5.900000e+001  2.259321e-001
    endloop
  endfacet
  facet normal  1.008391e-001  6.105392e-001 -7.855402e-001
    outer loop
      vertex -2.322428e+000  5.900000e+001  2.259321e-001
      vertex -2.565749e+000  5.850000e+001 -1.939139e-001
      vertex -2.683255e+000  5.900000e+001  1.796131e-001
    endloop
  endfacet
  facet normal -2.180954e-001  4.306833e-001 -8.757547e-001
    outer loop
      vertex -1.633250e+000  5.800000e+001 -5.483491e-001
      vertex -1.934376e+000  5.800000e+001 -4.733573e-001
      vertex -1.698922e+000  5.850000e+001 -2.861015e-001
    endloop
  endfacet
  facet normal -3.010231e-001  4.555160e-001 -8.377888e-001
    outer loop
      vertex -1.698922e+000  5.850000e+001 -2.861015e-001
      vertex -1.934376e+000  5.800000e+001 -4.733573e-001
      vertex -2.094968e+000  5.850000e+001 -1.437998e-001
    endloop
  endfacet
  facet normal -3.035596e-001  4.405489e-001 -8.448481e-001
    outer loop
      vertex -1.698922e+000  5.850000e+001 -2.861015e-001
      vertex -2.094968e+000  5.850000e+001 -1.437998e-001
      vertex -1.722762e+000  5.900000e+001 -1.680910e-002
    endloop
  endfacet
  facet normal -4.522499e-001  5.205913e-001 -7.241924e-001
    outer loop
      vertex -1.722762e+000  5.900000e+001 -1.680910e-002
      vertex -2.094968e+000  5.850000e+001 -1.437998e-001
      vertex -1.985977e+000  5.900000e+001  1.475656e-001
    endloop
  endfacet
  facet normal  3.573826e-001  6.525633e-001 -6.681608e-001
    outer loop
      vertex -2.999983e+000  5.900000e+001  1.020347e-002
      vertex -2.683255e+000  5.900000e+001  1.796131e-001
      vertex -2.964644e+000  5.850000e+001 -4.592228e-001
    endloop
  endfacet
  facet normal  4.425781e-001  6.011159e-001 -6.654204e-001
    outer loop
      vertex -2.964644e+000  5.850000e+001 -4.592228e-001
      vertex -2.683255e+000  5.900000e+001  1.796131e-001
      vertex -2.565749e+000  5.850000e+001 -1.939139e-001
    endloop
  endfacet
  facet normal  4.151498e-001  6.618516e-001 -6.241818e-001
    outer loop
      vertex -2.964644e+000  5.850000e+001 -4.592228e-001
      vertex -2.565749e+000  5.850000e+001 -1.939139e-001
      vertex -2.856306e+000  5.800000e+001 -9.173415e-001
    endloop
  endfacet
  facet normal  6.227847e-001  5.039724e-001 -5.984572e-001
    outer loop
      vertex -2.856306e+000  5.800000e+001 -9.173415e-001
      vertex -2.565749e+000  5.850000e+001 -1.939139e-001
      vertex -2.607431e+000  5.800000e+001 -6.583493e-001
    endloop
  endfacet
  facet normal -6.237667e-001  3.979524e-001 -6.727176e-001
    outer loop
      vertex -1.676593e+000  5.977107e+001  3.965170e-001
      vertex -1.722762e+000  5.900000e+001 -1.680910e-002
      vertex -1.929770e+000  5.967004e+001  5.715070e-001
    endloop
  endfacet
  facet normal -4.579790e-001  5.024233e-001 -7.333662e-001
    outer loop
      vertex -1.929770e+000  5.967004e+001  5.715070e-001
      vertex -1.722762e+000  5.900000e+001 -1.680910e-002
      vertex -1.985977e+000  5.900000e+001  1.475656e-001
    endloop
  endfacet
  facet normal -2.652632e-001  5.313124e-001 -8.045761e-001
    outer loop
      vertex -1.929770e+000  5.967004e+001  5.715070e-001
      vertex -1.985977e+000  5.900000e+001  1.475656e-001
      vertex -2.412656e+000  5.960350e+001  6.867656e-001
    endloop
  endfacet
  facet normal -1.849873e-001  5.788042e-001 -7.942073e-001
    outer loop
      vertex -2.412656e+000  5.960350e+001  6.867656e-001
      vertex -1.985977e+000  5.900000e+001  1.475656e-001
      vertex -2.322428e+000  5.900000e+001  2.259321e-001
    endloop
  endfacet
  facet normal  1.005695e-001  6.132756e-001 -7.834403e-001
    outer loop
      vertex -2.412656e+000  5.960350e+001  6.867656e-001
      vertex -2.322428e+000  5.900000e+001  2.259321e-001
      vertex -2.683255e+000  5.900000e+001  1.796131e-001
    endloop
  endfacet
  facet normal  3.722459e-001  6.140745e-001 -6.959493e-001
    outer loop
      vertex -2.999983e+000  5.900000e+001  1.020347e-002
      vertex -2.936536e+000  5.964562e+001  6.138043e-001
      vertex -2.683255e+000  5.900000e+001  1.796131e-001
    endloop
  endfacet
  facet normal  1.576521e-001  5.929217e-001 -7.896771e-001
    outer loop
      vertex -2.683255e+000  5.900000e+001  1.796131e-001
      vertex -2.936536e+000  5.964562e+001  6.138043e-001
      vertex -2.412656e+000  5.960350e+001  6.867656e-001
    endloop
  endfacet
  facet normal -3.315137e-001 -8.093824e-003 -9.434158e-001
    outer loop
      vertex -5.140973e-001  4.000000e+001 -2.955622e+000
      vertex -1.402273e+000  4.100000e+001 -2.652099e+000
      vertex -9.367497e-001  4.500000e+001 -2.850000e+000
    endloop
  endfacet
  facet normal -2.361701e-001  5.633545e-004 -9.717115e-001
    outer loop
      vertex -5.140973e-001  4.000000e+001 -2.955622e+000
      vertex -9.367497e-001  4.500000e+001 -2.850000e+000
      vertex -4.793785e-001  4.450000e+001 -2.961452e+000
    endloop
  endfacet
  facet normal -8.254151e-002 -6.541563e-004 -9.965873e-001
    outer loop
      vertex -5.140973e-001  4.000000e+001 -2.955622e+000
      vertex -4.793785e-001  4.450000e+001 -2.961452e+000
      vertex -1.020347e-002  4.400000e+001 -2.999983e+000
    endloop
  endfacet
  facet normal -1.180989e-002 -9.601023e-003 -9.998842e-001
    outer loop
      vertex -5.140973e-001  4.000000e+001 -2.955622e+000
      vertex -1.020347e-002  4.400000e+001 -2.999983e+000
      vertex -7.347881e-016  4.398926e+001 -3.000000e+000
    endloop
  endfacet
  facet normal -8.600152e-002 -2.602551e-017 -9.962950e-001
    outer loop
      vertex -5.140973e-001  4.000000e+001 -2.955622e+000
      vertex -7.347881e-016  4.398926e+001 -3.000000e+000
      vertex  6.383782e-016  3.945162e+001 -3.000000e+000
    endloop
  endfacet
  facet normal -6.068198e-001 -8.093866e-003 -7.947983e-001
    outer loop
      vertex -2.153185e+000  4.200000e+001 -2.088970e+000
      vertex -1.771600e+000  4.600000e+001 -2.421040e+000
      vertex -1.402273e+000  4.100000e+001 -2.652099e+000
    endloop
  endfacet
  facet normal -5.248862e-001  5.633437e-004 -8.511722e-001
    outer loop
      vertex -1.402273e+000  4.100000e+001 -2.652099e+000
      vertex -1.771600e+000  4.600000e+001 -2.421040e+000
      vertex -1.371055e+000  4.550000e+001 -2.668372e+000
    endloop
  endfacet
  facet normal -3.864640e-001 -6.541688e-004 -9.223042e-001
    outer loop
      vertex -1.402273e+000  4.100000e+001 -2.652099e+000
      vertex -1.371055e+000  4.550000e+001 -2.668372e+000
      vertex -9.367497e-001  4.500000e+001 -2.850000e+000
    endloop
  endfacet
  facet normal -8.227260e-001 -8.093852e-003 -5.683807e-001
    outer loop
      vertex -2.693328e+000  4.300000e+001 -1.321358e+000
      vertex -2.433034e+000  4.700000e+001 -1.755091e+000
      vertex -2.153185e+000  4.200000e+001 -2.088970e+000
    endloop
  endfacet
  facet normal -7.622231e-001  5.633437e-004 -6.473141e-001
    outer loop
      vertex -2.153185e+000  4.200000e+001 -2.088970e+000
      vertex -2.433034e+000  4.700000e+001 -1.755091e+000
      vertex -2.128523e+000  4.650000e+001 -2.114093e+000
    endloop
  endfacet
  facet normal -6.525571e-001 -6.541574e-004 -7.577391e-001
    outer loop
      vertex -2.153185e+000  4.200000e+001 -2.088970e+000
      vertex -2.128523e+000  4.650000e+001 -2.114093e+000
      vertex -1.771600e+000  4.600000e+001 -2.421040e+000
    endloop
  endfacet
  facet normal -9.580982e-001 -8.093819e-003 -2.863256e-001
    outer loop
      vertex -2.969829e+000  4.400000e+001 -4.244020e-001
      vertex -2.856306e+000  4.800000e+001 -9.173415e-001
      vertex -2.693328e+000  4.300000e+001 -1.321358e+000
    endloop
  endfacet
  facet normal -9.249483e-001  5.633860e-004 -3.800924e-001
    outer loop
      vertex -2.693328e+000  4.300000e+001 -1.321358e+000
      vertex -2.856306e+000  4.800000e+001 -9.173415e-001
      vertex -2.677636e+000  4.750000e+001 -1.352872e+000
    endloop
  endfacet
  facet normal -8.547730e-001 -6.541212e-004 -5.190016e-001
    outer loop
      vertex -2.693328e+000  4.300000e+001 -1.321358e+000
      vertex -2.677636e+000  4.750000e+001 -1.352872e+000
      vertex -2.433034e+000  4.700000e+001 -1.755091e+000
    endloop
  endfacet
  facet normal -9.996849e-001 -8.093819e-003  2.375682e-002
    outer loop
      vertex -2.955622e+000  4.500000e+001  5.140973e-001
      vertex -2.999983e+000  4.900000e+001  1.020347e-002
      vertex -2.969829e+000  4.400000e+001 -4.244020e-001
    endloop
  endfacet
  facet normal -9.971331e-001  5.634028e-004 -7.566477e-002
    outer loop
      vertex -2.969829e+000  4.400000e+001 -4.244020e-001
      vertex -2.999983e+000  4.900000e+001  1.020347e-002
      vertex -2.964644e+000  4.850000e+001 -4.592228e-001
    endloop
  endfacet
  facet normal -9.733178e-001 -6.541033e-004 -2.294605e-001
    outer loop
      vertex -2.969829e+000  4.400000e+001 -4.244020e-001
      vertex -2.964644e+000  4.850000e+001 -4.592228e-001
      vertex -2.856306e+000  4.800000e+001 -9.173415e-001
    endloop
  endfacet
  facet normal -9.434158e-001 -8.093823e-003  3.315137e-001
    outer loop
      vertex -2.652099e+000  4.600000e+001  1.402273e+000
      vertex -2.850000e+000  5.000000e+001  9.367497e-001
      vertex -2.955622e+000  4.500000e+001  5.140973e-001
    endloop
  endfacet
  facet normal -9.717115e-001  5.633553e-004  2.361701e-001
    outer loop
      vertex -2.955622e+000  4.500000e+001  5.140973e-001
      vertex -2.850000e+000  5.000000e+001  9.367497e-001
      vertex -2.961452e+000  4.950000e+001  4.793785e-001
    endloop
  endfacet
  facet normal -9.965873e-001 -6.541563e-004  8.254151e-002
    outer loop
      vertex -2.955622e+000  4.500000e+001  5.140973e-001
      vertex -2.961452e+000  4.950000e+001  4.793785e-001
      vertex -2.999983e+000  4.900000e+001  1.020347e-002
    endloop
  endfacet
  facet normal -7.947983e-001 -8.093866e-003  6.068198e-001
    outer loop
      vertex -2.088970e+000  4.700000e+001  2.153185e+000
      vertex -2.421040e+000  5.100000e+001  1.771600e+000
      vertex -2.652099e+000  4.600000e+001  1.402273e+000
    endloop
  endfacet
  facet normal -8.511722e-001  5.633437e-004  5.248862e-001
    outer loop
      vertex -2.652099e+000  4.600000e+001  1.402273e+000
      vertex -2.421040e+000  5.100000e+001  1.771600e+000
      vertex -2.668372e+000  5.050000e+001  1.371055e+000
    endloop
  endfacet
  facet normal -9.223042e-001 -6.541688e-004  3.864640e-001
    outer loop
      vertex -2.652099e+000  4.600000e+001  1.402273e+000
      vertex -2.668372e+000  5.050000e+001  1.371055e+000
      vertex -2.850000e+000  5.000000e+001  9.367497e-001
    endloop
  endfacet
  facet normal -5.683807e-001 -8.093852e-003  8.227260e-001
    outer loop
      vertex -1.321358e+000  4.800000e+001  2.693328e+000
      vertex -1.755091e+000  5.200000e+001  2.433034e+000
      vertex -2.088970e+000  4.700000e+001  2.153185e+000
    endloop
  endfacet
  facet normal -6.473141e-001  5.633437e-004  7.622231e-001
    outer loop
      vertex -2.088970e+000  4.700000e+001  2.153185e+000
      vertex -1.755091e+000  5.200000e+001  2.433034e+000
      vertex -2.114093e+000  5.150000e+001  2.128523e+000
    endloop
  endfacet
  facet normal -7.577391e-001 -6.541574e-004  6.525571e-001
    outer loop
      vertex -2.088970e+000  4.700000e+001  2.153185e+000
      vertex -2.114093e+000  5.150000e+001  2.128523e+000
      vertex -2.421040e+000  5.100000e+001  1.771600e+000
    endloop
  endfacet
  facet normal -2.863256e-001 -8.093819e-003  9.580982e-001
    outer loop
      vertex -4.244020e-001  4.900000e+001  2.969829e+000
      vertex -9.173415e-001  5.300000e+001  2.856306e+000
      vertex -1.321358e+000  4.800000e+001  2.693328e+000
    endloop
  endfacet
  facet normal -3.800924e-001  5.633860e-004  9.249483e-001
    outer loop
      vertex -1.321358e+000  4.800000e+001  2.693328e+000
      vertex -9.173415e-001  5.300000e+001  2.856306e+000
      vertex -1.352872e+000  5.250000e+001  2.677636e+000
    endloop
  endfacet
  facet normal -5.190016e-001 -6.541212e-004  8.547730e-001
    outer loop
      vertex -1.321358e+000  4.800000e+001  2.693328e+000
      vertex -1.352872e+000  5.250000e+001  2.677636e+000
      vertex -1.755091e+000  5.200000e+001  2.433034e+000
    endloop
  endfacet
  facet normal -7.091203e-002  4.164006e-017  9.974826e-001
    outer loop
      vertex  3.673940e-016  4.945162e+001  3.000000e+000
      vertex  3.031929e-015  5.398926e+001  3.000000e+000
      vertex -4.244020e-001  4.900000e+001  2.969829e+000
    endloop
  endfacet
  facet normal -7.827866e-002  6.299629e-004  9.969313e-001
    outer loop
      vertex -4.244020e-001  4.900000e+001  2.969829e+000
      vertex  3.031929e-015  5.398926e+001  3.000000e+000
      vertex -4.642631e-001  5.349456e+001  2.963859e+000
    endloop
  endfacet
  facet normal -2.301899e-001 -7.488916e-004  9.731454e-001
    outer loop
      vertex -4.244020e-001  4.900000e+001  2.969829e+000
      vertex -4.642631e-001  5.349456e+001  2.963859e+000
      vertex -9.173415e-001  5.300000e+001  2.856306e+000
    endloop
  endfacet
  facet normal -5.855883e-001  1.170579e-002  8.105240e-001
    outer loop
      vertex -2.088970e+000  5.700000e+001  2.153185e+000
      vertex -1.321358e+000  5.800000e+001  2.693328e+000
      vertex -2.179067e+000  5.880954e+001  2.061958e+000
    endloop
  endfacet
  facet normal -9.733178e-001 -6.541033e-004 -2.294605e-001
    outer loop
      vertex -2.969829e+000  5.400000e+001 -4.244020e-001
      vertex -2.964644e+000  5.850000e+001 -4.592228e-001
      vertex -2.856306e+000  5.800000e+001 -9.173415e-001
    endloop
  endfacet
  facet normal -5.064677e-001  1.283862e-001  8.526473e-001
    outer loop
      vertex -1.001934e+000  5.836740e+001  2.827743e+000
      vertex -2.179067e+000  5.880954e+001  2.061958e+000
      vertex -1.321358e+000  5.800000e+001  2.693328e+000
    endloop
  endfacet
  facet normal -3.315137e-001 -8.093824e-003 -9.434158e-001
    outer loop
      vertex -5.140973e-001  5.000000e+001 -2.955622e+000
      vertex -1.402273e+000  5.100000e+001 -2.652099e+000
      vertex -9.367497e-001  5.500000e+001 -2.850000e+000
    endloop
  endfacet
  facet normal -2.361701e-001  5.633545e-004 -9.717115e-001
    outer loop
      vertex -5.140973e-001  5.000000e+001 -2.955622e+000
      vertex -9.367497e-001  5.500000e+001 -2.850000e+000
      vertex -4.793785e-001  5.450000e+001 -2.961452e+000
    endloop
  endfacet
  facet normal -8.254151e-002 -6.541563e-004 -9.965873e-001
    outer loop
      vertex -5.140973e-001  5.000000e+001 -2.955622e+000
      vertex -4.793785e-001  5.450000e+001 -2.961452e+000
      vertex -1.020347e-002  5.400000e+001 -2.999983e+000
    endloop
  endfacet
  facet normal -1.180989e-002 -9.601023e-003 -9.998842e-001
    outer loop
      vertex -5.140973e-001  5.000000e+001 -2.955622e+000
      vertex -1.020347e-002  5.400000e+001 -2.999983e+000
      vertex  0.000000e+000  5.398926e+001 -3.000000e+000
    endloop
  endfacet
  facet normal -8.600152e-002 -4.787048e-017 -9.962950e-001
    outer loop
      vertex -5.140973e-001  5.000000e+001 -2.955622e+000
      vertex  0.000000e+000  5.398926e+001 -3.000000e+000
      vertex  2.525757e-015  4.945162e+001 -3.000000e+000
    endloop
  endfacet
  facet normal -6.068198e-001 -8.093866e-003 -7.947983e-001
    outer loop
      vertex -2.153185e+000  5.200000e+001 -2.088970e+000
      vertex -1.771600e+000  5.600000e+001 -2.421040e+000
      vertex -1.402273e+000  5.100000e+001 -2.652099e+000
    endloop
  endfacet
  facet normal -5.248862e-001  5.633437e-004 -8.511722e-001
    outer loop
      vertex -1.402273e+000  5.100000e+001 -2.652099e+000
      vertex -1.771600e+000  5.600000e+001 -2.421040e+000
      vertex -1.371055e+000  5.550000e+001 -2.668372e+000
    endloop
  endfacet
  facet normal -3.864640e-001 -6.541688e-004 -9.223042e-001
    outer loop
      vertex -1.402273e+000  5.100000e+001 -2.652099e+000
      vertex -1.371055e+000  5.550000e+001 -2.668372e+000
      vertex -9.367497e-001  5.500000e+001 -2.850000e+000
    endloop
  endfacet
  facet normal -8.227260e-001 -8.093852e-003 -5.683807e-001
    outer loop
      vertex -2.693328e+000  5.300000e+001 -1.321358e+000
      vertex -2.433034e+000  5.700000e+001 -1.755091e+000
      vertex -2.153185e+000  5.200000e+001 -2.088970e+000
    endloop
  endfacet
  facet normal -7.622231e-001  5.633437e-004 -6.473141e-001
    outer loop
      vertex -2.153185e+000  5.200000e+001 -2.088970e+000
      vertex -2.433034e+000  5.700000e+001 -1.755091e+000
      vertex -2.128523e+000  5.650000e+001 -2.114093e+000
    endloop
  endfacet
  facet normal -6.525571e-001 -6.541574e-004 -7.577391e-001
    outer loop
      vertex -2.153185e+000  5.200000e+001 -2.088970e+000
      vertex -2.128523e+000  5.650000e+001 -2.114093e+000
      vertex -1.771600e+000  5.600000e+001 -2.421040e+000
    endloop
  endfacet
  facet normal -9.580982e-001 -8.093819e-003 -2.863256e-001
    outer loop
      vertex -2.969829e+000  5.400000e+001 -4.244020e-001
      vertex -2.856306e+000  5.800000e+001 -9.173415e-001
      vertex -2.693328e+000  5.300000e+001 -1.321358e+000
    endloop
  endfacet
  facet normal -9.249483e-001  5.633860e-004 -3.800924e-001
    outer loop
      vertex -2.693328e+000  5.300000e+001 -1.321358e+000
      vertex -2.856306e+000  5.800000e+001 -9.173415e-001
      vertex -2.677636e+000  5.750000e+001 -1.352872e+000
    endloop
  endfacet
  facet normal -8.547730e-001 -6.541212e-004 -5.190016e-001
    outer loop
      vertex -2.693328e+000  5.300000e+001 -1.321358e+000
      vertex -2.677636e+000  5.750000e+001 -1.352872e+000
      vertex -2.433034e+000  5.700000e+001 -1.755091e+000
    endloop
  endfacet
  facet normal -9.971331e-001  5.634028e-004 -7.566477e-002
    outer loop
      vertex -2.964644e+000  5.850000e+001 -4.592228e-001
      vertex -2.969829e+000  5.400000e+001 -4.244020e-001
      vertex -2.999983e+000  5.900000e+001  1.020347e-002
    endloop
  endfacet
  facet normal -9.996849e-001 -8.093819e-003  2.375682e-002
    outer loop
      vertex -2.999983e+000  5.900000e+001  1.020347e-002
      vertex -2.969829e+000  5.400000e+001 -4.244020e-001
      vertex -2.955622e+000  5.500000e+001  5.140973e-001
    endloop
  endfacet
  facet normal -9.947268e-001  1.885986e-003  1.025418e-001
    outer loop
      vertex -2.999983e+000  5.900000e+001  1.020347e-002
      vertex -2.955622e+000  5.500000e+001  5.140973e-001
      vertex -2.936536e+000  5.964562e+001  6.138043e-001
    endloop
  endfacet
  facet normal -8.875626e-001 -6.240118e-003  4.606448e-001
    outer loop
      vertex -2.936536e+000  5.964562e+001  6.138043e-001
      vertex -2.955622e+000  5.500000e+001  5.140973e-001
      vertex -2.179067e+000  5.880954e+001  2.061958e+000
    endloop
  endfacet
  facet normal -9.725980e-001  1.165127e-001  2.011915e-001
    outer loop
      vertex -2.179067e+000  5.880954e+001  2.061958e+000
      vertex -2.955622e+000  5.500000e+001  5.140973e-001
      vertex -2.652099e+000  5.600000e+001  1.402273e+000
    endloop
  endfacet
  facet normal -7.942591e-001 -8.918527e-003  6.075137e-001
    outer loop
      vertex -2.179067e+000  5.880954e+001  2.061958e+000
      vertex -2.652099e+000  5.600000e+001  1.402273e+000
      vertex -2.088970e+000  5.700000e+001  2.153185e+000
    endloop
  endfacet
  facet normal  6.014889e-001  3.051508e-002 -7.982981e-001
    outer loop
      vertex  2.088970e+000  5.700000e+001 -2.153185e+000
      vertex  1.321358e+000  5.800000e+001 -2.693328e+000
      vertex  2.309807e+000  5.889476e+001 -1.914364e+000
    endloop
  endfacet
  facet normal  9.733178e-001 -6.541033e-004  2.294605e-001
    outer loop
      vertex  2.969829e+000  5.400000e+001  4.244020e-001
      vertex  2.964644e+000  5.850000e+001  4.592228e-001
      vertex  2.856306e+000  5.800000e+001  9.173415e-001
    endloop
  endfacet
  facet normal  5.248212e-001  1.497233e-001 -8.379413e-001
    outer loop
      vertex  1.001934e+000  5.836740e+001 -2.827743e+000
      vertex  2.309807e+000  5.889476e+001 -1.914364e+000
      vertex  1.321358e+000  5.800000e+001 -2.693328e+000
    endloop
  endfacet
  facet normal  3.315137e-001 -8.093824e-003  9.434158e-001
    outer loop
      vertex  5.140973e-001  5.000000e+001  2.955622e+000
      vertex  1.402273e+000  5.100000e+001  2.652099e+000
      vertex  9.367497e-001  5.500000e+001  2.850000e+000
    endloop
  endfacet
  facet normal  2.361701e-001  5.633545e-004  9.717115e-001
    outer loop
      vertex  5.140973e-001  5.000000e+001  2.955622e+000
      vertex  9.367497e-001  5.500000e+001  2.850000e+000
      vertex  4.793785e-001  5.450000e+001  2.961452e+000
    endloop
  endfacet
  facet normal  8.254151e-002 -6.541563e-004  9.965873e-001
    outer loop
      vertex  5.140973e-001  5.000000e+001  2.955622e+000
      vertex  4.793785e-001  5.450000e+001  2.961452e+000
      vertex  1.020347e-002  5.400000e+001  2.999983e+000
    endloop
  endfacet
  facet normal  1.180989e-002 -9.601023e-003  9.998842e-001
    outer loop
      vertex  5.140973e-001  5.000000e+001  2.955622e+000
      vertex  1.020347e-002  5.400000e+001  2.999983e+000
      vertex  3.031929e-015  5.398926e+001  3.000000e+000
    endloop
  endfacet
  facet normal  8.600152e-002 -5.050072e-017  9.962950e-001
    outer loop
      vertex  5.140973e-001  5.000000e+001  2.955622e+000
      vertex  3.031929e-015  5.398926e+001  3.000000e+000
      vertex  3.673940e-016  4.945162e+001  3.000000e+000
    endloop
  endfacet
  facet normal  6.068198e-001 -8.093866e-003  7.947983e-001
    outer loop
      vertex  2.153185e+000  5.200000e+001  2.088970e+000
      vertex  1.771600e+000  5.600000e+001  2.421040e+000
      vertex  1.402273e+000  5.100000e+001  2.652099e+000
    endloop
  endfacet
  facet normal  5.248862e-001  5.633437e-004  8.511722e-001
    outer loop
      vertex  1.402273e+000  5.100000e+001  2.652099e+000
      vertex  1.771600e+000  5.600000e+001  2.421040e+000
      vertex  1.371055e+000  5.550000e+001  2.668372e+000
    endloop
  endfacet
  facet normal  3.864640e-001 -6.541688e-004  9.223042e-001
    outer loop
      vertex  1.402273e+000  5.100000e+001  2.652099e+000
      vertex  1.371055e+000  5.550000e+001  2.668372e+000
      vertex  9.367497e-001  5.500000e+001  2.850000e+000
    endloop
  endfacet
  facet normal  8.227260e-001 -8.093852e-003  5.683807e-001
    outer loop
      vertex  2.693328e+000  5.300000e+001  1.321358e+000
      vertex  2.433034e+000  5.700000e+001  1.755091e+000
      vertex  2.153185e+000  5.200000e+001  2.088970e+000
    endloop
  endfacet
  facet normal  7.622231e-001  5.633437e-004  6.473141e-001
    outer loop
      vertex  2.153185e+000  5.200000e+001  2.088970e+000
      vertex  2.433034e+000  5.700000e+001  1.755091e+000
      vertex  2.128523e+000  5.650000e+001  2.114093e+000
    endloop
  endfacet
  facet normal  6.525571e-001 -6.541574e-004  7.577391e-001
    outer loop
      vertex  2.153185e+000  5.200000e+001  2.088970e+000
      vertex  2.128523e+000  5.650000e+001  2.114093e+000
      vertex  1.771600e+000  5.600000e+001  2.421040e+000
    endloop
  endfacet
  facet normal  9.580982e-001 -8.093819e-003  2.863256e-001
    outer loop
      vertex  2.969829e+000  5.400000e+001  4.244020e-001
      vertex  2.856306e+000  5.800000e+001  9.173415e-001
      vertex  2.693328e+000  5.300000e+001  1.321358e+000
    endloop
  endfacet
  facet normal  9.249483e-001  5.633860e-004  3.800924e-001
    outer loop
      vertex  2.693328e+000  5.300000e+001  1.321358e+000
      vertex  2.856306e+000  5.800000e+001  9.173415e-001
      vertex  2.677636e+000  5.750000e+001  1.352872e+000
    endloop
  endfacet
  facet normal  8.547730e-001 -6.541212e-004  5.190016e-001
    outer loop
      vertex  2.693328e+000  5.300000e+001  1.321358e+000
      vertex  2.677636e+000  5.750000e+001  1.352872e+000
      vertex  2.433034e+000  5.700000e+001  1.755091e+000
    endloop
  endfacet
  facet normal  9.971331e-001  5.634028e-004  7.566477e-002
    outer loop
      vertex  2.964644e+000  5.850000e+001  4.592228e-001
      vertex  2.969829e+000  5.400000e+001  4.244020e-001
      vertex  2.999983e+000  5.900000e+001 -1.020347e-002
    endloop
  endfacet
  facet normal  9.996849e-001 -8.093819e-003 -2.375682e-002
    outer loop
      vertex  2.999983e+000  5.900000e+001 -1.020347e-002
      vertex  2.969829e+000  5.400000e+001  4.244020e-001
      vertex  2.955622e+000  5.500000e+001 -5.140973e-001
    endloop
  endfacet
  facet normal  9.947268e-001  1.885986e-003 -1.025418e-001
    outer loop
      vertex  2.999983e+000  5.900000e+001 -1.020347e-002
      vertex  2.955622e+000  5.500000e+001 -5.140973e-001
      vertex  2.936536e+000  5.964562e+001 -6.138043e-001
    endloop
  endfacet
  facet normal  9.020938e-001 -5.554985e-003 -4.315043e-001
    outer loop
      vertex  2.936536e+000  5.964562e+001 -6.138043e-001
      vertex  2.955622e+000  5.500000e+001 -5.140973e-001
      vertex  2.309807e+000  5.889476e+001 -1.914364e+000
    endloop
  endfacet
  facet normal  9.653564e-001  6.966428e-002 -2.514636e-001
    outer loop
      vertex  2.309807e+000  5.889476e+001 -1.914364e+000
      vertex  2.955622e+000  5.500000e+001 -5.140973e-001
      vertex  2.652099e+000  5.600000e+001 -1.402273e+000
    endloop
  endfacet
  facet normal  7.903093e-001 -1.490731e-002 -6.125270e-001
    outer loop
      vertex  2.309807e+000  5.889476e+001 -1.914364e+000
      vertex  2.652099e+000  5.600000e+001 -1.402273e+000
      vertex  2.088970e+000  5.700000e+001 -2.153185e+000
    endloop
  endfacet
endsolid CATIA STL
