solid CATIA STL
  facet normal  0.000000e+000 -1.000000e+000  -0.000000e+000
    outer loop
      vertex -9.652160e+000 -2.500000e+000 -8.099124e+000
      vertex -1.000000e+001 -2.500000e+000 -1.400000e+000
      vertex -1.184013e+001 -2.500000e+000 -4.309454e+000
    endloop
  endfacet
  facet normal  0.000000e+000 -1.000000e+000  0.000000e+000
    outer loop
      vertex  1.000000e+001 -2.500000e+000 -1.400000e+000
      vertex  9.652160e+000 -2.500000e+000 -8.099124e+000
      vertex  1.184013e+001 -2.500000e+000 -4.309454e+000
    endloop
  endfacet
  facet normal  -0.000000e+000 -1.000000e+000  0.000000e+000
    outer loop
      vertex -1.184013e+001 -2.500000e+000 -4.309454e+000
      vertex -1.000000e+001 -2.500000e+000 -1.400000e+000
      vertex -1.098995e+001 -2.500000e+000 -9.899495e-001
    endloop
  endfacet
  facet normal  0.000000e+000 -1.000000e+000  0.000000e+000
    outer loop
      vertex  1.184013e+001 -2.500000e+000  4.309454e+000
      vertex  1.000000e+001 -2.500000e+000  1.400000e+000
      vertex  1.098995e+001 -2.500000e+000  9.899495e-001
    endloop
  endfacet
  facet normal  0.000000e+000 -1.000000e+000  0.000000e+000
    outer loop
      vertex -1.260000e+001 -2.500000e+000  1.543055e-015
      vertex -1.184013e+001 -2.500000e+000 -4.309454e+000
      vertex -1.098995e+001 -2.500000e+000 -9.899495e-001
    endloop
  endfacet
  facet normal  0.000000e+000 -1.000000e+000  0.000000e+000
    outer loop
      vertex -1.260000e+001 -2.500000e+000  1.543055e-015
      vertex -1.098995e+001 -2.500000e+000 -9.899495e-001
      vertex -1.140000e+001 -2.500000e+000  1.714505e-016
    endloop
  endfacet
  facet normal  0.000000e+000 -1.000000e+000  0.000000e+000
    outer loop
      vertex -1.260000e+001 -2.500000e+000  1.543055e-015
      vertex -1.140000e+001 -2.500000e+000  1.714505e-016
      vertex -1.098995e+001 -2.500000e+000  9.899495e-001
    endloop
  endfacet
  facet normal  -0.000000e+000 -1.000000e+000  0.000000e+000
    outer loop
      vertex -1.260000e+001 -2.500000e+000  1.543055e-015
      vertex -1.098995e+001 -2.500000e+000  9.899495e-001
      vertex -1.184013e+001 -2.500000e+000  4.309454e+000
    endloop
  endfacet
  facet normal  0.000000e+000 -1.000000e+000  0.000000e+000
    outer loop
      vertex  1.184013e+001 -2.500000e+000  4.309454e+000
      vertex  9.652160e+000 -2.500000e+000  8.099124e+000
      vertex  1.000000e+001 -2.500000e+000  1.400000e+000
    endloop
  endfacet
  facet normal  0.000000e+000 -1.000000e+000  0.000000e+000
    outer loop
      vertex  1.000000e+001 -2.500000e+000  1.400000e+000
      vertex  9.652160e+000 -2.500000e+000  8.099124e+000
      vertex -1.000000e+001 -2.500000e+000  1.400000e+000
    endloop
  endfacet
  facet normal  0.000000e+000 -1.000000e+000  0.000000e+000
    outer loop
      vertex  1.000000e+001 -2.500000e+000  1.400000e+000
      vertex -1.000000e+001 -2.500000e+000  1.400000e+000
      vertex  9.010051e+000 -2.500000e+000  9.899495e-001
    endloop
  endfacet
  facet normal  0.000000e+000 -1.000000e+000  0.000000e+000
    outer loop
      vertex  9.010051e+000 -2.500000e+000  9.899495e-001
      vertex -1.000000e+001 -2.500000e+000  1.400000e+000
      vertex -9.010051e+000 -2.500000e+000  9.899495e-001
    endloop
  endfacet
  facet normal  0.000000e+000 -1.000000e+000  0.000000e+000
    outer loop
      vertex  9.010051e+000 -2.500000e+000  9.899495e-001
      vertex -9.010051e+000 -2.500000e+000  9.899495e-001
      vertex  8.600000e+000 -2.500000e+000  1.714505e-016
    endloop
  endfacet
  facet normal  -0.000000e+000 -1.000000e+000  0.000000e+000
    outer loop
      vertex  8.600000e+000 -2.500000e+000  1.714505e-016
      vertex -9.010051e+000 -2.500000e+000  9.899495e-001
      vertex -8.600000e+000 -2.500000e+000 -3.429011e-016
    endloop
  endfacet
  facet normal  0.000000e+000 -1.000000e+000  0.000000e+000
    outer loop
      vertex  8.600000e+000 -2.500000e+000  1.714505e-016
      vertex -8.600000e+000 -2.500000e+000 -3.429011e-016
      vertex  9.010051e+000 -2.500000e+000 -9.899495e-001
    endloop
  endfacet
  facet normal  0.000000e+000 -1.000000e+000  0.000000e+000
    outer loop
      vertex  9.010051e+000 -2.500000e+000 -9.899495e-001
      vertex -8.600000e+000 -2.500000e+000 -3.429011e-016
      vertex -9.010051e+000 -2.500000e+000 -9.899495e-001
    endloop
  endfacet
  facet normal  0.000000e+000 -1.000000e+000  0.000000e+000
    outer loop
      vertex  9.010051e+000 -2.500000e+000 -9.899495e-001
      vertex -9.010051e+000 -2.500000e+000 -9.899495e-001
      vertex  1.000000e+001 -2.500000e+000 -1.400000e+000
    endloop
  endfacet
  facet normal  0.000000e+000 -1.000000e+000  0.000000e+000
    outer loop
      vertex  1.000000e+001 -2.500000e+000 -1.400000e+000
      vertex -9.010051e+000 -2.500000e+000 -9.899495e-001
      vertex -1.000000e+001 -2.500000e+000 -1.400000e+000
    endloop
  endfacet
  facet normal  0.000000e+000 -1.000000e+000  0.000000e+000
    outer loop
      vertex  1.000000e+001 -2.500000e+000 -1.400000e+000
      vertex -1.000000e+001 -2.500000e+000 -1.400000e+000
      vertex  9.652160e+000 -2.500000e+000 -8.099124e+000
    endloop
  endfacet
  facet normal  0.000000e+000 -1.000000e+000  0.000000e+000
    outer loop
      vertex  9.652160e+000 -2.500000e+000 -8.099124e+000
      vertex -1.000000e+001 -2.500000e+000 -1.400000e+000
      vertex -9.652160e+000 -2.500000e+000 -8.099124e+000
    endloop
  endfacet
  facet normal  0.000000e+000 -1.000000e+000  0.000000e+000
    outer loop
      vertex  9.652160e+000 -2.500000e+000 -8.099124e+000
      vertex -9.652160e+000 -2.500000e+000 -8.099124e+000
      vertex  6.300000e+000 -2.500000e+000 -1.091192e+001
    endloop
  endfacet
  facet normal  0.000000e+000 -1.000000e+000  0.000000e+000
    outer loop
      vertex  6.300000e+000 -2.500000e+000 -1.091192e+001
      vertex -9.652160e+000 -2.500000e+000 -8.099124e+000
      vertex -6.300000e+000 -2.500000e+000 -1.091192e+001
    endloop
  endfacet
  facet normal  0.000000e+000 -1.000000e+000  0.000000e+000
    outer loop
      vertex  6.300000e+000 -2.500000e+000 -1.091192e+001
      vertex -6.300000e+000 -2.500000e+000 -1.091192e+001
      vertex  2.187967e+000 -2.500000e+000 -1.240858e+001
    endloop
  endfacet
  facet normal  0.000000e+000 -1.000000e+000  0.000000e+000
    outer loop
      vertex  2.187967e+000 -2.500000e+000 -1.240858e+001
      vertex -6.300000e+000 -2.500000e+000 -1.091192e+001
      vertex -2.187967e+000 -2.500000e+000 -1.240858e+001
    endloop
  endfacet
  facet normal  0.000000e+000 -1.000000e+000  0.000000e+000
    outer loop
      vertex  2.187967e+000 -2.500000e+000  1.240858e+001
      vertex -2.187967e+000 -2.500000e+000  1.240858e+001
      vertex  6.300000e+000 -2.500000e+000  1.091192e+001
    endloop
  endfacet
  facet normal  0.000000e+000 -1.000000e+000  0.000000e+000
    outer loop
      vertex  6.300000e+000 -2.500000e+000  1.091192e+001
      vertex -2.187967e+000 -2.500000e+000  1.240858e+001
      vertex -6.300000e+000 -2.500000e+000  1.091192e+001
    endloop
  endfacet
  facet normal  0.000000e+000 -1.000000e+000  0.000000e+000
    outer loop
      vertex  6.300000e+000 -2.500000e+000  1.091192e+001
      vertex -6.300000e+000 -2.500000e+000  1.091192e+001
      vertex  9.652160e+000 -2.500000e+000  8.099124e+000
    endloop
  endfacet
  facet normal  0.000000e+000 -1.000000e+000  0.000000e+000
    outer loop
      vertex  9.652160e+000 -2.500000e+000  8.099124e+000
      vertex -6.300000e+000 -2.500000e+000  1.091192e+001
      vertex -9.652160e+000 -2.500000e+000  8.099124e+000
    endloop
  endfacet
  facet normal  0.000000e+000 -1.000000e+000  -0.000000e+000
    outer loop
      vertex  9.652160e+000 -2.500000e+000  8.099124e+000
      vertex -9.652160e+000 -2.500000e+000  8.099124e+000
      vertex -1.000000e+001 -2.500000e+000  1.400000e+000
    endloop
  endfacet
  facet normal  0.000000e+000 -1.000000e+000  0.000000e+000
    outer loop
      vertex -1.000000e+001 -2.500000e+000  1.400000e+000
      vertex -9.652160e+000 -2.500000e+000  8.099124e+000
      vertex -1.184013e+001 -2.500000e+000  4.309454e+000
    endloop
  endfacet
  facet normal  0.000000e+000 -1.000000e+000  0.000000e+000
    outer loop
      vertex -1.000000e+001 -2.500000e+000  1.400000e+000
      vertex -1.184013e+001 -2.500000e+000  4.309454e+000
      vertex -1.098995e+001 -2.500000e+000  9.899495e-001
    endloop
  endfacet
  facet normal  0.000000e+000 -1.000000e+000  0.000000e+000
    outer loop
      vertex  1.184013e+001 -2.500000e+000  4.309454e+000
      vertex  1.098995e+001 -2.500000e+000  9.899495e-001
      vertex  1.260000e+001 -2.500000e+000 -3.086110e-015
    endloop
  endfacet
  facet normal  0.000000e+000 -1.000000e+000  0.000000e+000
    outer loop
      vertex  1.260000e+001 -2.500000e+000 -3.086110e-015
      vertex  1.098995e+001 -2.500000e+000  9.899495e-001
      vertex  1.140000e+001 -2.500000e+000  0.000000e+000
    endloop
  endfacet
  facet normal  0.000000e+000 -1.000000e+000  0.000000e+000
    outer loop
      vertex  1.260000e+001 -2.500000e+000 -3.086110e-015
      vertex  1.140000e+001 -2.500000e+000  0.000000e+000
      vertex  1.184013e+001 -2.500000e+000 -4.309454e+000
    endloop
  endfacet
  facet normal  0.000000e+000 -1.000000e+000  0.000000e+000
    outer loop
      vertex  1.184013e+001 -2.500000e+000 -4.309454e+000
      vertex  1.140000e+001 -2.500000e+000  0.000000e+000
      vertex  1.098995e+001 -2.500000e+000 -9.899495e-001
    endloop
  endfacet
  facet normal  0.000000e+000 -1.000000e+000  -0.000000e+000
    outer loop
      vertex  1.184013e+001 -2.500000e+000 -4.309454e+000
      vertex  1.098995e+001 -2.500000e+000 -9.899495e-001
      vertex  1.000000e+001 -2.500000e+000 -1.400000e+000
    endloop
  endfacet
  facet normal  3.826835e-001  0.000000e+000 -9.238795e-001
    outer loop
      vertex -1.000000e+001  8.000000e-001  1.400000e+000
      vertex -1.098995e+001 -2.500000e+000  9.899495e-001
      vertex -1.098995e+001  8.000000e-001  9.899495e-001
    endloop
  endfacet
  facet normal  9.238796e-001  0.000000e+000 -3.826833e-001
    outer loop
      vertex -1.098995e+001  8.000000e-001  9.899495e-001
      vertex -1.098995e+001 -2.500000e+000  9.899495e-001
      vertex -1.140000e+001 -2.500000e+000  1.714505e-016
    endloop
  endfacet
  facet normal  9.238796e-001  0.000000e+000 -3.826833e-001
    outer loop
      vertex -1.098995e+001  8.000000e-001  9.899495e-001
      vertex -1.140000e+001 -2.500000e+000  1.714505e-016
      vertex -1.140000e+001  8.000000e-001  1.714505e-016
    endloop
  endfacet
  facet normal  3.826835e-001  0.000000e+000 -9.238795e-001
    outer loop
      vertex -1.098995e+001 -2.500000e+000  9.899495e-001
      vertex -1.000000e+001  8.000000e-001  1.400000e+000
      vertex -1.000000e+001 -2.500000e+000  1.400000e+000
    endloop
  endfacet
  facet normal -3.826835e-001  0.000000e+000 -9.238795e-001
    outer loop
      vertex -1.000000e+001 -2.500000e+000  1.400000e+000
      vertex -1.000000e+001  8.000000e-001  1.400000e+000
      vertex -9.010051e+000  8.000000e-001  9.899495e-001
    endloop
  endfacet
  facet normal -3.826835e-001  -0.000000e+000 -9.238795e-001
    outer loop
      vertex -1.000000e+001 -2.500000e+000  1.400000e+000
      vertex -9.010051e+000  8.000000e-001  9.899495e-001
      vertex -9.010051e+000 -2.500000e+000  9.899495e-001
    endloop
  endfacet
  facet normal -9.238796e-001  0.000000e+000 -3.826833e-001
    outer loop
      vertex -9.010051e+000 -2.500000e+000  9.899495e-001
      vertex -9.010051e+000  8.000000e-001  9.899495e-001
      vertex -8.600000e+000  8.000000e-001 -3.429011e-016
    endloop
  endfacet
  facet normal -9.238796e-001  -0.000000e+000 -3.826833e-001
    outer loop
      vertex -9.010051e+000 -2.500000e+000  9.899495e-001
      vertex -8.600000e+000  8.000000e-001 -3.429011e-016
      vertex -8.600000e+000 -2.500000e+000 -3.429011e-016
    endloop
  endfacet
  facet normal -3.826835e-001  0.000000e+000  9.238795e-001
    outer loop
      vertex -1.000000e+001  8.000000e-001 -1.400000e+000
      vertex -9.010051e+000 -2.500000e+000 -9.899495e-001
      vertex -9.010051e+000  8.000000e-001 -9.899495e-001
    endloop
  endfacet
  facet normal -9.238796e-001  0.000000e+000  3.826833e-001
    outer loop
      vertex -9.010051e+000  8.000000e-001 -9.899495e-001
      vertex -9.010051e+000 -2.500000e+000 -9.899495e-001
      vertex -8.600000e+000 -2.500000e+000 -3.429011e-016
    endloop
  endfacet
  facet normal -9.238796e-001  0.000000e+000  3.826833e-001
    outer loop
      vertex -9.010051e+000  8.000000e-001 -9.899495e-001
      vertex -8.600000e+000 -2.500000e+000 -3.429011e-016
      vertex -8.600000e+000  8.000000e-001 -3.429011e-016
    endloop
  endfacet
  facet normal -3.826835e-001  0.000000e+000  9.238795e-001
    outer loop
      vertex -9.010051e+000 -2.500000e+000 -9.899495e-001
      vertex -1.000000e+001  8.000000e-001 -1.400000e+000
      vertex -1.000000e+001 -2.500000e+000 -1.400000e+000
    endloop
  endfacet
  facet normal  3.826835e-001  -0.000000e+000  9.238795e-001
    outer loop
      vertex -1.000000e+001 -2.500000e+000 -1.400000e+000
      vertex -1.000000e+001  8.000000e-001 -1.400000e+000
      vertex -1.098995e+001  8.000000e-001 -9.899495e-001
    endloop
  endfacet
  facet normal  3.826835e-001  0.000000e+000  9.238795e-001
    outer loop
      vertex -1.000000e+001 -2.500000e+000 -1.400000e+000
      vertex -1.098995e+001  8.000000e-001 -9.899495e-001
      vertex -1.098995e+001 -2.500000e+000 -9.899495e-001
    endloop
  endfacet
  facet normal  9.238796e-001  -0.000000e+000  3.826833e-001
    outer loop
      vertex -1.098995e+001 -2.500000e+000 -9.899495e-001
      vertex -1.098995e+001  8.000000e-001 -9.899495e-001
      vertex -1.140000e+001  8.000000e-001  1.714505e-016
    endloop
  endfacet
  facet normal  9.238796e-001  0.000000e+000  3.826833e-001
    outer loop
      vertex -1.098995e+001 -2.500000e+000 -9.899495e-001
      vertex -1.140000e+001  8.000000e-001  1.714505e-016
      vertex -1.140000e+001 -2.500000e+000  1.714505e-016
    endloop
  endfacet
  facet normal -3.826835e-001  0.000000e+000  9.238795e-001
    outer loop
      vertex  1.000000e+001  8.000000e-001 -1.400000e+000
      vertex  1.098995e+001 -2.500000e+000 -9.899495e-001
      vertex  1.098995e+001  8.000000e-001 -9.899495e-001
    endloop
  endfacet
  facet normal -9.238796e-001  0.000000e+000  3.826833e-001
    outer loop
      vertex  1.098995e+001  8.000000e-001 -9.899495e-001
      vertex  1.098995e+001 -2.500000e+000 -9.899495e-001
      vertex  1.140000e+001 -2.500000e+000  0.000000e+000
    endloop
  endfacet
  facet normal -9.238796e-001  0.000000e+000  3.826833e-001
    outer loop
      vertex  1.098995e+001  8.000000e-001 -9.899495e-001
      vertex  1.140000e+001 -2.500000e+000  0.000000e+000
      vertex  1.140000e+001  8.000000e-001  0.000000e+000
    endloop
  endfacet
  facet normal -3.826835e-001  0.000000e+000  9.238795e-001
    outer loop
      vertex  1.098995e+001 -2.500000e+000 -9.899495e-001
      vertex  1.000000e+001  8.000000e-001 -1.400000e+000
      vertex  1.000000e+001 -2.500000e+000 -1.400000e+000
    endloop
  endfacet
  facet normal  3.826835e-001  -0.000000e+000  9.238795e-001
    outer loop
      vertex  1.000000e+001 -2.500000e+000 -1.400000e+000
      vertex  1.000000e+001  8.000000e-001 -1.400000e+000
      vertex  9.010051e+000  8.000000e-001 -9.899495e-001
    endloop
  endfacet
  facet normal  3.826835e-001  0.000000e+000  9.238795e-001
    outer loop
      vertex  1.000000e+001 -2.500000e+000 -1.400000e+000
      vertex  9.010051e+000  8.000000e-001 -9.899495e-001
      vertex  9.010051e+000 -2.500000e+000 -9.899495e-001
    endloop
  endfacet
  facet normal  9.238796e-001  -0.000000e+000  3.826833e-001
    outer loop
      vertex  9.010051e+000 -2.500000e+000 -9.899495e-001
      vertex  9.010051e+000  8.000000e-001 -9.899495e-001
      vertex  8.600000e+000  8.000000e-001  1.714505e-016
    endloop
  endfacet
  facet normal  9.238796e-001  0.000000e+000  3.826833e-001
    outer loop
      vertex  9.010051e+000 -2.500000e+000 -9.899495e-001
      vertex  8.600000e+000  8.000000e-001  1.714505e-016
      vertex  8.600000e+000 -2.500000e+000  1.714505e-016
    endloop
  endfacet
  facet normal  3.826835e-001  0.000000e+000 -9.238795e-001
    outer loop
      vertex  1.000000e+001  8.000000e-001  1.400000e+000
      vertex  9.010051e+000 -2.500000e+000  9.899495e-001
      vertex  9.010051e+000  8.000000e-001  9.899495e-001
    endloop
  endfacet
  facet normal  9.238796e-001  0.000000e+000 -3.826833e-001
    outer loop
      vertex  9.010051e+000  8.000000e-001  9.899495e-001
      vertex  9.010051e+000 -2.500000e+000  9.899495e-001
      vertex  8.600000e+000 -2.500000e+000  1.714505e-016
    endloop
  endfacet
  facet normal  9.238796e-001  0.000000e+000 -3.826833e-001
    outer loop
      vertex  9.010051e+000  8.000000e-001  9.899495e-001
      vertex  8.600000e+000 -2.500000e+000  1.714505e-016
      vertex  8.600000e+000  8.000000e-001  1.714505e-016
    endloop
  endfacet
  facet normal  3.826835e-001  0.000000e+000 -9.238795e-001
    outer loop
      vertex  9.010051e+000 -2.500000e+000  9.899495e-001
      vertex  1.000000e+001  8.000000e-001  1.400000e+000
      vertex  1.000000e+001 -2.500000e+000  1.400000e+000
    endloop
  endfacet
  facet normal -3.826835e-001  0.000000e+000 -9.238795e-001
    outer loop
      vertex  1.000000e+001 -2.500000e+000  1.400000e+000
      vertex  1.000000e+001  8.000000e-001  1.400000e+000
      vertex  1.098995e+001  8.000000e-001  9.899495e-001
    endloop
  endfacet
  facet normal -3.826835e-001  -0.000000e+000 -9.238795e-001
    outer loop
      vertex  1.000000e+001 -2.500000e+000  1.400000e+000
      vertex  1.098995e+001  8.000000e-001  9.899495e-001
      vertex  1.098995e+001 -2.500000e+000  9.899495e-001
    endloop
  endfacet
  facet normal -9.238796e-001  0.000000e+000 -3.826833e-001
    outer loop
      vertex  1.098995e+001 -2.500000e+000  9.899495e-001
      vertex  1.098995e+001  8.000000e-001  9.899495e-001
      vertex  1.140000e+001  8.000000e-001  0.000000e+000
    endloop
  endfacet
  facet normal -9.238796e-001  -0.000000e+000 -3.826833e-001
    outer loop
      vertex  1.098995e+001 -2.500000e+000  9.899495e-001
      vertex  1.140000e+001  8.000000e-001  0.000000e+000
      vertex  1.140000e+001 -2.500000e+000  0.000000e+000
    endloop
  endfacet
  facet normal  0.000000e+000 -9.999999e-001  0.000000e+000
    outer loop
      vertex -1.098995e+001  8.000000e-001  9.899495e-001
      vertex -9.010051e+000  8.000000e-001  9.899495e-001
      vertex -1.000000e+001  8.000000e-001  1.400000e+000
    endloop
  endfacet
  facet normal  0.000000e+000 -1.000000e+000  0.000000e+000
    outer loop
      vertex -9.010051e+000  8.000000e-001  9.899495e-001
      vertex -1.098995e+001  8.000000e-001  9.899495e-001
      vertex -8.600000e+000  8.000000e-001 -3.429011e-016
    endloop
  endfacet
  facet normal  0.000000e+000 -1.000000e+000  0.000000e+000
    outer loop
      vertex -8.600000e+000  8.000000e-001 -3.429011e-016
      vertex -1.098995e+001  8.000000e-001  9.899495e-001
      vertex -1.140000e+001  8.000000e-001  1.714505e-016
    endloop
  endfacet
  facet normal  0.000000e+000 -1.000000e+000  0.000000e+000
    outer loop
      vertex -8.600000e+000  8.000000e-001 -3.429011e-016
      vertex -1.140000e+001  8.000000e-001  1.714505e-016
      vertex -9.010051e+000  8.000000e-001 -9.899495e-001
    endloop
  endfacet
  facet normal  0.000000e+000 -1.000000e+000  0.000000e+000
    outer loop
      vertex -9.010051e+000  8.000000e-001 -9.899495e-001
      vertex -1.140000e+001  8.000000e-001  1.714505e-016
      vertex -1.098995e+001  8.000000e-001 -9.899495e-001
    endloop
  endfacet
  facet normal  0.000000e+000 -9.999999e-001  0.000000e+000
    outer loop
      vertex -9.010051e+000  8.000000e-001 -9.899495e-001
      vertex -1.098995e+001  8.000000e-001 -9.899495e-001
      vertex -1.000000e+001  8.000000e-001 -1.400000e+000
    endloop
  endfacet
  facet normal  0.000000e+000 -9.999999e-001  0.000000e+000
    outer loop
      vertex  9.010051e+000  8.000000e-001  9.899495e-001
      vertex  1.098995e+001  8.000000e-001  9.899495e-001
      vertex  1.000000e+001  8.000000e-001  1.400000e+000
    endloop
  endfacet
  facet normal  0.000000e+000 -1.000000e+000  0.000000e+000
    outer loop
      vertex  1.098995e+001  8.000000e-001  9.899495e-001
      vertex  9.010051e+000  8.000000e-001  9.899495e-001
      vertex  1.140000e+001  8.000000e-001  0.000000e+000
    endloop
  endfacet
  facet normal  0.000000e+000 -1.000000e+000  0.000000e+000
    outer loop
      vertex  1.140000e+001  8.000000e-001  0.000000e+000
      vertex  9.010051e+000  8.000000e-001  9.899495e-001
      vertex  8.600000e+000  8.000000e-001  1.714505e-016
    endloop
  endfacet
  facet normal  0.000000e+000 -1.000000e+000  0.000000e+000
    outer loop
      vertex  1.140000e+001  8.000000e-001  0.000000e+000
      vertex  8.600000e+000  8.000000e-001  1.714505e-016
      vertex  1.098995e+001  8.000000e-001 -9.899495e-001
    endloop
  endfacet
  facet normal  0.000000e+000 -1.000000e+000  0.000000e+000
    outer loop
      vertex  1.098995e+001  8.000000e-001 -9.899495e-001
      vertex  8.600000e+000  8.000000e-001  1.714505e-016
      vertex  9.010051e+000  8.000000e-001 -9.899495e-001
    endloop
  endfacet
  facet normal  0.000000e+000 -9.999999e-001  0.000000e+000
    outer loop
      vertex  1.098995e+001  8.000000e-001 -9.899495e-001
      vertex  9.010051e+000  8.000000e-001 -9.899495e-001
      vertex  1.000000e+001  8.000000e-001 -1.400000e+000
    endloop
  endfacet
  facet normal  0.000000e+000  1.000000e+000  -0.000000e+000
    outer loop
      vertex  4.249154e-015  3.800000e+000  1.500000e+001
      vertex  8.572528e-016  3.800000e+000  1.400000e+001
      vertex -4.635255e+000  3.800000e+000  1.426585e+001
    endloop
  endfacet
  facet normal  0.000000e+000  1.000000e+000  0.000000e+000
    outer loop
      vertex -1.607813e-014  3.800000e+000 -1.500000e+001
      vertex -2.571758e-015  3.800000e+000 -1.400000e+001
      vertex  4.635255e+000  3.800000e+000 -1.426585e+001
    endloop
  endfacet
  facet normal  0.000000e+000  1.000000e+000  -0.000000e+000
    outer loop
      vertex  8.572528e-016  3.800000e+000  1.400000e+001
      vertex -4.326238e+000  3.800000e+000  1.331479e+001
      vertex -4.635255e+000  3.800000e+000  1.426585e+001
    endloop
  endfacet
  facet normal  0.000000e+000  1.000000e+000  0.000000e+000
    outer loop
      vertex -4.635255e+000  3.800000e+000  1.426585e+001
      vertex -4.326238e+000  3.800000e+000  1.331479e+001
      vertex -8.228993e+000  3.800000e+000  1.132624e+001
    endloop
  endfacet
  facet normal  0.000000e+000  1.000000e+000  -0.000000e+000
    outer loop
      vertex -4.635255e+000  3.800000e+000  1.426585e+001
      vertex -8.228993e+000  3.800000e+000  1.132624e+001
      vertex -8.816779e+000  3.800000e+000  1.213525e+001
    endloop
  endfacet
  facet normal  0.000000e+000  1.000000e+000  0.000000e+000
    outer loop
      vertex -8.816779e+000  3.800000e+000  1.213525e+001
      vertex -8.228993e+000  3.800000e+000  1.132624e+001
      vertex -1.132624e+001  3.800000e+000  8.228993e+000
    endloop
  endfacet
  facet normal  0.000000e+000  1.000000e+000  -0.000000e+000
    outer loop
      vertex -8.816779e+000  3.800000e+000  1.213525e+001
      vertex -1.132624e+001  3.800000e+000  8.228993e+000
      vertex -1.213525e+001  3.800000e+000  8.816779e+000
    endloop
  endfacet
  facet normal  0.000000e+000  1.000000e+000  0.000000e+000
    outer loop
      vertex -1.213525e+001  3.800000e+000  8.816779e+000
      vertex -1.132624e+001  3.800000e+000  8.228993e+000
      vertex -1.331479e+001  3.800000e+000  4.326238e+000
    endloop
  endfacet
  facet normal  0.000000e+000  1.000000e+000  -0.000000e+000
    outer loop
      vertex -1.213525e+001  3.800000e+000  8.816779e+000
      vertex -1.331479e+001  3.800000e+000  4.326238e+000
      vertex -1.426585e+001  3.800000e+000  4.635255e+000
    endloop
  endfacet
  facet normal  0.000000e+000  1.000000e+000  0.000000e+000
    outer loop
      vertex -1.426585e+001  3.800000e+000  4.635255e+000
      vertex -1.331479e+001  3.800000e+000  4.326238e+000
      vertex -1.400000e+001  3.800000e+000  1.714506e-015
    endloop
  endfacet
  facet normal  0.000000e+000  1.000000e+000  0.000000e+000
    outer loop
      vertex -1.426585e+001  3.800000e+000  4.635255e+000
      vertex -1.400000e+001  3.800000e+000  1.714506e-015
      vertex -1.500000e+001  3.800000e+000  8.498309e-015
    endloop
  endfacet
  facet normal  0.000000e+000  1.000000e+000  0.000000e+000
    outer loop
      vertex -1.500000e+001  3.800000e+000  8.498309e-015
      vertex -1.400000e+001  3.800000e+000  1.714506e-015
      vertex -1.331479e+001  3.800000e+000 -4.326238e+000
    endloop
  endfacet
  facet normal  0.000000e+000  1.000000e+000  0.000000e+000
    outer loop
      vertex -1.500000e+001  3.800000e+000  8.498309e-015
      vertex -1.331479e+001  3.800000e+000 -4.326238e+000
      vertex -1.426585e+001  3.800000e+000 -4.635255e+000
    endloop
  endfacet
  facet normal  -0.000000e+000  1.000000e+000  0.000000e+000
    outer loop
      vertex -1.426585e+001  3.800000e+000 -4.635255e+000
      vertex -1.331479e+001  3.800000e+000 -4.326238e+000
      vertex -1.132624e+001  3.800000e+000 -8.228993e+000
    endloop
  endfacet
  facet normal  0.000000e+000  1.000000e+000  0.000000e+000
    outer loop
      vertex -1.426585e+001  3.800000e+000 -4.635255e+000
      vertex -1.132624e+001  3.800000e+000 -8.228993e+000
      vertex -1.213525e+001  3.800000e+000 -8.816779e+000
    endloop
  endfacet
  facet normal  -0.000000e+000  1.000000e+000  0.000000e+000
    outer loop
      vertex -1.213525e+001  3.800000e+000 -8.816779e+000
      vertex -1.132624e+001  3.800000e+000 -8.228993e+000
      vertex -8.228993e+000  3.800000e+000 -1.132624e+001
    endloop
  endfacet
  facet normal  0.000000e+000  1.000000e+000  0.000000e+000
    outer loop
      vertex -1.213525e+001  3.800000e+000 -8.816779e+000
      vertex -8.228993e+000  3.800000e+000 -1.132624e+001
      vertex -8.816779e+000  3.800000e+000 -1.213525e+001
    endloop
  endfacet
  facet normal  -0.000000e+000  1.000000e+000  0.000000e+000
    outer loop
      vertex -8.816779e+000  3.800000e+000 -1.213525e+001
      vertex -8.228993e+000  3.800000e+000 -1.132624e+001
      vertex -4.326238e+000  3.800000e+000 -1.331479e+001
    endloop
  endfacet
  facet normal  0.000000e+000  1.000000e+000  0.000000e+000
    outer loop
      vertex -8.816779e+000  3.800000e+000 -1.213525e+001
      vertex -4.326238e+000  3.800000e+000 -1.331479e+001
      vertex -4.635255e+000  3.800000e+000 -1.426585e+001
    endloop
  endfacet
  facet normal  0.000000e+000  1.000000e+000  0.000000e+000
    outer loop
      vertex -4.635255e+000  3.800000e+000 -1.426585e+001
      vertex -4.326238e+000  3.800000e+000 -1.331479e+001
      vertex -2.571758e-015  3.800000e+000 -1.400000e+001
    endloop
  endfacet
  facet normal  0.000000e+000  1.000000e+000  0.000000e+000
    outer loop
      vertex -4.635255e+000  3.800000e+000 -1.426585e+001
      vertex -2.571758e-015  3.800000e+000 -1.400000e+001
      vertex -1.607813e-014  3.800000e+000 -1.500000e+001
    endloop
  endfacet
  facet normal  0.000000e+000  1.000000e+000  0.000000e+000
    outer loop
      vertex -2.571758e-015  3.800000e+000 -1.400000e+001
      vertex  4.326238e+000  3.800000e+000 -1.331479e+001
      vertex  4.635255e+000  3.800000e+000 -1.426585e+001
    endloop
  endfacet
  facet normal  0.000000e+000  1.000000e+000  -0.000000e+000
    outer loop
      vertex  4.635255e+000  3.800000e+000 -1.426585e+001
      vertex  4.326238e+000  3.800000e+000 -1.331479e+001
      vertex  8.228993e+000  3.800000e+000 -1.132624e+001
    endloop
  endfacet
  facet normal  0.000000e+000  1.000000e+000  0.000000e+000
    outer loop
      vertex  4.635255e+000  3.800000e+000 -1.426585e+001
      vertex  8.228993e+000  3.800000e+000 -1.132624e+001
      vertex  8.816779e+000  3.800000e+000 -1.213525e+001
    endloop
  endfacet
  facet normal  0.000000e+000  1.000000e+000  -0.000000e+000
    outer loop
      vertex  8.816779e+000  3.800000e+000 -1.213525e+001
      vertex  8.228993e+000  3.800000e+000 -1.132624e+001
      vertex  1.132624e+001  3.800000e+000 -8.228993e+000
    endloop
  endfacet
  facet normal  0.000000e+000  1.000000e+000  0.000000e+000
    outer loop
      vertex  8.816779e+000  3.800000e+000 -1.213525e+001
      vertex  1.132624e+001  3.800000e+000 -8.228993e+000
      vertex  1.213525e+001  3.800000e+000 -8.816779e+000
    endloop
  endfacet
  facet normal  0.000000e+000  1.000000e+000  -0.000000e+000
    outer loop
      vertex  1.213525e+001  3.800000e+000 -8.816779e+000
      vertex  1.132624e+001  3.800000e+000 -8.228993e+000
      vertex  1.331479e+001  3.800000e+000 -4.326238e+000
    endloop
  endfacet
  facet normal  0.000000e+000  1.000000e+000  0.000000e+000
    outer loop
      vertex  1.213525e+001  3.800000e+000 -8.816779e+000
      vertex  1.331479e+001  3.800000e+000 -4.326238e+000
      vertex  1.426585e+001  3.800000e+000 -4.635255e+000
    endloop
  endfacet
  facet normal  0.000000e+000  1.000000e+000  0.000000e+000
    outer loop
      vertex  1.426585e+001  3.800000e+000 -4.635255e+000
      vertex  1.331479e+001  3.800000e+000 -4.326238e+000
      vertex  1.400000e+001  3.800000e+000  0.000000e+000
    endloop
  endfacet
  facet normal  -0.000000e+000  1.000000e+000  0.000000e+000
    outer loop
      vertex  1.426585e+001  3.800000e+000 -4.635255e+000
      vertex  1.400000e+001  3.800000e+000  0.000000e+000
      vertex  1.500000e+001  3.800000e+000  0.000000e+000
    endloop
  endfacet
  facet normal  0.000000e+000  1.000000e+000  0.000000e+000
    outer loop
      vertex  1.500000e+001  3.800000e+000  0.000000e+000
      vertex  1.400000e+001  3.800000e+000  0.000000e+000
      vertex  1.331479e+001  3.800000e+000  4.326238e+000
    endloop
  endfacet
  facet normal  -0.000000e+000  1.000000e+000  0.000000e+000
    outer loop
      vertex  1.500000e+001  3.800000e+000  0.000000e+000
      vertex  1.331479e+001  3.800000e+000  4.326238e+000
      vertex  1.426585e+001  3.800000e+000  4.635255e+000
    endloop
  endfacet
  facet normal  0.000000e+000  1.000000e+000  0.000000e+000
    outer loop
      vertex  1.426585e+001  3.800000e+000  4.635255e+000
      vertex  1.331479e+001  3.800000e+000  4.326238e+000
      vertex  1.132624e+001  3.800000e+000  8.228993e+000
    endloop
  endfacet
  facet normal  -0.000000e+000  1.000000e+000  0.000000e+000
    outer loop
      vertex  1.426585e+001  3.800000e+000  4.635255e+000
      vertex  1.132624e+001  3.800000e+000  8.228993e+000
      vertex  1.213525e+001  3.800000e+000  8.816779e+000
    endloop
  endfacet
  facet normal  0.000000e+000  1.000000e+000  0.000000e+000
    outer loop
      vertex  1.213525e+001  3.800000e+000  8.816779e+000
      vertex  1.132624e+001  3.800000e+000  8.228993e+000
      vertex  8.228993e+000  3.800000e+000  1.132624e+001
    endloop
  endfacet
  facet normal  -0.000000e+000  1.000000e+000  0.000000e+000
    outer loop
      vertex  1.213525e+001  3.800000e+000  8.816779e+000
      vertex  8.228993e+000  3.800000e+000  1.132624e+001
      vertex  8.816779e+000  3.800000e+000  1.213525e+001
    endloop
  endfacet
  facet normal  0.000000e+000  1.000000e+000  0.000000e+000
    outer loop
      vertex  8.816779e+000  3.800000e+000  1.213525e+001
      vertex  8.228993e+000  3.800000e+000  1.132624e+001
      vertex  4.326238e+000  3.800000e+000  1.331479e+001
    endloop
  endfacet
  facet normal  -0.000000e+000  1.000000e+000  0.000000e+000
    outer loop
      vertex  8.816779e+000  3.800000e+000  1.213525e+001
      vertex  4.326238e+000  3.800000e+000  1.331479e+001
      vertex  4.635255e+000  3.800000e+000  1.426585e+001
    endloop
  endfacet
  facet normal  0.000000e+000  1.000000e+000  0.000000e+000
    outer loop
      vertex  4.635255e+000  3.800000e+000  1.426585e+001
      vertex  4.326238e+000  3.800000e+000  1.331479e+001
      vertex  8.572528e-016  3.800000e+000  1.400000e+001
    endloop
  endfacet
  facet normal  0.000000e+000  1.000000e+000  0.000000e+000
    outer loop
      vertex  4.635255e+000  3.800000e+000  1.426585e+001
      vertex  8.572528e-016  3.800000e+000  1.400000e+001
      vertex  4.249154e-015  3.800000e+000  1.500000e+001
    endloop
  endfacet
  facet normal  0.000000e+000 -1.000000e+000  0.000000e+000
    outer loop
      vertex -4.635255e+000 -5.800000e+000  1.426585e+001
      vertex -8.816779e+000 -5.800000e+000  1.213525e+001
      vertex -2.187967e+000 -5.800000e+000  1.240858e+001
    endloop
  endfacet
  facet normal  0.000000e+000 -1.000000e+000  0.000000e+000
    outer loop
      vertex -6.300000e+000 -5.800000e+000 -1.091192e+001
      vertex -8.816779e+000 -5.800000e+000 -1.213525e+001
      vertex -2.187967e+000 -5.800000e+000 -1.240858e+001
    endloop
  endfacet
  facet normal  0.000000e+000 -1.000000e+000  0.000000e+000
    outer loop
      vertex -8.816779e+000 -5.800000e+000 -1.213525e+001
      vertex -4.635255e+000 -5.800000e+000 -1.426585e+001
      vertex -2.187967e+000 -5.800000e+000 -1.240858e+001
    endloop
  endfacet
  facet normal  0.000000e+000 -1.000000e+000  -0.000000e+000
    outer loop
      vertex -2.187967e+000 -5.800000e+000 -1.240858e+001
      vertex -4.635255e+000 -5.800000e+000 -1.426585e+001
      vertex -1.607813e-014 -5.800000e+000 -1.500000e+001
    endloop
  endfacet
  facet normal  0.000000e+000 -1.000000e+000  0.000000e+000
    outer loop
      vertex -2.187967e+000 -5.800000e+000 -1.240858e+001
      vertex -1.607813e-014 -5.800000e+000 -1.500000e+001
      vertex  2.187967e+000 -5.800000e+000 -1.240858e+001
    endloop
  endfacet
  facet normal  0.000000e+000 -1.000000e+000  -0.000000e+000
    outer loop
      vertex  2.187967e+000 -5.800000e+000 -1.240858e+001
      vertex -1.607813e-014 -5.800000e+000 -1.500000e+001
      vertex  4.635255e+000 -5.800000e+000 -1.426585e+001
    endloop
  endfacet
  facet normal  0.000000e+000 -1.000000e+000  0.000000e+000
    outer loop
      vertex  2.187967e+000 -5.800000e+000 -1.240858e+001
      vertex  4.635255e+000 -5.800000e+000 -1.426585e+001
      vertex  8.816779e+000 -5.800000e+000 -1.213525e+001
    endloop
  endfacet
  facet normal  -0.000000e+000 -1.000000e+000  0.000000e+000
    outer loop
      vertex  6.300000e+000 -5.800000e+000  1.091192e+001
      vertex  8.816779e+000 -5.800000e+000  1.213525e+001
      vertex  2.187967e+000 -5.800000e+000  1.240858e+001
    endloop
  endfacet
  facet normal  0.000000e+000 -1.000000e+000  0.000000e+000
    outer loop
      vertex  2.187967e+000 -5.800000e+000  1.240858e+001
      vertex  8.816779e+000 -5.800000e+000  1.213525e+001
      vertex  4.635255e+000 -5.800000e+000  1.426585e+001
    endloop
  endfacet
  facet normal  0.000000e+000 -1.000000e+000  0.000000e+000
    outer loop
      vertex  2.187967e+000 -5.800000e+000  1.240858e+001
      vertex  4.635255e+000 -5.800000e+000  1.426585e+001
      vertex -2.187967e+000 -5.800000e+000  1.240858e+001
    endloop
  endfacet
  facet normal  0.000000e+000 -1.000000e+000  0.000000e+000
    outer loop
      vertex -2.187967e+000 -5.800000e+000  1.240858e+001
      vertex  4.635255e+000 -5.800000e+000  1.426585e+001
      vertex  7.579823e-015 -5.800000e+000  1.500000e+001
    endloop
  endfacet
  facet normal  0.000000e+000 -1.000000e+000  0.000000e+000
    outer loop
      vertex -2.187967e+000 -5.800000e+000  1.240858e+001
      vertex  7.579823e-015 -5.800000e+000  1.500000e+001
      vertex -4.635255e+000 -5.800000e+000  1.426585e+001
    endloop
  endfacet
  facet normal  -0.000000e+000 -1.000000e+000  0.000000e+000
    outer loop
      vertex -8.816779e+000 -5.800000e+000 -1.213525e+001
      vertex -6.300000e+000 -5.800000e+000 -1.091192e+001
      vertex -1.213525e+001 -5.800000e+000 -8.816779e+000
    endloop
  endfacet
  facet normal  0.000000e+000 -1.000000e+000  0.000000e+000
    outer loop
      vertex -1.213525e+001 -5.800000e+000 -8.816779e+000
      vertex -6.300000e+000 -5.800000e+000 -1.091192e+001
      vertex -9.652160e+000 -5.800000e+000 -8.099124e+000
    endloop
  endfacet
  facet normal  -0.000000e+000 -1.000000e+000  0.000000e+000
    outer loop
      vertex -1.213525e+001 -5.800000e+000 -8.816779e+000
      vertex -9.652160e+000 -5.800000e+000 -8.099124e+000
      vertex -1.426585e+001 -5.800000e+000 -4.635255e+000
    endloop
  endfacet
  facet normal  0.000000e+000 -1.000000e+000  0.000000e+000
    outer loop
      vertex -1.426585e+001 -5.800000e+000 -4.635255e+000
      vertex -9.652160e+000 -5.800000e+000 -8.099124e+000
      vertex -1.184013e+001 -5.800000e+000 -4.309454e+000
    endloop
  endfacet
  facet normal  -0.000000e+000 -1.000000e+000  0.000000e+000
    outer loop
      vertex -1.426585e+001 -5.800000e+000 -4.635255e+000
      vertex -1.184013e+001 -5.800000e+000 -4.309454e+000
      vertex -1.500000e+001 -5.800000e+000  1.515965e-014
    endloop
  endfacet
  facet normal  0.000000e+000 -1.000000e+000  0.000000e+000
    outer loop
      vertex -1.500000e+001 -5.800000e+000  1.515965e-014
      vertex -1.184013e+001 -5.800000e+000 -4.309454e+000
      vertex -1.260000e+001 -5.800000e+000  1.543055e-015
    endloop
  endfacet
  facet normal  0.000000e+000 -1.000000e+000  0.000000e+000
    outer loop
      vertex -1.500000e+001 -5.800000e+000  1.515965e-014
      vertex -1.260000e+001 -5.800000e+000  1.543055e-015
      vertex -1.426585e+001 -5.800000e+000  4.635255e+000
    endloop
  endfacet
  facet normal  0.000000e+000 -1.000000e+000  0.000000e+000
    outer loop
      vertex -1.426585e+001 -5.800000e+000  4.635255e+000
      vertex -1.260000e+001 -5.800000e+000  1.543055e-015
      vertex -1.184013e+001 -5.800000e+000  4.309454e+000
    endloop
  endfacet
  facet normal  0.000000e+000 -1.000000e+000  0.000000e+000
    outer loop
      vertex -1.426585e+001 -5.800000e+000  4.635255e+000
      vertex -1.184013e+001 -5.800000e+000  4.309454e+000
      vertex -1.213525e+001 -5.800000e+000  8.816779e+000
    endloop
  endfacet
  facet normal  0.000000e+000 -1.000000e+000  0.000000e+000
    outer loop
      vertex -1.213525e+001 -5.800000e+000  8.816779e+000
      vertex -1.184013e+001 -5.800000e+000  4.309454e+000
      vertex -9.652160e+000 -5.800000e+000  8.099124e+000
    endloop
  endfacet
  facet normal  0.000000e+000 -9.999999e-001  0.000000e+000
    outer loop
      vertex -1.213525e+001 -5.800000e+000  8.816779e+000
      vertex -9.652160e+000 -5.800000e+000  8.099124e+000
      vertex -8.816779e+000 -5.800000e+000  1.213525e+001
    endloop
  endfacet
  facet normal  0.000000e+000 -1.000000e+000  -0.000000e+000
    outer loop
      vertex -8.816779e+000 -5.800000e+000  1.213525e+001
      vertex -9.652160e+000 -5.800000e+000  8.099124e+000
      vertex -6.300000e+000 -5.800000e+000  1.091192e+001
    endloop
  endfacet
  facet normal  0.000000e+000 -1.000000e+000  0.000000e+000
    outer loop
      vertex -8.816779e+000 -5.800000e+000  1.213525e+001
      vertex -6.300000e+000 -5.800000e+000  1.091192e+001
      vertex -2.187967e+000 -5.800000e+000  1.240858e+001
    endloop
  endfacet
  facet normal  0.000000e+000 -1.000000e+000  0.000000e+000
    outer loop
      vertex  8.816779e+000 -5.800000e+000  1.213525e+001
      vertex  6.300000e+000 -5.800000e+000  1.091192e+001
      vertex  1.213525e+001 -5.800000e+000  8.816779e+000
    endloop
  endfacet
  facet normal  -0.000000e+000 -1.000000e+000  0.000000e+000
    outer loop
      vertex  1.213525e+001 -5.800000e+000  8.816779e+000
      vertex  6.300000e+000 -5.800000e+000  1.091192e+001
      vertex  9.652160e+000 -5.800000e+000  8.099124e+000
    endloop
  endfacet
  facet normal  0.000000e+000 -1.000000e+000  0.000000e+000
    outer loop
      vertex  1.213525e+001 -5.800000e+000  8.816779e+000
      vertex  9.652160e+000 -5.800000e+000  8.099124e+000
      vertex  1.426585e+001 -5.800000e+000  4.635255e+000
    endloop
  endfacet
  facet normal  -0.000000e+000 -1.000000e+000  0.000000e+000
    outer loop
      vertex  1.426585e+001 -5.800000e+000  4.635255e+000
      vertex  9.652160e+000 -5.800000e+000  8.099124e+000
      vertex  1.184013e+001 -5.800000e+000  4.309454e+000
    endloop
  endfacet
  facet normal  0.000000e+000 -1.000000e+000  0.000000e+000
    outer loop
      vertex  1.426585e+001 -5.800000e+000  4.635255e+000
      vertex  1.184013e+001 -5.800000e+000  4.309454e+000
      vertex  1.500000e+001 -5.800000e+000  0.000000e+000
    endloop
  endfacet
  facet normal  0.000000e+000 -1.000000e+000  0.000000e+000
    outer loop
      vertex  1.500000e+001 -5.800000e+000  0.000000e+000
      vertex  1.184013e+001 -5.800000e+000  4.309454e+000
      vertex  1.260000e+001 -5.800000e+000  0.000000e+000
    endloop
  endfacet
  facet normal  0.000000e+000 -1.000000e+000  0.000000e+000
    outer loop
      vertex  1.500000e+001 -5.800000e+000  0.000000e+000
      vertex  1.260000e+001 -5.800000e+000  0.000000e+000
      vertex  1.426585e+001 -5.800000e+000 -4.635255e+000
    endloop
  endfacet
  facet normal  0.000000e+000 -1.000000e+000  0.000000e+000
    outer loop
      vertex  1.426585e+001 -5.800000e+000 -4.635255e+000
      vertex  1.260000e+001 -5.800000e+000  0.000000e+000
      vertex  1.184013e+001 -5.800000e+000 -4.309454e+000
    endloop
  endfacet
  facet normal  0.000000e+000 -1.000000e+000  0.000000e+000
    outer loop
      vertex  1.426585e+001 -5.800000e+000 -4.635255e+000
      vertex  1.184013e+001 -5.800000e+000 -4.309454e+000
      vertex  1.213525e+001 -5.800000e+000 -8.816779e+000
    endloop
  endfacet
  facet normal  0.000000e+000 -1.000000e+000  0.000000e+000
    outer loop
      vertex  1.213525e+001 -5.800000e+000 -8.816779e+000
      vertex  1.184013e+001 -5.800000e+000 -4.309454e+000
      vertex  9.652160e+000 -5.800000e+000 -8.099124e+000
    endloop
  endfacet
  facet normal  0.000000e+000 -9.999999e-001  -0.000000e+000
    outer loop
      vertex  1.213525e+001 -5.800000e+000 -8.816779e+000
      vertex  9.652160e+000 -5.800000e+000 -8.099124e+000
      vertex  8.816779e+000 -5.800000e+000 -1.213525e+001
    endloop
  endfacet
  facet normal  0.000000e+000 -1.000000e+000  0.000000e+000
    outer loop
      vertex  8.816779e+000 -5.800000e+000 -1.213525e+001
      vertex  9.652160e+000 -5.800000e+000 -8.099124e+000
      vertex  6.300000e+000 -5.800000e+000 -1.091192e+001
    endloop
  endfacet
  facet normal  0.000000e+000 -1.000000e+000  -0.000000e+000
    outer loop
      vertex  8.816779e+000 -5.800000e+000 -1.213525e+001
      vertex  6.300000e+000 -5.800000e+000 -1.091192e+001
      vertex  2.187967e+000 -5.800000e+000 -1.240858e+001
    endloop
  endfacet
  facet normal -9.876884e-001  1.085482e-016  1.564344e-001
    outer loop
      vertex -1.500000e+001  3.800000e+000  8.498309e-015
      vertex -1.500000e+001 -5.800000e+000  1.515965e-014
      vertex -1.426585e+001  3.800000e+000  4.635255e+000
    endloop
  endfacet
  facet normal -9.876884e-001  0.000000e+000  1.564344e-001
    outer loop
      vertex -1.426585e+001  3.800000e+000  4.635255e+000
      vertex -1.500000e+001 -5.800000e+000  1.515965e-014
      vertex -1.426585e+001 -5.800000e+000  4.635255e+000
    endloop
  endfacet
  facet normal -8.910065e-001  0.000000e+000  4.539905e-001
    outer loop
      vertex -1.426585e+001  3.800000e+000  4.635255e+000
      vertex -1.426585e+001 -5.800000e+000  4.635255e+000
      vertex -1.213525e+001  3.800000e+000  8.816779e+000
    endloop
  endfacet
  facet normal -8.910065e-001  0.000000e+000  4.539905e-001
    outer loop
      vertex -1.213525e+001  3.800000e+000  8.816779e+000
      vertex -1.426585e+001 -5.800000e+000  4.635255e+000
      vertex -1.213525e+001 -5.800000e+000  8.816779e+000
    endloop
  endfacet
  facet normal -7.071068e-001  0.000000e+000  7.071068e-001
    outer loop
      vertex -1.213525e+001  3.800000e+000  8.816779e+000
      vertex -1.213525e+001 -5.800000e+000  8.816779e+000
      vertex -8.816779e+000  3.800000e+000  1.213525e+001
    endloop
  endfacet
  facet normal -7.071068e-001  0.000000e+000  7.071068e-001
    outer loop
      vertex -8.816779e+000  3.800000e+000  1.213525e+001
      vertex -1.213525e+001 -5.800000e+000  8.816779e+000
      vertex -8.816779e+000 -5.800000e+000  1.213525e+001
    endloop
  endfacet
  facet normal -4.539905e-001  0.000000e+000  8.910065e-001
    outer loop
      vertex -8.816779e+000  3.800000e+000  1.213525e+001
      vertex -8.816779e+000 -5.800000e+000  1.213525e+001
      vertex -4.635255e+000  3.800000e+000  1.426585e+001
    endloop
  endfacet
  facet normal -4.539905e-001  0.000000e+000  8.910065e-001
    outer loop
      vertex -4.635255e+000  3.800000e+000  1.426585e+001
      vertex -8.816779e+000 -5.800000e+000  1.213525e+001
      vertex -4.635255e+000 -5.800000e+000  1.426585e+001
    endloop
  endfacet
  facet normal -1.564344e-001  0.000000e+000  9.876884e-001
    outer loop
      vertex -4.635255e+000  3.800000e+000  1.426585e+001
      vertex -4.635255e+000 -5.800000e+000  1.426585e+001
      vertex  4.249154e-015  3.800000e+000  1.500000e+001
    endloop
  endfacet
  facet normal -1.564344e-001 -5.427408e-017  9.876884e-001
    outer loop
      vertex  4.249154e-015  3.800000e+000  1.500000e+001
      vertex -4.635255e+000 -5.800000e+000  1.426585e+001
      vertex  7.579823e-015 -5.800000e+000  1.500000e+001
    endloop
  endfacet
  facet normal  1.564344e-001  5.427408e-017  9.876884e-001
    outer loop
      vertex  4.249154e-015  3.800000e+000  1.500000e+001
      vertex  7.579823e-015 -5.800000e+000  1.500000e+001
      vertex  4.635255e+000  3.800000e+000  1.426585e+001
    endloop
  endfacet
  facet normal  1.564344e-001  0.000000e+000  9.876884e-001
    outer loop
      vertex  4.635255e+000  3.800000e+000  1.426585e+001
      vertex  7.579823e-015 -5.800000e+000  1.500000e+001
      vertex  4.635255e+000 -5.800000e+000  1.426585e+001
    endloop
  endfacet
  facet normal  4.539905e-001  -0.000000e+000  8.910065e-001
    outer loop
      vertex  4.635255e+000  3.800000e+000  1.426585e+001
      vertex  4.635255e+000 -5.800000e+000  1.426585e+001
      vertex  8.816779e+000  3.800000e+000  1.213525e+001
    endloop
  endfacet
  facet normal  4.539905e-001  0.000000e+000  8.910065e-001
    outer loop
      vertex  8.816779e+000  3.800000e+000  1.213525e+001
      vertex  4.635255e+000 -5.800000e+000  1.426585e+001
      vertex  8.816779e+000 -5.800000e+000  1.213525e+001
    endloop
  endfacet
  facet normal  7.071068e-001  -0.000000e+000  7.071068e-001
    outer loop
      vertex  8.816779e+000  3.800000e+000  1.213525e+001
      vertex  8.816779e+000 -5.800000e+000  1.213525e+001
      vertex  1.213525e+001  3.800000e+000  8.816779e+000
    endloop
  endfacet
  facet normal  7.071068e-001  0.000000e+000  7.071068e-001
    outer loop
      vertex  1.213525e+001  3.800000e+000  8.816779e+000
      vertex  8.816779e+000 -5.800000e+000  1.213525e+001
      vertex  1.213525e+001 -5.800000e+000  8.816779e+000
    endloop
  endfacet
  facet normal  8.910065e-001  -0.000000e+000  4.539905e-001
    outer loop
      vertex  1.213525e+001  3.800000e+000  8.816779e+000
      vertex  1.213525e+001 -5.800000e+000  8.816779e+000
      vertex  1.426585e+001  3.800000e+000  4.635255e+000
    endloop
  endfacet
  facet normal  8.910065e-001  0.000000e+000  4.539905e-001
    outer loop
      vertex  1.426585e+001  3.800000e+000  4.635255e+000
      vertex  1.213525e+001 -5.800000e+000  8.816779e+000
      vertex  1.426585e+001 -5.800000e+000  4.635255e+000
    endloop
  endfacet
  facet normal  9.876884e-001  -0.000000e+000  1.564344e-001
    outer loop
      vertex  1.426585e+001  3.800000e+000  4.635255e+000
      vertex  1.426585e+001 -5.800000e+000  4.635255e+000
      vertex  1.500000e+001  3.800000e+000  0.000000e+000
    endloop
  endfacet
  facet normal  9.876884e-001  0.000000e+000  1.564344e-001
    outer loop
      vertex  1.500000e+001  3.800000e+000  0.000000e+000
      vertex  1.426585e+001 -5.800000e+000  4.635255e+000
      vertex  1.500000e+001 -5.800000e+000  0.000000e+000
    endloop
  endfacet
  facet normal  9.876884e-001  0.000000e+000 -1.564344e-001
    outer loop
      vertex  1.500000e+001  3.800000e+000  0.000000e+000
      vertex  1.500000e+001 -5.800000e+000  0.000000e+000
      vertex  1.426585e+001  3.800000e+000 -4.635255e+000
    endloop
  endfacet
  facet normal  9.876884e-001  0.000000e+000 -1.564344e-001
    outer loop
      vertex  1.426585e+001  3.800000e+000 -4.635255e+000
      vertex  1.500000e+001 -5.800000e+000  0.000000e+000
      vertex  1.426585e+001 -5.800000e+000 -4.635255e+000
    endloop
  endfacet
  facet normal  8.910065e-001  0.000000e+000 -4.539905e-001
    outer loop
      vertex  1.426585e+001  3.800000e+000 -4.635255e+000
      vertex  1.426585e+001 -5.800000e+000 -4.635255e+000
      vertex  1.213525e+001  3.800000e+000 -8.816779e+000
    endloop
  endfacet
  facet normal  8.910065e-001  0.000000e+000 -4.539905e-001
    outer loop
      vertex  1.213525e+001  3.800000e+000 -8.816779e+000
      vertex  1.426585e+001 -5.800000e+000 -4.635255e+000
      vertex  1.213525e+001 -5.800000e+000 -8.816779e+000
    endloop
  endfacet
  facet normal  7.071068e-001  0.000000e+000 -7.071068e-001
    outer loop
      vertex  1.213525e+001  3.800000e+000 -8.816779e+000
      vertex  1.213525e+001 -5.800000e+000 -8.816779e+000
      vertex  8.816779e+000  3.800000e+000 -1.213525e+001
    endloop
  endfacet
  facet normal  7.071068e-001  0.000000e+000 -7.071068e-001
    outer loop
      vertex  8.816779e+000  3.800000e+000 -1.213525e+001
      vertex  1.213525e+001 -5.800000e+000 -8.816779e+000
      vertex  8.816779e+000 -5.800000e+000 -1.213525e+001
    endloop
  endfacet
  facet normal  4.539905e-001  0.000000e+000 -8.910065e-001
    outer loop
      vertex  8.816779e+000  3.800000e+000 -1.213525e+001
      vertex  8.816779e+000 -5.800000e+000 -1.213525e+001
      vertex  4.635255e+000  3.800000e+000 -1.426585e+001
    endloop
  endfacet
  facet normal  4.539905e-001  0.000000e+000 -8.910065e-001
    outer loop
      vertex  4.635255e+000  3.800000e+000 -1.426585e+001
      vertex  8.816779e+000 -5.800000e+000 -1.213525e+001
      vertex  4.635255e+000 -5.800000e+000 -1.426585e+001
    endloop
  endfacet
  facet normal  1.564344e-001  0.000000e+000 -9.876884e-001
    outer loop
      vertex  4.635255e+000  3.800000e+000 -1.426585e+001
      vertex  4.635255e+000 -5.800000e+000 -1.426585e+001
      vertex -1.607813e-014  3.800000e+000 -1.500000e+001
    endloop
  endfacet
  facet normal  1.564344e-001  0.000000e+000 -9.876884e-001
    outer loop
      vertex -1.607813e-014  3.800000e+000 -1.500000e+001
      vertex  4.635255e+000 -5.800000e+000 -1.426585e+001
      vertex -1.607813e-014 -5.800000e+000 -1.500000e+001
    endloop
  endfacet
  facet normal -1.564344e-001  0.000000e+000 -9.876884e-001
    outer loop
      vertex -1.607813e-014  3.800000e+000 -1.500000e+001
      vertex -1.607813e-014 -5.800000e+000 -1.500000e+001
      vertex -4.635255e+000  3.800000e+000 -1.426585e+001
    endloop
  endfacet
  facet normal -1.564344e-001  -0.000000e+000 -9.876884e-001
    outer loop
      vertex -4.635255e+000  3.800000e+000 -1.426585e+001
      vertex -1.607813e-014 -5.800000e+000 -1.500000e+001
      vertex -4.635255e+000 -5.800000e+000 -1.426585e+001
    endloop
  endfacet
  facet normal -4.539905e-001  0.000000e+000 -8.910065e-001
    outer loop
      vertex -4.635255e+000  3.800000e+000 -1.426585e+001
      vertex -4.635255e+000 -5.800000e+000 -1.426585e+001
      vertex -8.816779e+000  3.800000e+000 -1.213525e+001
    endloop
  endfacet
  facet normal -4.539905e-001  -0.000000e+000 -8.910065e-001
    outer loop
      vertex -8.816779e+000  3.800000e+000 -1.213525e+001
      vertex -4.635255e+000 -5.800000e+000 -1.426585e+001
      vertex -8.816779e+000 -5.800000e+000 -1.213525e+001
    endloop
  endfacet
  facet normal -7.071068e-001  0.000000e+000 -7.071068e-001
    outer loop
      vertex -8.816779e+000  3.800000e+000 -1.213525e+001
      vertex -8.816779e+000 -5.800000e+000 -1.213525e+001
      vertex -1.213525e+001  3.800000e+000 -8.816779e+000
    endloop
  endfacet
  facet normal -7.071068e-001  -0.000000e+000 -7.071068e-001
    outer loop
      vertex -1.213525e+001  3.800000e+000 -8.816779e+000
      vertex -8.816779e+000 -5.800000e+000 -1.213525e+001
      vertex -1.213525e+001 -5.800000e+000 -8.816779e+000
    endloop
  endfacet
  facet normal -8.910065e-001  0.000000e+000 -4.539905e-001
    outer loop
      vertex -1.213525e+001  3.800000e+000 -8.816779e+000
      vertex -1.213525e+001 -5.800000e+000 -8.816779e+000
      vertex -1.426585e+001  3.800000e+000 -4.635255e+000
    endloop
  endfacet
  facet normal -8.910065e-001  -0.000000e+000 -4.539905e-001
    outer loop
      vertex -1.426585e+001  3.800000e+000 -4.635255e+000
      vertex -1.213525e+001 -5.800000e+000 -8.816779e+000
      vertex -1.426585e+001 -5.800000e+000 -4.635255e+000
    endloop
  endfacet
  facet normal -9.876884e-001  0.000000e+000 -1.564344e-001
    outer loop
      vertex -1.426585e+001  3.800000e+000 -4.635255e+000
      vertex -1.426585e+001 -5.800000e+000 -4.635255e+000
      vertex -1.500000e+001  3.800000e+000  8.498309e-015
    endloop
  endfacet
  facet normal -9.876884e-001 -1.085482e-016 -1.564344e-001
    outer loop
      vertex -1.500000e+001  3.800000e+000  8.498309e-015
      vertex -1.426585e+001 -5.800000e+000 -4.635255e+000
      vertex -1.500000e+001 -5.800000e+000  1.515965e-014
    endloop
  endfacet
  facet normal  3.420201e-001  0.000000e+000 -9.396926e-001
    outer loop
      vertex -2.187967e+000 -2.500000e+000  1.240858e+001
      vertex -6.300000e+000 -5.800000e+000  1.091192e+001
      vertex -6.300000e+000 -2.500000e+000  1.091192e+001
    endloop
  endfacet
  facet normal  6.427877e-001  0.000000e+000 -7.660443e-001
    outer loop
      vertex -6.300000e+000 -2.500000e+000  1.091192e+001
      vertex -6.300000e+000 -5.800000e+000  1.091192e+001
      vertex -9.652160e+000 -5.800000e+000  8.099124e+000
    endloop
  endfacet
  facet normal  6.427877e-001  0.000000e+000 -7.660443e-001
    outer loop
      vertex -6.300000e+000 -2.500000e+000  1.091192e+001
      vertex -9.652160e+000 -5.800000e+000  8.099124e+000
      vertex -9.652160e+000 -2.500000e+000  8.099124e+000
    endloop
  endfacet
  facet normal  8.660254e-001  0.000000e+000 -5.000001e-001
    outer loop
      vertex -9.652160e+000 -2.500000e+000  8.099124e+000
      vertex -9.652160e+000 -5.800000e+000  8.099124e+000
      vertex -1.184013e+001 -5.800000e+000  4.309454e+000
    endloop
  endfacet
  facet normal  8.660254e-001  0.000000e+000 -5.000001e-001
    outer loop
      vertex -9.652160e+000 -2.500000e+000  8.099124e+000
      vertex -1.184013e+001 -5.800000e+000  4.309454e+000
      vertex -1.184013e+001 -2.500000e+000  4.309454e+000
    endloop
  endfacet
  facet normal  9.848077e-001  0.000000e+000 -1.736483e-001
    outer loop
      vertex -1.184013e+001 -2.500000e+000  4.309454e+000
      vertex -1.184013e+001 -5.800000e+000  4.309454e+000
      vertex -1.260000e+001 -5.800000e+000  1.543055e-015
    endloop
  endfacet
  facet normal  9.848077e-001  0.000000e+000 -1.736483e-001
    outer loop
      vertex -1.184013e+001 -2.500000e+000  4.309454e+000
      vertex -1.260000e+001 -5.800000e+000  1.543055e-015
      vertex -1.260000e+001 -2.500000e+000  1.543055e-015
    endloop
  endfacet
  facet normal  3.420201e-001  0.000000e+000 -9.396926e-001
    outer loop
      vertex -6.300000e+000 -5.800000e+000  1.091192e+001
      vertex -2.187967e+000 -2.500000e+000  1.240858e+001
      vertex -2.187967e+000 -5.800000e+000  1.240858e+001
    endloop
  endfacet
  facet normal  0.000000e+000  0.000000e+000 -1.000000e+000
    outer loop
      vertex -2.187967e+000 -5.800000e+000  1.240858e+001
      vertex -2.187967e+000 -2.500000e+000  1.240858e+001
      vertex  2.187967e+000 -2.500000e+000  1.240858e+001
    endloop
  endfacet
  facet normal  0.000000e+000  -0.000000e+000 -1.000000e+000
    outer loop
      vertex -2.187967e+000 -5.800000e+000  1.240858e+001
      vertex  2.187967e+000 -2.500000e+000  1.240858e+001
      vertex  2.187967e+000 -5.800000e+000  1.240858e+001
    endloop
  endfacet
  facet normal -3.420201e-001  0.000000e+000 -9.396926e-001
    outer loop
      vertex  2.187967e+000 -5.800000e+000  1.240858e+001
      vertex  2.187967e+000 -2.500000e+000  1.240858e+001
      vertex  6.300000e+000 -2.500000e+000  1.091192e+001
    endloop
  endfacet
  facet normal -3.420201e-001  -0.000000e+000 -9.396926e-001
    outer loop
      vertex  2.187967e+000 -5.800000e+000  1.240858e+001
      vertex  6.300000e+000 -2.500000e+000  1.091192e+001
      vertex  6.300000e+000 -5.800000e+000  1.091192e+001
    endloop
  endfacet
  facet normal -6.427877e-001  0.000000e+000 -7.660443e-001
    outer loop
      vertex  6.300000e+000 -5.800000e+000  1.091192e+001
      vertex  6.300000e+000 -2.500000e+000  1.091192e+001
      vertex  9.652160e+000 -2.500000e+000  8.099124e+000
    endloop
  endfacet
  facet normal -6.427877e-001  -0.000000e+000 -7.660443e-001
    outer loop
      vertex  6.300000e+000 -5.800000e+000  1.091192e+001
      vertex  9.652160e+000 -2.500000e+000  8.099124e+000
      vertex  9.652160e+000 -5.800000e+000  8.099124e+000
    endloop
  endfacet
  facet normal -8.660254e-001  0.000000e+000 -5.000001e-001
    outer loop
      vertex  9.652160e+000 -5.800000e+000  8.099124e+000
      vertex  9.652160e+000 -2.500000e+000  8.099124e+000
      vertex  1.184013e+001 -2.500000e+000  4.309454e+000
    endloop
  endfacet
  facet normal -8.660254e-001  -0.000000e+000 -5.000001e-001
    outer loop
      vertex  9.652160e+000 -5.800000e+000  8.099124e+000
      vertex  1.184013e+001 -2.500000e+000  4.309454e+000
      vertex  1.184013e+001 -5.800000e+000  4.309454e+000
    endloop
  endfacet
  facet normal -9.848077e-001  0.000000e+000 -1.736483e-001
    outer loop
      vertex  1.184013e+001 -5.800000e+000  4.309454e+000
      vertex  1.184013e+001 -2.500000e+000  4.309454e+000
      vertex  1.260000e+001 -2.500000e+000 -3.086110e-015
    endloop
  endfacet
  facet normal -9.848077e-001 -1.623932e-016 -1.736483e-001
    outer loop
      vertex  1.184013e+001 -5.800000e+000  4.309454e+000
      vertex  1.260000e+001 -2.500000e+000 -3.086110e-015
      vertex  1.260000e+001 -5.800000e+000  0.000000e+000
    endloop
  endfacet
  facet normal -3.420201e-001  0.000000e+000  9.396926e-001
    outer loop
      vertex  2.187967e+000 -2.500000e+000 -1.240858e+001
      vertex  6.300000e+000 -5.800000e+000 -1.091192e+001
      vertex  6.300000e+000 -2.500000e+000 -1.091192e+001
    endloop
  endfacet
  facet normal -6.427877e-001  0.000000e+000  7.660443e-001
    outer loop
      vertex  6.300000e+000 -2.500000e+000 -1.091192e+001
      vertex  6.300000e+000 -5.800000e+000 -1.091192e+001
      vertex  9.652160e+000 -5.800000e+000 -8.099124e+000
    endloop
  endfacet
  facet normal -6.427877e-001  0.000000e+000  7.660443e-001
    outer loop
      vertex  6.300000e+000 -2.500000e+000 -1.091192e+001
      vertex  9.652160e+000 -5.800000e+000 -8.099124e+000
      vertex  9.652160e+000 -2.500000e+000 -8.099124e+000
    endloop
  endfacet
  facet normal -8.660254e-001  0.000000e+000  5.000001e-001
    outer loop
      vertex  9.652160e+000 -2.500000e+000 -8.099124e+000
      vertex  9.652160e+000 -5.800000e+000 -8.099124e+000
      vertex  1.184013e+001 -5.800000e+000 -4.309454e+000
    endloop
  endfacet
  facet normal -8.660254e-001  0.000000e+000  5.000001e-001
    outer loop
      vertex  9.652160e+000 -2.500000e+000 -8.099124e+000
      vertex  1.184013e+001 -5.800000e+000 -4.309454e+000
      vertex  1.184013e+001 -2.500000e+000 -4.309454e+000
    endloop
  endfacet
  facet normal -9.848077e-001  0.000000e+000  1.736483e-001
    outer loop
      vertex  1.184013e+001 -2.500000e+000 -4.309454e+000
      vertex  1.184013e+001 -5.800000e+000 -4.309454e+000
      vertex  1.260000e+001 -5.800000e+000  0.000000e+000
    endloop
  endfacet
  facet normal -9.848077e-001  1.623932e-016  1.736483e-001
    outer loop
      vertex  1.184013e+001 -2.500000e+000 -4.309454e+000
      vertex  1.260000e+001 -5.800000e+000  0.000000e+000
      vertex  1.260000e+001 -2.500000e+000 -3.086110e-015
    endloop
  endfacet
  facet normal -3.420201e-001  0.000000e+000  9.396926e-001
    outer loop
      vertex  6.300000e+000 -5.800000e+000 -1.091192e+001
      vertex  2.187967e+000 -2.500000e+000 -1.240858e+001
      vertex  2.187967e+000 -5.800000e+000 -1.240858e+001
    endloop
  endfacet
  facet normal  0.000000e+000  -0.000000e+000  1.000000e+000
    outer loop
      vertex  2.187967e+000 -5.800000e+000 -1.240858e+001
      vertex  2.187967e+000 -2.500000e+000 -1.240858e+001
      vertex -2.187967e+000 -2.500000e+000 -1.240858e+001
    endloop
  endfacet
  facet normal  0.000000e+000  0.000000e+000  1.000000e+000
    outer loop
      vertex  2.187967e+000 -5.800000e+000 -1.240858e+001
      vertex -2.187967e+000 -2.500000e+000 -1.240858e+001
      vertex -2.187967e+000 -5.800000e+000 -1.240858e+001
    endloop
  endfacet
  facet normal  3.420201e-001  -0.000000e+000  9.396926e-001
    outer loop
      vertex -2.187967e+000 -5.800000e+000 -1.240858e+001
      vertex -2.187967e+000 -2.500000e+000 -1.240858e+001
      vertex -6.300000e+000 -2.500000e+000 -1.091192e+001
    endloop
  endfacet
  facet normal  3.420201e-001  0.000000e+000  9.396926e-001
    outer loop
      vertex -2.187967e+000 -5.800000e+000 -1.240858e+001
      vertex -6.300000e+000 -2.500000e+000 -1.091192e+001
      vertex -6.300000e+000 -5.800000e+000 -1.091192e+001
    endloop
  endfacet
  facet normal  6.427877e-001  -0.000000e+000  7.660443e-001
    outer loop
      vertex -6.300000e+000 -5.800000e+000 -1.091192e+001
      vertex -6.300000e+000 -2.500000e+000 -1.091192e+001
      vertex -9.652160e+000 -2.500000e+000 -8.099124e+000
    endloop
  endfacet
  facet normal  6.427877e-001  0.000000e+000  7.660443e-001
    outer loop
      vertex -6.300000e+000 -5.800000e+000 -1.091192e+001
      vertex -9.652160e+000 -2.500000e+000 -8.099124e+000
      vertex -9.652160e+000 -5.800000e+000 -8.099124e+000
    endloop
  endfacet
  facet normal  8.660254e-001  -0.000000e+000  5.000001e-001
    outer loop
      vertex -9.652160e+000 -5.800000e+000 -8.099124e+000
      vertex -9.652160e+000 -2.500000e+000 -8.099124e+000
      vertex -1.184013e+001 -2.500000e+000 -4.309454e+000
    endloop
  endfacet
  facet normal  8.660254e-001  0.000000e+000  5.000001e-001
    outer loop
      vertex -9.652160e+000 -5.800000e+000 -8.099124e+000
      vertex -1.184013e+001 -2.500000e+000 -4.309454e+000
      vertex -1.184013e+001 -5.800000e+000 -4.309454e+000
    endloop
  endfacet
  facet normal  9.848077e-001  -0.000000e+000  1.736483e-001
    outer loop
      vertex -1.184013e+001 -5.800000e+000 -4.309454e+000
      vertex -1.184013e+001 -2.500000e+000 -4.309454e+000
      vertex -1.260000e+001 -2.500000e+000  1.543055e-015
    endloop
  endfacet
  facet normal  9.848077e-001  0.000000e+000  1.736483e-001
    outer loop
      vertex -1.184013e+001 -5.800000e+000 -4.309454e+000
      vertex -1.260000e+001 -2.500000e+000  1.543055e-015
      vertex -1.260000e+001 -5.800000e+000  1.543055e-015
    endloop
  endfacet
  facet normal -9.876884e-001  0.000000e+000  1.564343e-001
    outer loop
      vertex -1.400000e+001  8.800000e+000  1.714506e-015
      vertex -1.400000e+001  3.800000e+000  1.714506e-015
      vertex -1.331479e+001  8.800000e+000  4.326238e+000
    endloop
  endfacet
  facet normal -9.876884e-001  0.000000e+000  1.564343e-001
    outer loop
      vertex -1.331479e+001  8.800000e+000  4.326238e+000
      vertex -1.400000e+001  3.800000e+000  1.714506e-015
      vertex -1.331479e+001  3.800000e+000  4.326238e+000
    endloop
  endfacet
  facet normal -8.910065e-001  0.000000e+000  4.539907e-001
    outer loop
      vertex -1.331479e+001  8.800000e+000  4.326238e+000
      vertex -1.331479e+001  3.800000e+000  4.326238e+000
      vertex -1.132624e+001  8.800000e+000  8.228993e+000
    endloop
  endfacet
  facet normal -8.910065e-001  0.000000e+000  4.539907e-001
    outer loop
      vertex -1.132624e+001  8.800000e+000  8.228993e+000
      vertex -1.331479e+001  3.800000e+000  4.326238e+000
      vertex -1.132624e+001  3.800000e+000  8.228993e+000
    endloop
  endfacet
  facet normal -7.071068e-001  0.000000e+000  7.071068e-001
    outer loop
      vertex -1.132624e+001  8.800000e+000  8.228993e+000
      vertex -1.132624e+001  3.800000e+000  8.228993e+000
      vertex -8.228993e+000  8.800000e+000  1.132624e+001
    endloop
  endfacet
  facet normal -7.071068e-001  0.000000e+000  7.071068e-001
    outer loop
      vertex -8.228993e+000  8.800000e+000  1.132624e+001
      vertex -1.132624e+001  3.800000e+000  8.228993e+000
      vertex -8.228993e+000  3.800000e+000  1.132624e+001
    endloop
  endfacet
  facet normal -4.539907e-001  0.000000e+000  8.910065e-001
    outer loop
      vertex -8.228993e+000  8.800000e+000  1.132624e+001
      vertex -8.228993e+000  3.800000e+000  1.132624e+001
      vertex -4.326238e+000  8.800000e+000  1.331479e+001
    endloop
  endfacet
  facet normal -4.539907e-001  0.000000e+000  8.910065e-001
    outer loop
      vertex -4.326238e+000  8.800000e+000  1.331479e+001
      vertex -8.228993e+000  3.800000e+000  1.132624e+001
      vertex -4.326238e+000  3.800000e+000  1.331479e+001
    endloop
  endfacet
  facet normal -1.564343e-001  0.000000e+000  9.876884e-001
    outer loop
      vertex -4.326238e+000  8.800000e+000  1.331479e+001
      vertex -4.326238e+000  3.800000e+000  1.331479e+001
      vertex  8.572528e-016  8.800000e+000  1.400000e+001
    endloop
  endfacet
  facet normal -1.564343e-001  0.000000e+000  9.876884e-001
    outer loop
      vertex  8.572528e-016  8.800000e+000  1.400000e+001
      vertex -4.326238e+000  3.800000e+000  1.331479e+001
      vertex  8.572528e-016  3.800000e+000  1.400000e+001
    endloop
  endfacet
  facet normal  1.564343e-001  -0.000000e+000  9.876884e-001
    outer loop
      vertex  8.572528e-016  8.800000e+000  1.400000e+001
      vertex  8.572528e-016  3.800000e+000  1.400000e+001
      vertex  4.326238e+000  8.800000e+000  1.331479e+001
    endloop
  endfacet
  facet normal  1.564343e-001  0.000000e+000  9.876884e-001
    outer loop
      vertex  4.326238e+000  8.800000e+000  1.331479e+001
      vertex  8.572528e-016  3.800000e+000  1.400000e+001
      vertex  4.326238e+000  3.800000e+000  1.331479e+001
    endloop
  endfacet
  facet normal  4.539907e-001  -0.000000e+000  8.910065e-001
    outer loop
      vertex  4.326238e+000  8.800000e+000  1.331479e+001
      vertex  4.326238e+000  3.800000e+000  1.331479e+001
      vertex  8.228993e+000  8.800000e+000  1.132624e+001
    endloop
  endfacet
  facet normal  4.539907e-001  0.000000e+000  8.910065e-001
    outer loop
      vertex  8.228993e+000  8.800000e+000  1.132624e+001
      vertex  4.326238e+000  3.800000e+000  1.331479e+001
      vertex  8.228993e+000  3.800000e+000  1.132624e+001
    endloop
  endfacet
  facet normal  7.071068e-001  -0.000000e+000  7.071068e-001
    outer loop
      vertex  8.228993e+000  8.800000e+000  1.132624e+001
      vertex  8.228993e+000  3.800000e+000  1.132624e+001
      vertex  1.132624e+001  8.800000e+000  8.228993e+000
    endloop
  endfacet
  facet normal  7.071068e-001  0.000000e+000  7.071068e-001
    outer loop
      vertex  1.132624e+001  8.800000e+000  8.228993e+000
      vertex  8.228993e+000  3.800000e+000  1.132624e+001
      vertex  1.132624e+001  3.800000e+000  8.228993e+000
    endloop
  endfacet
  facet normal  8.910065e-001  -0.000000e+000  4.539907e-001
    outer loop
      vertex  1.132624e+001  8.800000e+000  8.228993e+000
      vertex  1.132624e+001  3.800000e+000  8.228993e+000
      vertex  1.331479e+001  8.800000e+000  4.326238e+000
    endloop
  endfacet
  facet normal  8.910065e-001  0.000000e+000  4.539907e-001
    outer loop
      vertex  1.331479e+001  8.800000e+000  4.326238e+000
      vertex  1.132624e+001  3.800000e+000  8.228993e+000
      vertex  1.331479e+001  3.800000e+000  4.326238e+000
    endloop
  endfacet
  facet normal  9.876884e-001  -0.000000e+000  1.564343e-001
    outer loop
      vertex  1.331479e+001  8.800000e+000  4.326238e+000
      vertex  1.331479e+001  3.800000e+000  4.326238e+000
      vertex  1.400000e+001  8.800000e+000  0.000000e+000
    endloop
  endfacet
  facet normal  9.876884e-001  0.000000e+000  1.564343e-001
    outer loop
      vertex  1.400000e+001  8.800000e+000  0.000000e+000
      vertex  1.331479e+001  3.800000e+000  4.326238e+000
      vertex  1.400000e+001  3.800000e+000  0.000000e+000
    endloop
  endfacet
  facet normal  9.876884e-001  0.000000e+000 -1.564343e-001
    outer loop
      vertex  1.400000e+001  8.800000e+000  0.000000e+000
      vertex  1.400000e+001  3.800000e+000  0.000000e+000
      vertex  1.331479e+001  8.800000e+000 -4.326238e+000
    endloop
  endfacet
  facet normal  9.876884e-001  0.000000e+000 -1.564343e-001
    outer loop
      vertex  1.331479e+001  8.800000e+000 -4.326238e+000
      vertex  1.400000e+001  3.800000e+000  0.000000e+000
      vertex  1.331479e+001  3.800000e+000 -4.326238e+000
    endloop
  endfacet
  facet normal  8.910065e-001  0.000000e+000 -4.539907e-001
    outer loop
      vertex  1.331479e+001  8.800000e+000 -4.326238e+000
      vertex  1.331479e+001  3.800000e+000 -4.326238e+000
      vertex  1.132624e+001  8.800000e+000 -8.228993e+000
    endloop
  endfacet
  facet normal  8.910065e-001  0.000000e+000 -4.539907e-001
    outer loop
      vertex  1.132624e+001  8.800000e+000 -8.228993e+000
      vertex  1.331479e+001  3.800000e+000 -4.326238e+000
      vertex  1.132624e+001  3.800000e+000 -8.228993e+000
    endloop
  endfacet
  facet normal  7.071068e-001  0.000000e+000 -7.071068e-001
    outer loop
      vertex  1.132624e+001  8.800000e+000 -8.228993e+000
      vertex  1.132624e+001  3.800000e+000 -8.228993e+000
      vertex  8.228993e+000  8.800000e+000 -1.132624e+001
    endloop
  endfacet
  facet normal  7.071068e-001  0.000000e+000 -7.071068e-001
    outer loop
      vertex  8.228993e+000  8.800000e+000 -1.132624e+001
      vertex  1.132624e+001  3.800000e+000 -8.228993e+000
      vertex  8.228993e+000  3.800000e+000 -1.132624e+001
    endloop
  endfacet
  facet normal  4.539907e-001  0.000000e+000 -8.910065e-001
    outer loop
      vertex  8.228993e+000  8.800000e+000 -1.132624e+001
      vertex  8.228993e+000  3.800000e+000 -1.132624e+001
      vertex  4.326238e+000  8.800000e+000 -1.331479e+001
    endloop
  endfacet
  facet normal  4.539907e-001  0.000000e+000 -8.910065e-001
    outer loop
      vertex  4.326238e+000  8.800000e+000 -1.331479e+001
      vertex  8.228993e+000  3.800000e+000 -1.132624e+001
      vertex  4.326238e+000  3.800000e+000 -1.331479e+001
    endloop
  endfacet
  facet normal  1.564343e-001  0.000000e+000 -9.876884e-001
    outer loop
      vertex  4.326238e+000  8.800000e+000 -1.331479e+001
      vertex  4.326238e+000  3.800000e+000 -1.331479e+001
      vertex -2.571758e-015  8.800000e+000 -1.400000e+001
    endloop
  endfacet
  facet normal  1.564343e-001  0.000000e+000 -9.876884e-001
    outer loop
      vertex -2.571758e-015  8.800000e+000 -1.400000e+001
      vertex  4.326238e+000  3.800000e+000 -1.331479e+001
      vertex -2.571758e-015  3.800000e+000 -1.400000e+001
    endloop
  endfacet
  facet normal -1.564343e-001  0.000000e+000 -9.876884e-001
    outer loop
      vertex -2.571758e-015  8.800000e+000 -1.400000e+001
      vertex -2.571758e-015  3.800000e+000 -1.400000e+001
      vertex -4.326238e+000  8.800000e+000 -1.331479e+001
    endloop
  endfacet
  facet normal -1.564343e-001  -0.000000e+000 -9.876884e-001
    outer loop
      vertex -4.326238e+000  8.800000e+000 -1.331479e+001
      vertex -2.571758e-015  3.800000e+000 -1.400000e+001
      vertex -4.326238e+000  3.800000e+000 -1.331479e+001
    endloop
  endfacet
  facet normal -4.539907e-001  0.000000e+000 -8.910065e-001
    outer loop
      vertex -4.326238e+000  8.800000e+000 -1.331479e+001
      vertex -4.326238e+000  3.800000e+000 -1.331479e+001
      vertex -8.228993e+000  8.800000e+000 -1.132624e+001
    endloop
  endfacet
  facet normal -4.539907e-001  -0.000000e+000 -8.910065e-001
    outer loop
      vertex -8.228993e+000  8.800000e+000 -1.132624e+001
      vertex -4.326238e+000  3.800000e+000 -1.331479e+001
      vertex -8.228993e+000  3.800000e+000 -1.132624e+001
    endloop
  endfacet
  facet normal -7.071068e-001  0.000000e+000 -7.071068e-001
    outer loop
      vertex -8.228993e+000  8.800000e+000 -1.132624e+001
      vertex -8.228993e+000  3.800000e+000 -1.132624e+001
      vertex -1.132624e+001  8.800000e+000 -8.228993e+000
    endloop
  endfacet
  facet normal -7.071068e-001  -0.000000e+000 -7.071068e-001
    outer loop
      vertex -1.132624e+001  8.800000e+000 -8.228993e+000
      vertex -8.228993e+000  3.800000e+000 -1.132624e+001
      vertex -1.132624e+001  3.800000e+000 -8.228993e+000
    endloop
  endfacet
  facet normal -8.910065e-001  0.000000e+000 -4.539907e-001
    outer loop
      vertex -1.132624e+001  8.800000e+000 -8.228993e+000
      vertex -1.132624e+001  3.800000e+000 -8.228993e+000
      vertex -1.331479e+001  8.800000e+000 -4.326238e+000
    endloop
  endfacet
  facet normal -8.910065e-001  -0.000000e+000 -4.539907e-001
    outer loop
      vertex -1.331479e+001  8.800000e+000 -4.326238e+000
      vertex -1.132624e+001  3.800000e+000 -8.228993e+000
      vertex -1.331479e+001  3.800000e+000 -4.326238e+000
    endloop
  endfacet
  facet normal -9.876884e-001  0.000000e+000 -1.564343e-001
    outer loop
      vertex -1.331479e+001  8.800000e+000 -4.326238e+000
      vertex -1.331479e+001  3.800000e+000 -4.326238e+000
      vertex -1.400000e+001  8.800000e+000  1.714506e-015
    endloop
  endfacet
  facet normal -9.876884e-001  -0.000000e+000 -1.564343e-001
    outer loop
      vertex -1.400000e+001  8.800000e+000  1.714506e-015
      vertex -1.331479e+001  3.800000e+000 -4.326238e+000
      vertex -1.400000e+001  3.800000e+000  1.714506e-015
    endloop
  endfacet
  facet normal  0.000000e+000  1.000000e+000  0.000000e+000
    outer loop
      vertex  6.000000e+000  8.800000e+000 -8.000000e+000
      vertex  7.414214e+000  8.800000e+000 -7.414214e+000
      vertex  1.132624e+001  8.800000e+000 -8.228993e+000
    endloop
  endfacet
  facet normal  0.000000e+000  1.000000e+000  0.000000e+000
    outer loop
      vertex  7.414214e+000  8.800000e+000 -7.414214e+000
      vertex  8.000000e+000  8.800000e+000 -6.000000e+000
      vertex  1.132624e+001  8.800000e+000 -8.228993e+000
    endloop
  endfacet
  facet normal  0.000000e+000  1.000000e+000  0.000000e+000
    outer loop
      vertex -1.331479e+001  8.800000e+000 -4.326238e+000
      vertex -1.400000e+001  8.800000e+000  1.714506e-015
      vertex -8.000000e+000  8.800000e+000 -6.000000e+000
    endloop
  endfacet
  facet normal  0.000000e+000  1.000000e+000  0.000000e+000
    outer loop
      vertex -4.326238e+000  8.800000e+000 -1.331479e+001
      vertex -8.228993e+000  8.800000e+000 -1.132624e+001
      vertex -2.571758e-015  8.800000e+000 -1.400000e+001
    endloop
  endfacet
  facet normal  0.000000e+000  1.000000e+000  -0.000000e+000
    outer loop
      vertex  8.228993e+000  8.800000e+000 -1.132624e+001
      vertex  4.326238e+000  8.800000e+000 -1.331479e+001
      vertex -2.571758e-015  8.800000e+000 -1.400000e+001
    endloop
  endfacet
  facet normal  0.000000e+000  1.000000e+000  0.000000e+000
    outer loop
      vertex -1.132624e+001  8.800000e+000 -8.228993e+000
      vertex -1.331479e+001  8.800000e+000 -4.326238e+000
      vertex -8.000000e+000  8.800000e+000 -6.000000e+000
    endloop
  endfacet
  facet normal  0.000000e+000  1.000000e+000  0.000000e+000
    outer loop
      vertex -1.132624e+001  8.800000e+000 -8.228993e+000
      vertex -8.000000e+000  8.800000e+000 -6.000000e+000
      vertex -7.414214e+000  8.800000e+000 -7.414214e+000
    endloop
  endfacet
  facet normal  0.000000e+000  1.000000e+000  0.000000e+000
    outer loop
      vertex -1.132624e+001  8.800000e+000 -8.228993e+000
      vertex -7.414214e+000  8.800000e+000 -7.414214e+000
      vertex -6.000000e+000  8.800000e+000 -8.000000e+000
    endloop
  endfacet
  facet normal  0.000000e+000  1.000000e+000  0.000000e+000
    outer loop
      vertex -1.132624e+001  8.800000e+000 -8.228993e+000
      vertex -6.000000e+000  8.800000e+000 -8.000000e+000
      vertex -8.228993e+000  8.800000e+000 -1.132624e+001
    endloop
  endfacet
  facet normal  0.000000e+000  1.000000e+000  0.000000e+000
    outer loop
      vertex  8.000000e+000  8.800000e+000 -6.000000e+000
      vertex  8.000000e+000  8.800000e+000  6.000000e+000
      vertex  1.331479e+001  8.800000e+000  4.326238e+000
    endloop
  endfacet
  facet normal  0.000000e+000  1.000000e+000  0.000000e+000
    outer loop
      vertex  8.000000e+000  8.800000e+000 -6.000000e+000
      vertex  1.331479e+001  8.800000e+000  4.326238e+000
      vertex  1.400000e+001  8.800000e+000  0.000000e+000
    endloop
  endfacet
  facet normal  0.000000e+000  1.000000e+000  0.000000e+000
    outer loop
      vertex  8.000000e+000  8.800000e+000 -6.000000e+000
      vertex  1.400000e+001  8.800000e+000  0.000000e+000
      vertex  1.331479e+001  8.800000e+000 -4.326238e+000
    endloop
  endfacet
  facet normal  0.000000e+000  1.000000e+000  0.000000e+000
    outer loop
      vertex  8.000000e+000  8.800000e+000 -6.000000e+000
      vertex  1.331479e+001  8.800000e+000 -4.326238e+000
      vertex  1.132624e+001  8.800000e+000 -8.228993e+000
    endloop
  endfacet
  facet normal  0.000000e+000  1.000000e+000  0.000000e+000
    outer loop
      vertex  8.228993e+000  8.800000e+000 -1.132624e+001
      vertex -2.571758e-015  8.800000e+000 -1.400000e+001
      vertex  1.132624e+001  8.800000e+000 -8.228993e+000
    endloop
  endfacet
  facet normal  0.000000e+000  1.000000e+000  0.000000e+000
    outer loop
      vertex  1.132624e+001  8.800000e+000 -8.228993e+000
      vertex -2.571758e-015  8.800000e+000 -1.400000e+001
      vertex  6.000000e+000  8.800000e+000 -8.000000e+000
    endloop
  endfacet
  facet normal  -0.000000e+000  1.000000e+000  0.000000e+000
    outer loop
      vertex -2.571758e-015  8.800000e+000 -1.400000e+001
      vertex -8.228993e+000  8.800000e+000 -1.132624e+001
      vertex  6.000000e+000  8.800000e+000 -8.000000e+000
    endloop
  endfacet
  facet normal  0.000000e+000  1.000000e+000  0.000000e+000
    outer loop
      vertex  6.000000e+000  8.800000e+000 -8.000000e+000
      vertex -8.228993e+000  8.800000e+000 -1.132624e+001
      vertex -6.000000e+000  8.800000e+000 -8.000000e+000
    endloop
  endfacet
  facet normal  0.000000e+000  1.000000e+000  0.000000e+000
    outer loop
      vertex  4.326238e+000  8.800000e+000  1.331479e+001
      vertex -6.000000e+000  8.800000e+000  8.000000e+000
      vertex  8.572528e-016  8.800000e+000  1.400000e+001
    endloop
  endfacet
  facet normal  0.000000e+000  1.000000e+000  0.000000e+000
    outer loop
      vertex  8.572528e-016  8.800000e+000  1.400000e+001
      vertex -6.000000e+000  8.800000e+000  8.000000e+000
      vertex -4.326238e+000  8.800000e+000  1.331479e+001
    endloop
  endfacet
  facet normal  -0.000000e+000  9.999999e-001  0.000000e+000
    outer loop
      vertex -6.000000e+000  8.800000e+000  8.000000e+000
      vertex -1.132624e+001  8.800000e+000  8.228993e+000
      vertex -4.326238e+000  8.800000e+000  1.331479e+001
    endloop
  endfacet
  facet normal  0.000000e+000  1.000000e+000  0.000000e+000
    outer loop
      vertex -4.326238e+000  8.800000e+000  1.331479e+001
      vertex -1.132624e+001  8.800000e+000  8.228993e+000
      vertex -8.228993e+000  8.800000e+000  1.132624e+001
    endloop
  endfacet
  facet normal  0.000000e+000  1.000000e+000  0.000000e+000
    outer loop
      vertex -6.000000e+000  8.800000e+000  8.000000e+000
      vertex  4.326238e+000  8.800000e+000  1.331479e+001
      vertex  6.000000e+000  8.800000e+000  8.000000e+000
    endloop
  endfacet
  facet normal  0.000000e+000  1.000000e+000  -0.000000e+000
    outer loop
      vertex  6.000000e+000  8.800000e+000  8.000000e+000
      vertex  4.326238e+000  8.800000e+000  1.331479e+001
      vertex  8.228993e+000  8.800000e+000  1.132624e+001
    endloop
  endfacet
  facet normal  0.000000e+000  1.000000e+000  0.000000e+000
    outer loop
      vertex  6.000000e+000  8.800000e+000  8.000000e+000
      vertex  8.228993e+000  8.800000e+000  1.132624e+001
      vertex  1.132624e+001  8.800000e+000  8.228993e+000
    endloop
  endfacet
  facet normal  0.000000e+000  1.000000e+000  -0.000000e+000
    outer loop
      vertex -6.000000e+000  8.800000e+000  8.000000e+000
      vertex -7.414214e+000  8.800000e+000  7.414214e+000
      vertex -1.132624e+001  8.800000e+000  8.228993e+000
    endloop
  endfacet
  facet normal  0.000000e+000  1.000000e+000  0.000000e+000
    outer loop
      vertex -1.132624e+001  8.800000e+000  8.228993e+000
      vertex -7.414214e+000  8.800000e+000  7.414214e+000
      vertex -8.000000e+000  8.800000e+000  6.000000e+000
    endloop
  endfacet
  facet normal  0.000000e+000  1.000000e+000  0.000000e+000
    outer loop
      vertex -1.132624e+001  8.800000e+000  8.228993e+000
      vertex -8.000000e+000  8.800000e+000  6.000000e+000
      vertex -1.331479e+001  8.800000e+000  4.326238e+000
    endloop
  endfacet
  facet normal  -0.000000e+000  1.000000e+000  0.000000e+000
    outer loop
      vertex -1.331479e+001  8.800000e+000  4.326238e+000
      vertex -8.000000e+000  8.800000e+000  6.000000e+000
      vertex -8.000000e+000  8.800000e+000 -6.000000e+000
    endloop
  endfacet
  facet normal  0.000000e+000  1.000000e+000  0.000000e+000
    outer loop
      vertex -1.331479e+001  8.800000e+000  4.326238e+000
      vertex -8.000000e+000  8.800000e+000 -6.000000e+000
      vertex -1.400000e+001  8.800000e+000  1.714506e-015
    endloop
  endfacet
  facet normal  0.000000e+000  1.000000e+000  0.000000e+000
    outer loop
      vertex  6.000000e+000  8.800000e+000  8.000000e+000
      vertex  1.132624e+001  8.800000e+000  8.228993e+000
      vertex  7.414214e+000  8.800000e+000  7.414214e+000
    endloop
  endfacet
  facet normal  -0.000000e+000  1.000000e+000  0.000000e+000
    outer loop
      vertex  7.414214e+000  8.800000e+000  7.414214e+000
      vertex  1.132624e+001  8.800000e+000  8.228993e+000
      vertex  1.331479e+001  8.800000e+000  4.326238e+000
    endloop
  endfacet
  facet normal  0.000000e+000  1.000000e+000  0.000000e+000
    outer loop
      vertex  7.414214e+000  8.800000e+000  7.414214e+000
      vertex  1.331479e+001  8.800000e+000  4.326238e+000
      vertex  8.000000e+000  8.800000e+000  6.000000e+000
    endloop
  endfacet
  facet normal -3.826834e-001  0.000000e+000 -9.238796e-001
    outer loop
      vertex -6.000000e+000  2.080000e+001 -8.000000e+000
      vertex -6.000000e+000  8.800000e+000 -8.000000e+000
      vertex -7.414214e+000  2.080000e+001 -7.414214e+000
    endloop
  endfacet
  facet normal -3.826834e-001  -0.000000e+000 -9.238796e-001
    outer loop
      vertex -7.414214e+000  2.080000e+001 -7.414214e+000
      vertex -6.000000e+000  8.800000e+000 -8.000000e+000
      vertex -7.414214e+000  8.800000e+000 -7.414214e+000
    endloop
  endfacet
  facet normal -9.238796e-001  0.000000e+000 -3.826834e-001
    outer loop
      vertex -7.414214e+000  2.080000e+001 -7.414214e+000
      vertex -7.414214e+000  8.800000e+000 -7.414214e+000
      vertex -8.000000e+000  2.080000e+001 -6.000000e+000
    endloop
  endfacet
  facet normal -9.238796e-001  -0.000000e+000 -3.826834e-001
    outer loop
      vertex -8.000000e+000  2.080000e+001 -6.000000e+000
      vertex -7.414214e+000  8.800000e+000 -7.414214e+000
      vertex -8.000000e+000  8.800000e+000 -6.000000e+000
    endloop
  endfacet
  facet normal -9.999999e-001  0.000000e+000  0.000000e+000
    outer loop
      vertex -8.000000e+000  8.800000e+000 -6.000000e+000
      vertex -8.000000e+000  8.800000e+000  6.000000e+000
      vertex -8.000000e+000  2.080000e+001 -6.000000e+000
    endloop
  endfacet
  facet normal -9.999999e-001  0.000000e+000  0.000000e+000
    outer loop
      vertex -8.000000e+000  2.080000e+001 -6.000000e+000
      vertex -8.000000e+000  8.800000e+000  6.000000e+000
      vertex -8.000000e+000  2.080000e+001  6.000000e+000
    endloop
  endfacet
  facet normal -9.238796e-001  0.000000e+000  3.826834e-001
    outer loop
      vertex -8.000000e+000  2.080000e+001  6.000000e+000
      vertex -8.000000e+000  8.800000e+000  6.000000e+000
      vertex -7.414214e+000  2.080000e+001  7.414214e+000
    endloop
  endfacet
  facet normal -9.238796e-001  0.000000e+000  3.826834e-001
    outer loop
      vertex -7.414214e+000  2.080000e+001  7.414214e+000
      vertex -8.000000e+000  8.800000e+000  6.000000e+000
      vertex -7.414214e+000  8.800000e+000  7.414214e+000
    endloop
  endfacet
  facet normal -3.826834e-001  0.000000e+000  9.238796e-001
    outer loop
      vertex -7.414214e+000  2.080000e+001  7.414214e+000
      vertex -7.414214e+000  8.800000e+000  7.414214e+000
      vertex -6.000000e+000  2.080000e+001  8.000000e+000
    endloop
  endfacet
  facet normal -3.826834e-001  0.000000e+000  9.238796e-001
    outer loop
      vertex -6.000000e+000  2.080000e+001  8.000000e+000
      vertex -7.414214e+000  8.800000e+000  7.414214e+000
      vertex -6.000000e+000  8.800000e+000  8.000000e+000
    endloop
  endfacet
  facet normal  9.238796e-001  0.000000e+000 -3.826834e-001
    outer loop
      vertex  8.000000e+000  2.080000e+001 -6.000000e+000
      vertex  8.000000e+000  8.800000e+000 -6.000000e+000
      vertex  7.414214e+000  2.080000e+001 -7.414214e+000
    endloop
  endfacet
  facet normal  9.238796e-001  0.000000e+000 -3.826834e-001
    outer loop
      vertex  7.414214e+000  2.080000e+001 -7.414214e+000
      vertex  8.000000e+000  8.800000e+000 -6.000000e+000
      vertex  7.414214e+000  8.800000e+000 -7.414214e+000
    endloop
  endfacet
  facet normal  3.826834e-001  0.000000e+000 -9.238796e-001
    outer loop
      vertex  7.414214e+000  2.080000e+001 -7.414214e+000
      vertex  7.414214e+000  8.800000e+000 -7.414214e+000
      vertex  6.000000e+000  2.080000e+001 -8.000000e+000
    endloop
  endfacet
  facet normal  3.826834e-001  0.000000e+000 -9.238796e-001
    outer loop
      vertex  6.000000e+000  2.080000e+001 -8.000000e+000
      vertex  7.414214e+000  8.800000e+000 -7.414214e+000
      vertex  6.000000e+000  8.800000e+000 -8.000000e+000
    endloop
  endfacet
  facet normal  0.000000e+000  0.000000e+000 -9.999999e-001
    outer loop
      vertex  6.000000e+000  8.800000e+000 -8.000000e+000
      vertex -6.000000e+000  8.800000e+000 -8.000000e+000
      vertex  6.000000e+000  2.080000e+001 -8.000000e+000
    endloop
  endfacet
  facet normal  -0.000000e+000  0.000000e+000 -9.999999e-001
    outer loop
      vertex  6.000000e+000  2.080000e+001 -8.000000e+000
      vertex -6.000000e+000  8.800000e+000 -8.000000e+000
      vertex -6.000000e+000  2.080000e+001 -8.000000e+000
    endloop
  endfacet
  facet normal  0.000000e+000  0.000000e+000  9.999999e-001
    outer loop
      vertex -6.000000e+000  8.800000e+000  8.000000e+000
      vertex  6.000000e+000  8.800000e+000  8.000000e+000
      vertex -6.000000e+000  2.080000e+001  8.000000e+000
    endloop
  endfacet
  facet normal  -0.000000e+000  0.000000e+000  9.999999e-001
    outer loop
      vertex -6.000000e+000  2.080000e+001  8.000000e+000
      vertex  6.000000e+000  8.800000e+000  8.000000e+000
      vertex  6.000000e+000  2.080000e+001  8.000000e+000
    endloop
  endfacet
  facet normal  9.999999e-001  0.000000e+000  0.000000e+000
    outer loop
      vertex  8.000000e+000  8.800000e+000  6.000000e+000
      vertex  8.000000e+000  8.800000e+000 -6.000000e+000
      vertex  8.000000e+000  2.080000e+001  6.000000e+000
    endloop
  endfacet
  facet normal  9.999999e-001  0.000000e+000  0.000000e+000
    outer loop
      vertex  8.000000e+000  2.080000e+001  6.000000e+000
      vertex  8.000000e+000  8.800000e+000 -6.000000e+000
      vertex  8.000000e+000  2.080000e+001 -6.000000e+000
    endloop
  endfacet
  facet normal  3.826834e-001  -0.000000e+000  9.238796e-001
    outer loop
      vertex  6.000000e+000  2.080000e+001  8.000000e+000
      vertex  6.000000e+000  8.800000e+000  8.000000e+000
      vertex  7.414214e+000  2.080000e+001  7.414214e+000
    endloop
  endfacet
  facet normal  3.826834e-001  0.000000e+000  9.238796e-001
    outer loop
      vertex  7.414214e+000  2.080000e+001  7.414214e+000
      vertex  6.000000e+000  8.800000e+000  8.000000e+000
      vertex  7.414214e+000  8.800000e+000  7.414214e+000
    endloop
  endfacet
  facet normal  9.238796e-001  -0.000000e+000  3.826834e-001
    outer loop
      vertex  7.414214e+000  2.080000e+001  7.414214e+000
      vertex  7.414214e+000  8.800000e+000  7.414214e+000
      vertex  8.000000e+000  2.080000e+001  6.000000e+000
    endloop
  endfacet
  facet normal  9.238796e-001  0.000000e+000  3.826834e-001
    outer loop
      vertex  8.000000e+000  2.080000e+001  6.000000e+000
      vertex  7.414214e+000  8.800000e+000  7.414214e+000
      vertex  8.000000e+000  8.800000e+000  6.000000e+000
    endloop
  endfacet
  facet normal -2.588162e-001  0.000000e+000  9.659266e-001
    outer loop
      vertex -1.824944e+000  2.380000e+001  3.290896e+000
      vertex -1.824944e+000  3.380000e+001  3.290896e+000
      vertex -1.889944e+000  2.380000e+001  3.273480e+000
    endloop
  endfacet
  facet normal -2.588162e-001  0.000000e+000  9.659266e-001
    outer loop
      vertex -1.889944e+000  2.380000e+001  3.273480e+000
      vertex -1.824944e+000  3.380000e+001  3.290896e+000
      vertex -1.889944e+000  3.380000e+001  3.273480e+000
    endloop
  endfacet
  facet normal -7.071068e-001  0.000000e+000  7.071068e-001
    outer loop
      vertex -1.889944e+000  2.380000e+001  3.273480e+000
      vertex -1.889944e+000  3.380000e+001  3.273480e+000
      vertex -1.937528e+000  2.380000e+001  3.225897e+000
    endloop
  endfacet
  facet normal -7.071068e-001  0.000000e+000  7.071068e-001
    outer loop
      vertex -1.937528e+000  2.380000e+001  3.225897e+000
      vertex -1.889944e+000  3.380000e+001  3.273480e+000
      vertex -1.937528e+000  3.380000e+001  3.225897e+000
    endloop
  endfacet
  facet normal -8.660254e-001  0.000000e+000  5.000000e-001
    outer loop
      vertex -3.762472e+000  2.380000e+001  6.500000e-002
      vertex -1.937528e+000  2.380000e+001  3.225897e+000
      vertex -3.762472e+000  3.380000e+001  6.500000e-002
    endloop
  endfacet
  facet normal -8.660254e-001  0.000000e+000  5.000000e-001
    outer loop
      vertex -3.762472e+000  3.380000e+001  6.500000e-002
      vertex -1.937528e+000  2.380000e+001  3.225897e+000
      vertex -1.937528e+000  3.380000e+001  3.225897e+000
    endloop
  endfacet
  facet normal  0.000000e+000  0.000000e+000  9.999999e-001
    outer loop
      vertex -1.824944e+000  2.380000e+001  3.290896e+000
      vertex  1.824944e+000  2.380000e+001  3.290896e+000
      vertex -1.824944e+000  3.380000e+001  3.290896e+000
    endloop
  endfacet
  facet normal  -0.000000e+000  0.000000e+000  9.999999e-001
    outer loop
      vertex -1.824944e+000  3.380000e+001  3.290896e+000
      vertex  1.824944e+000  2.380000e+001  3.290896e+000
      vertex  1.824944e+000  3.380000e+001  3.290896e+000
    endloop
  endfacet
  facet normal  0.000000e+000  1.000000e+000  0.000000e+000
    outer loop
      vertex -8.000000e+000  2.080000e+001 -6.000000e+000
      vertex -6.769734e+000  2.080000e+001  2.519290e-001
      vertex -6.360548e+000  2.080000e+001 -1.565000e+000
    endloop
  endfacet
  facet normal  0.000000e+000  1.000000e+000  0.000000e+000
    outer loop
      vertex -8.000000e+000  2.080000e+001 -6.000000e+000
      vertex -6.360548e+000  2.080000e+001 -1.565000e+000
      vertex -4.535604e+000  2.080000e+001 -4.725896e+000
    endloop
  endfacet
  facet normal  0.000000e+000  1.000000e+000  0.000000e+000
    outer loop
      vertex -8.000000e+000  2.080000e+001 -6.000000e+000
      vertex -4.535604e+000  2.080000e+001 -4.725896e+000
      vertex -3.603044e+000  2.080000e+001 -5.736797e+000
    endloop
  endfacet
  facet normal  0.000000e+000  9.999999e-001  0.000000e+000
    outer loop
      vertex -8.000000e+000  2.080000e+001 -6.000000e+000
      vertex -3.603044e+000  2.080000e+001 -5.736797e+000
      vertex -1.824945e+000  2.080000e+001 -6.290896e+000
    endloop
  endfacet
  facet normal  0.000000e+000  1.000000e+000  0.000000e+000
    outer loop
      vertex -8.000000e+000  2.080000e+001 -6.000000e+000
      vertex -1.824945e+000  2.080000e+001 -6.290896e+000
      vertex -7.414214e+000  2.080000e+001 -7.414214e+000
    endloop
  endfacet
  facet normal  0.000000e+000  1.000000e+000  0.000000e+000
    outer loop
      vertex -8.000000e+000  2.080000e+001  6.000000e+000
      vertex -7.414214e+000  2.080000e+001  7.414214e+000
      vertex -1.824944e+000  2.080000e+001  6.290896e+000
    endloop
  endfacet
  facet normal  0.000000e+000  1.000000e+000  0.000000e+000
    outer loop
      vertex -8.000000e+000  2.080000e+001  6.000000e+000
      vertex -1.824944e+000  2.080000e+001  6.290896e+000
      vertex -3.166690e+000  2.080000e+001  5.988726e+000
    endloop
  endfacet
  facet normal  0.000000e+000  1.000000e+000  0.000000e+000
    outer loop
      vertex -8.000000e+000  2.080000e+001  6.000000e+000
      vertex -3.166690e+000  2.080000e+001  5.988726e+000
      vertex -4.535604e+000  2.080000e+001  4.725897e+000
    endloop
  endfacet
  facet normal  0.000000e+000  9.999999e-001  0.000000e+000
    outer loop
      vertex -8.000000e+000  2.080000e+001  6.000000e+000
      vertex -4.535604e+000  2.080000e+001  4.725897e+000
      vertex -6.360548e+000  2.080000e+001  1.565000e+000
    endloop
  endfacet
  facet normal  0.000000e+000  9.999999e-001  0.000000e+000
    outer loop
      vertex -8.000000e+000  2.080000e+001  6.000000e+000
      vertex -6.360548e+000  2.080000e+001  1.565000e+000
      vertex -6.769734e+000  2.080000e+001  2.519290e-001
    endloop
  endfacet
  facet normal  0.000000e+000  1.000000e+000  0.000000e+000
    outer loop
      vertex -8.000000e+000  2.080000e+001  6.000000e+000
      vertex -6.769734e+000  2.080000e+001  2.519290e-001
      vertex -8.000000e+000  2.080000e+001 -6.000000e+000
    endloop
  endfacet
  facet normal  0.000000e+000  1.000000e+000  -0.000000e+000
    outer loop
      vertex  8.000000e+000  2.080000e+001 -6.000000e+000
      vertex  7.414214e+000  2.080000e+001 -7.414214e+000
      vertex  1.824944e+000  2.080000e+001 -6.290896e+000
    endloop
  endfacet
  facet normal  0.000000e+000  1.000000e+000  0.000000e+000
    outer loop
      vertex  8.000000e+000  2.080000e+001 -6.000000e+000
      vertex  1.824944e+000  2.080000e+001 -6.290896e+000
      vertex  3.166690e+000  2.080000e+001 -5.988726e+000
    endloop
  endfacet
  facet normal  -0.000000e+000  1.000000e+000  0.000000e+000
    outer loop
      vertex  8.000000e+000  2.080000e+001 -6.000000e+000
      vertex  3.166690e+000  2.080000e+001 -5.988726e+000
      vertex  4.535604e+000  2.080000e+001 -4.725897e+000
    endloop
  endfacet
  facet normal  -0.000000e+000  9.999999e-001  0.000000e+000
    outer loop
      vertex  8.000000e+000  2.080000e+001 -6.000000e+000
      vertex  4.535604e+000  2.080000e+001 -4.725897e+000
      vertex  6.360548e+000  2.080000e+001 -1.565000e+000
    endloop
  endfacet
  facet normal  -0.000000e+000  9.999999e-001  0.000000e+000
    outer loop
      vertex  8.000000e+000  2.080000e+001 -6.000000e+000
      vertex  6.360548e+000  2.080000e+001 -1.565000e+000
      vertex  6.769734e+000  2.080000e+001 -2.519290e-001
    endloop
  endfacet
  facet normal  0.000000e+000  1.000000e+000  -0.000000e+000
    outer loop
      vertex  8.000000e+000  2.080000e+001  6.000000e+000
      vertex  8.000000e+000  2.080000e+001 -6.000000e+000
      vertex  6.769734e+000  2.080000e+001 -2.519290e-001
    endloop
  endfacet
  facet normal  0.000000e+000  1.000000e+000  -0.000000e+000
    outer loop
      vertex  8.000000e+000  2.080000e+001  6.000000e+000
      vertex  6.769734e+000  2.080000e+001 -2.519290e-001
      vertex  6.360548e+000  2.080000e+001  1.565000e+000
    endloop
  endfacet
  facet normal  0.000000e+000  1.000000e+000  -0.000000e+000
    outer loop
      vertex  8.000000e+000  2.080000e+001  6.000000e+000
      vertex  6.360548e+000  2.080000e+001  1.565000e+000
      vertex  4.535604e+000  2.080000e+001  4.725896e+000
    endloop
  endfacet
  facet normal  0.000000e+000  1.000000e+000  -0.000000e+000
    outer loop
      vertex  8.000000e+000  2.080000e+001  6.000000e+000
      vertex  4.535604e+000  2.080000e+001  4.725896e+000
      vertex  3.603044e+000  2.080000e+001  5.736797e+000
    endloop
  endfacet
  facet normal  0.000000e+000  9.999999e-001  -0.000000e+000
    outer loop
      vertex  8.000000e+000  2.080000e+001  6.000000e+000
      vertex  3.603044e+000  2.080000e+001  5.736797e+000
      vertex  1.824945e+000  2.080000e+001  6.290896e+000
    endloop
  endfacet
  facet normal  -0.000000e+000  1.000000e+000  0.000000e+000
    outer loop
      vertex  8.000000e+000  2.080000e+001  6.000000e+000
      vertex  1.824945e+000  2.080000e+001  6.290896e+000
      vertex  7.414214e+000  2.080000e+001  7.414214e+000
    endloop
  endfacet
  facet normal  0.000000e+000  1.000000e+000  0.000000e+000
    outer loop
      vertex  6.000000e+000  2.080000e+001 -8.000000e+000
      vertex -6.000000e+000  2.080000e+001 -8.000000e+000
      vertex  7.414214e+000  2.080000e+001 -7.414214e+000
    endloop
  endfacet
  facet normal  0.000000e+000  1.000000e+000  0.000000e+000
    outer loop
      vertex  7.414214e+000  2.080000e+001 -7.414214e+000
      vertex -6.000000e+000  2.080000e+001 -8.000000e+000
      vertex  1.824944e+000  2.080000e+001 -6.290896e+000
    endloop
  endfacet
  facet normal  -0.000000e+000  1.000000e+000  0.000000e+000
    outer loop
      vertex -6.000000e+000  2.080000e+001 -8.000000e+000
      vertex -7.414214e+000  2.080000e+001 -7.414214e+000
      vertex  1.824944e+000  2.080000e+001 -6.290896e+000
    endloop
  endfacet
  facet normal  0.000000e+000  1.000000e+000  0.000000e+000
    outer loop
      vertex  1.824944e+000  2.080000e+001 -6.290896e+000
      vertex -7.414214e+000  2.080000e+001 -7.414214e+000
      vertex -1.824945e+000  2.080000e+001 -6.290896e+000
    endloop
  endfacet
  facet normal  0.000000e+000  1.000000e+000  0.000000e+000
    outer loop
      vertex  7.414214e+000  2.080000e+001  7.414214e+000
      vertex  1.824945e+000  2.080000e+001  6.290896e+000
      vertex  6.000000e+000  2.080000e+001  8.000000e+000
    endloop
  endfacet
  facet normal  0.000000e+000  1.000000e+000  0.000000e+000
    outer loop
      vertex  6.000000e+000  2.080000e+001  8.000000e+000
      vertex  1.824945e+000  2.080000e+001  6.290896e+000
      vertex -6.000000e+000  2.080000e+001  8.000000e+000
    endloop
  endfacet
  facet normal  0.000000e+000  1.000000e+000  -0.000000e+000
    outer loop
      vertex  1.824945e+000  2.080000e+001  6.290896e+000
      vertex -1.824944e+000  2.080000e+001  6.290896e+000
      vertex -6.000000e+000  2.080000e+001  8.000000e+000
    endloop
  endfacet
  facet normal  0.000000e+000  1.000000e+000  0.000000e+000
    outer loop
      vertex -6.000000e+000  2.080000e+001  8.000000e+000
      vertex -1.824944e+000  2.080000e+001  6.290896e+000
      vertex -7.414214e+000  2.080000e+001  7.414214e+000
    endloop
  endfacet
  facet normal -9.659258e-001  0.000000e+000  2.588193e-001
    outer loop
      vertex -3.762472e+000  2.380000e+001  6.500000e-002
      vertex -3.762472e+000  3.380000e+001  6.500000e-002
      vertex -3.779889e+000  2.380000e+001  1.949829e-015
    endloop
  endfacet
  facet normal -9.659258e-001  6.981331e-020  2.588193e-001
    outer loop
      vertex -3.779889e+000  2.380000e+001  1.949829e-015
      vertex -3.762472e+000  3.380000e+001  6.500000e-002
      vertex -3.779889e+000  3.380000e+001  1.947132e-015
    endloop
  endfacet
  facet normal -9.659258e-001 -6.981331e-020 -2.588193e-001
    outer loop
      vertex -3.779889e+000  2.380000e+001  1.949829e-015
      vertex -3.779889e+000  3.380000e+001  1.947132e-015
      vertex -3.762472e+000  2.380000e+001 -6.500000e-002
    endloop
  endfacet
  facet normal -9.659258e-001  0.000000e+000 -2.588193e-001
    outer loop
      vertex -3.762472e+000  2.380000e+001 -6.500000e-002
      vertex -3.779889e+000  3.380000e+001  1.947132e-015
      vertex -3.762472e+000  3.380000e+001 -6.500000e-002
    endloop
  endfacet
  facet normal -8.660254e-001  0.000000e+000 -5.000000e-001
    outer loop
      vertex -1.937528e+000  2.380000e+001 -3.225897e+000
      vertex -3.762472e+000  2.380000e+001 -6.500000e-002
      vertex -1.937528e+000  3.380000e+001 -3.225897e+000
    endloop
  endfacet
  facet normal -8.660254e-001  0.000000e+000 -5.000000e-001
    outer loop
      vertex -1.937528e+000  3.380000e+001 -3.225897e+000
      vertex -3.762472e+000  2.380000e+001 -6.500000e-002
      vertex -3.762472e+000  3.380000e+001 -6.500000e-002
    endloop
  endfacet
  facet normal -7.071068e-001  -0.000000e+000 -7.071068e-001
    outer loop
      vertex -1.937528e+000  2.380000e+001 -3.225897e+000
      vertex -1.937528e+000  3.380000e+001 -3.225897e+000
      vertex -1.889944e+000  2.380000e+001 -3.273480e+000
    endloop
  endfacet
  facet normal -7.071068e-001  0.000000e+000 -7.071068e-001
    outer loop
      vertex -1.889944e+000  2.380000e+001 -3.273480e+000
      vertex -1.937528e+000  3.380000e+001 -3.225897e+000
      vertex -1.889944e+000  3.380000e+001 -3.273480e+000
    endloop
  endfacet
  facet normal -2.588162e-001  -0.000000e+000 -9.659266e-001
    outer loop
      vertex -1.889944e+000  2.380000e+001 -3.273480e+000
      vertex -1.889944e+000  3.380000e+001 -3.273480e+000
      vertex -1.824944e+000  2.380000e+001 -3.290896e+000
    endloop
  endfacet
  facet normal -2.588162e-001  0.000000e+000 -9.659266e-001
    outer loop
      vertex -1.824944e+000  2.380000e+001 -3.290896e+000
      vertex -1.889944e+000  3.380000e+001 -3.273480e+000
      vertex -1.824944e+000  3.380000e+001 -3.290896e+000
    endloop
  endfacet
  facet normal  0.000000e+000  0.000000e+000 -9.999999e-001
    outer loop
      vertex  1.824944e+000  2.380000e+001 -3.290896e+000
      vertex -1.824944e+000  2.380000e+001 -3.290896e+000
      vertex  1.824944e+000  3.380000e+001 -3.290896e+000
    endloop
  endfacet
  facet normal  -0.000000e+000  0.000000e+000 -9.999999e-001
    outer loop
      vertex  1.824944e+000  3.380000e+001 -3.290896e+000
      vertex -1.824944e+000  2.380000e+001 -3.290896e+000
      vertex -1.824944e+000  3.380000e+001 -3.290896e+000
    endloop
  endfacet
  facet normal  2.588162e-001  0.000000e+000 -9.659266e-001
    outer loop
      vertex  1.824944e+000  2.380000e+001 -3.290896e+000
      vertex  1.824944e+000  3.380000e+001 -3.290896e+000
      vertex  1.889944e+000  2.380000e+001 -3.273480e+000
    endloop
  endfacet
  facet normal  2.588162e-001  0.000000e+000 -9.659266e-001
    outer loop
      vertex  1.889944e+000  2.380000e+001 -3.273480e+000
      vertex  1.824944e+000  3.380000e+001 -3.290896e+000
      vertex  1.889944e+000  3.380000e+001 -3.273480e+000
    endloop
  endfacet
  facet normal  7.071068e-001  0.000000e+000 -7.071068e-001
    outer loop
      vertex  1.889944e+000  2.380000e+001 -3.273480e+000
      vertex  1.889944e+000  3.380000e+001 -3.273480e+000
      vertex  1.937528e+000  2.380000e+001 -3.225897e+000
    endloop
  endfacet
  facet normal  7.071068e-001  0.000000e+000 -7.071068e-001
    outer loop
      vertex  1.937528e+000  2.380000e+001 -3.225897e+000
      vertex  1.889944e+000  3.380000e+001 -3.273480e+000
      vertex  1.937528e+000  3.380000e+001 -3.225897e+000
    endloop
  endfacet
  facet normal  8.660254e-001  0.000000e+000 -5.000000e-001
    outer loop
      vertex  3.762472e+000  2.380000e+001 -6.500000e-002
      vertex  1.937528e+000  2.380000e+001 -3.225897e+000
      vertex  3.762472e+000  3.380000e+001 -6.500000e-002
    endloop
  endfacet
  facet normal  8.660254e-001  0.000000e+000 -5.000000e-001
    outer loop
      vertex  3.762472e+000  3.380000e+001 -6.500000e-002
      vertex  1.937528e+000  2.380000e+001 -3.225897e+000
      vertex  1.937528e+000  3.380000e+001 -3.225897e+000
    endloop
  endfacet
  facet normal  9.659258e-001  0.000000e+000 -2.588193e-001
    outer loop
      vertex  3.762472e+000  2.380000e+001 -6.500000e-002
      vertex  3.762472e+000  3.380000e+001 -6.500000e-002
      vertex  3.779889e+000  2.380000e+001  5.065393e-016
    endloop
  endfacet
  facet normal  9.659258e-001  5.772752e-019 -2.588193e-001
    outer loop
      vertex  3.779889e+000  2.380000e+001  5.065393e-016
      vertex  3.762472e+000  3.380000e+001 -6.500000e-002
      vertex  3.779889e+000  3.380000e+001  5.288434e-016
    endloop
  endfacet
  facet normal  9.659258e-001 -5.772752e-019  2.588193e-001
    outer loop
      vertex  3.779889e+000  2.380000e+001  5.065393e-016
      vertex  3.779889e+000  3.380000e+001  5.288434e-016
      vertex  3.762472e+000  2.380000e+001  6.500000e-002
    endloop
  endfacet
  facet normal  9.659258e-001  -0.000000e+000  2.588193e-001
    outer loop
      vertex  3.762472e+000  2.380000e+001  6.500000e-002
      vertex  3.779889e+000  3.380000e+001  5.288434e-016
      vertex  3.762472e+000  3.380000e+001  6.500000e-002
    endloop
  endfacet
  facet normal  8.660254e-001  0.000000e+000  5.000000e-001
    outer loop
      vertex  1.937528e+000  2.380000e+001  3.225897e+000
      vertex  3.762472e+000  2.380000e+001  6.500000e-002
      vertex  1.937528e+000  3.380000e+001  3.225897e+000
    endloop
  endfacet
  facet normal  8.660254e-001  0.000000e+000  5.000000e-001
    outer loop
      vertex  1.937528e+000  3.380000e+001  3.225897e+000
      vertex  3.762472e+000  2.380000e+001  6.500000e-002
      vertex  3.762472e+000  3.380000e+001  6.500000e-002
    endloop
  endfacet
  facet normal  7.071068e-001  0.000000e+000  7.071068e-001
    outer loop
      vertex  1.937528e+000  2.380000e+001  3.225897e+000
      vertex  1.937528e+000  3.380000e+001  3.225897e+000
      vertex  1.889944e+000  2.380000e+001  3.273480e+000
    endloop
  endfacet
  facet normal  7.071068e-001  -0.000000e+000  7.071068e-001
    outer loop
      vertex  1.889944e+000  2.380000e+001  3.273480e+000
      vertex  1.937528e+000  3.380000e+001  3.225897e+000
      vertex  1.889944e+000  3.380000e+001  3.273480e+000
    endloop
  endfacet
  facet normal  2.588162e-001  0.000000e+000  9.659266e-001
    outer loop
      vertex  1.889944e+000  2.380000e+001  3.273480e+000
      vertex  1.889944e+000  3.380000e+001  3.273480e+000
      vertex  1.824944e+000  2.380000e+001  3.290896e+000
    endloop
  endfacet
  facet normal  2.588162e-001  -0.000000e+000  9.659266e-001
    outer loop
      vertex  1.824944e+000  2.380000e+001  3.290896e+000
      vertex  1.889944e+000  3.380000e+001  3.273480e+000
      vertex  1.824944e+000  3.380000e+001  3.290896e+000
    endloop
  endfacet
  facet normal  8.431610e-002  9.590011e-001  2.705694e-001
    outer loop
      vertex  3.603044e+000  2.080000e+001  5.736797e+000
      vertex  2.382437e+000  2.120192e+001  4.692595e+000
      vertex  1.824945e+000  2.080000e+001  6.290896e+000
    endloop
  endfacet
  facet normal  4.558931e-002  9.649215e-001  2.585501e-001
    outer loop
      vertex  2.382437e+000  2.120192e+001  4.692595e+000
      vertex  1.824944e+000  2.120192e+001  4.790896e+000
      vertex  1.824945e+000  2.080000e+001  6.290896e+000
    endloop
  endfacet
  facet normal  1.679012e-001  2.551449e-001  9.522135e-001
    outer loop
      vertex  1.824944e+000  2.230000e+001  3.692820e+000
      vertex  2.006873e+000  2.230000e+001  3.660741e+000
      vertex  1.824944e+000  2.380000e+001  3.290896e+000
    endloop
  endfacet
  facet normal  2.498968e-001  2.602633e-001  9.326385e-001
    outer loop
      vertex  2.006873e+000  2.230000e+001  3.660741e+000
      vertex  1.889944e+000  2.380000e+001  3.273480e+000
      vertex  1.824944e+000  2.380000e+001  3.290896e+000
    endloop
  endfacet
  facet normal  6.827382e-001  2.602633e-001  6.827382e-001
    outer loop
      vertex  1.889944e+000  2.380000e+001  3.273480e+000
      vertex  2.166858e+000  2.230000e+001  3.568374e+000
      vertex  1.937528e+000  2.380000e+001  3.225897e+000
    endloop
  endfacet
  facet normal  1.282441e-001  9.665475e-001  2.221250e-001
    outer loop
      vertex  2.872688e+000  2.120192e+001  4.409549e+000
      vertex  2.382437e+000  2.120192e+001  4.692595e+000
      vertex  3.603044e+000  2.080000e+001  5.736797e+000
    endloop
  endfacet
  facet normal  4.836085e-001  2.539539e-001  8.376337e-001
    outer loop
      vertex  2.166858e+000  2.230000e+001  3.568374e+000
      vertex  1.889944e+000  2.380000e+001  3.273480e+000
      vertex  2.006873e+000  2.230000e+001  3.660741e+000
    endloop
  endfacet
  facet normal  7.406901e-001  2.551447e-001  6.215137e-001
    outer loop
      vertex  1.937528e+000  2.380000e+001  3.225897e+000
      vertex  2.166858e+000  2.230000e+001  3.568374e+000
      vertex  2.285604e+000  2.230000e+001  3.426858e+000
    endloop
  endfacet
  facet normal  5.458049e-001  7.016740e-001  4.579853e-001
    outer loop
      vertex  2.285604e+000  2.230000e+001  3.426858e+000
      vertex  2.166858e+000  2.230000e+001  3.568374e+000
      vertex  2.872688e+000  2.120192e+001  4.409549e+000
    endloop
  endfacet
  facet normal  5.458052e-001  7.016739e-001  4.579851e-001
    outer loop
      vertex  2.285604e+000  2.230000e+001  3.426858e+000
      vertex  2.872688e+000  2.120192e+001  4.409549e+000
      vertex  3.236566e+000  2.120192e+001  3.975897e+000
    endloop
  endfacet
  facet normal  2.096370e-001  9.618259e-001  1.759064e-001
    outer loop
      vertex  3.236566e+000  2.120192e+001  3.975897e+000
      vertex  2.872688e+000  2.120192e+001  4.409549e+000
      vertex  3.603044e+000  2.080000e+001  5.736797e+000
    endloop
  endfacet
  facet normal  1.946697e-001  9.642891e-001  1.795836e-001
    outer loop
      vertex  3.236566e+000  2.120192e+001  3.975897e+000
      vertex  3.603044e+000  2.080000e+001  5.736797e+000
      vertex  4.535604e+000  2.080000e+001  4.725896e+000
    endloop
  endfacet
  facet normal  3.562493e-001  7.016739e-001  6.170413e-001
    outer loop
      vertex  2.166858e+000  2.230000e+001  3.568374e+000
      vertex  2.006873e+000  2.230000e+001  3.660741e+000
      vertex  2.872688e+000  2.120192e+001  4.409549e+000
    endloop
  endfacet
  facet normal  3.562493e-001  7.016740e-001  6.170413e-001
    outer loop
      vertex  2.872688e+000  2.120192e+001  4.409549e+000
      vertex  2.006873e+000  2.230000e+001  3.660741e+000
      vertex  2.382437e+000  2.120192e+001  4.692595e+000
    endloop
  endfacet
  facet normal  1.237242e-001  7.016740e-001  7.016736e-001
    outer loop
      vertex  2.006873e+000  2.230000e+001  3.660741e+000
      vertex  1.824944e+000  2.230000e+001  3.692820e+000
      vertex  2.382437e+000  2.120192e+001  4.692595e+000
    endloop
  endfacet
  facet normal  1.237239e-001  7.016739e-001  7.016737e-001
    outer loop
      vertex  2.382437e+000  2.120192e+001  4.692595e+000
      vertex  1.824944e+000  2.230000e+001  3.692820e+000
      vertex  1.824944e+000  2.120192e+001  4.790896e+000
    endloop
  endfacet
  facet normal  2.241441e-001  9.659258e-001  1.294096e-001
    outer loop
      vertex  5.061511e+000  2.120192e+001  8.149999e-001
      vertex  4.535604e+000  2.080000e+001  4.725896e+000
      vertex  6.360548e+000  2.080000e+001  1.565000e+000
    endloop
  endfacet
  facet normal  2.241441e-001  9.659258e-001  1.294096e-001
    outer loop
      vertex  4.535604e+000  2.080000e+001  4.725896e+000
      vertex  5.061511e+000  2.120192e+001  8.149999e-001
      vertex  3.236566e+000  2.120192e+001  3.975897e+000
    endloop
  endfacet
  facet normal  6.123723e-001  7.071069e-001  3.535534e-001
    outer loop
      vertex  3.236566e+000  2.120192e+001  3.975897e+000
      vertex  5.061511e+000  2.120192e+001  8.149999e-001
      vertex  4.110548e+000  2.230000e+001  2.659619e-001
    endloop
  endfacet
  facet normal  6.123723e-001  7.071069e-001  3.535534e-001
    outer loop
      vertex  3.236566e+000  2.120192e+001  3.975897e+000
      vertex  4.110548e+000  2.230000e+001  2.659619e-001
      vertex  2.285604e+000  2.230000e+001  3.426858e+000
    endloop
  endfacet
  facet normal  8.365163e-001  2.588191e-001  4.829629e-001
    outer loop
      vertex  2.285604e+000  2.230000e+001  3.426858e+000
      vertex  4.110548e+000  2.230000e+001  2.659619e-001
      vertex  3.762472e+000  2.380000e+001  6.500000e-002
    endloop
  endfacet
  facet normal  8.365163e-001  2.588190e-001  4.829628e-001
    outer loop
      vertex  2.285604e+000  2.230000e+001  3.426858e+000
      vertex  3.762472e+000  2.380000e+001  6.500000e-002
      vertex  1.937528e+000  2.380000e+001  3.225897e+000
    endloop
  endfacet
  facet normal  2.764780e-001  9.590011e-001  6.226482e-002
    outer loop
      vertex  6.769734e+000  2.080000e+001 -2.519290e-001
      vertex  5.255126e+000  2.120192e+001  2.830465e-001
      vertex  6.360548e+000  2.080000e+001  1.565000e+000
    endloop
  endfacet
  facet normal  2.467058e-001  9.649215e-001  8.979344e-002
    outer loop
      vertex  5.255126e+000  2.120192e+001  2.830465e-001
      vertex  5.061511e+000  2.120192e+001  8.149999e-001
      vertex  6.360548e+000  2.080000e+001  1.565000e+000
    endloop
  endfacet
  facet normal  9.085912e-001  2.551449e-001  3.307010e-001
    outer loop
      vertex  4.110548e+000  2.230000e+001  2.659619e-001
      vertex  4.173732e+000  2.230000e+001  9.236757e-002
      vertex  3.762472e+000  2.380000e+001  6.500000e-002
    endloop
  endfacet
  facet normal  9.326376e-001  2.602636e-001  2.498998e-001
    outer loop
      vertex  4.173732e+000  2.230000e+001  9.236757e-002
      vertex  3.779889e+000  2.380000e+001  5.065393e-016
      vertex  3.762472e+000  2.380000e+001  6.500000e-002
    endloop
  endfacet
  facet normal  9.326377e-001  2.602636e-001 -2.498998e-001
    outer loop
      vertex  3.779889e+000  2.380000e+001  5.065393e-016
      vertex  4.173732e+000  2.230000e+001 -9.236760e-002
      vertex  3.762472e+000  2.380000e+001 -6.500000e-002
    endloop
  endfacet
  facet normal  2.564879e-001  9.665474e-001  0.000000e+000
    outer loop
      vertex  5.255126e+000  2.120192e+001 -2.830466e-001
      vertex  5.255126e+000  2.120192e+001  2.830465e-001
      vertex  6.769734e+000  2.080000e+001 -2.519290e-001
    endloop
  endfacet
  facet normal  9.672163e-001  2.539542e-001  0.000000e+000
    outer loop
      vertex  4.173732e+000  2.230000e+001 -9.236760e-002
      vertex  3.779889e+000  2.380000e+001  5.065393e-016
      vertex  4.173732e+000  2.230000e+001  9.236757e-002
    endloop
  endfacet
  facet normal  9.085912e-001  2.551449e-001 -3.307010e-001
    outer loop
      vertex  3.762472e+000  2.380000e+001 -6.500000e-002
      vertex  4.173732e+000  2.230000e+001 -9.236760e-002
      vertex  4.110548e+000  2.230000e+001 -2.659619e-001
    endloop
  endfacet
  facet normal  6.695292e-001  7.016738e-001 -2.436893e-001
    outer loop
      vertex  4.110548e+000  2.230000e+001 -2.659619e-001
      vertex  4.173732e+000  2.230000e+001 -9.236760e-002
      vertex  5.255126e+000  2.120192e+001 -2.830466e-001
    endloop
  endfacet
  facet normal  6.695294e-001  7.016740e-001 -2.436884e-001
    outer loop
      vertex  4.110548e+000  2.230000e+001 -2.659619e-001
      vertex  5.255126e+000  2.120192e+001 -2.830466e-001
      vertex  5.061511e+000  2.120192e+001 -8.150000e-001
    endloop
  endfacet
  facet normal  2.571580e-001  9.618260e-001 -9.359773e-002
    outer loop
      vertex  5.061511e+000  2.120192e+001 -8.150000e-001
      vertex  5.255126e+000  2.120192e+001 -2.830466e-001
      vertex  6.769734e+000  2.080000e+001 -2.519290e-001
    endloop
  endfacet
  facet normal  2.528588e-001  9.642891e-001 -7.879706e-002
    outer loop
      vertex  5.061511e+000  2.120192e+001 -8.150000e-001
      vertex  6.769734e+000  2.080000e+001 -2.519290e-001
      vertex  6.360548e+000  2.080000e+001 -1.565000e+000
    endloop
  endfacet
  facet normal  7.124982e-001  7.016739e-001  0.000000e+000
    outer loop
      vertex  4.173732e+000  2.230000e+001 -9.236760e-002
      vertex  4.173732e+000  2.230000e+001  9.236757e-002
      vertex  5.255126e+000  2.120192e+001 -2.830466e-001
    endloop
  endfacet
  facet normal  7.124983e-001  7.016739e-001  -0.000000e+000
    outer loop
      vertex  5.255126e+000  2.120192e+001 -2.830466e-001
      vertex  4.173732e+000  2.230000e+001  9.236757e-002
      vertex  5.255126e+000  2.120192e+001  2.830465e-001
    endloop
  endfacet
  facet normal  6.695292e-001  7.016737e-001  2.436893e-001
    outer loop
      vertex  4.173732e+000  2.230000e+001  9.236757e-002
      vertex  4.110548e+000  2.230000e+001  2.659619e-001
      vertex  5.255126e+000  2.120192e+001  2.830465e-001
    endloop
  endfacet
  facet normal  6.695294e-001  7.016740e-001  2.436884e-001
    outer loop
      vertex  5.255126e+000  2.120192e+001  2.830465e-001
      vertex  4.110548e+000  2.230000e+001  2.659619e-001
      vertex  5.061511e+000  2.120192e+001  8.149999e-001
    endloop
  endfacet
  facet normal  2.241440e-001  9.659258e-001 -1.294096e-001
    outer loop
      vertex  3.236566e+000  2.120192e+001 -3.975897e+000
      vertex  6.360548e+000  2.080000e+001 -1.565000e+000
      vertex  4.535604e+000  2.080000e+001 -4.725897e+000
    endloop
  endfacet
  facet normal  2.241440e-001  9.659257e-001 -1.294096e-001
    outer loop
      vertex  6.360548e+000  2.080000e+001 -1.565000e+000
      vertex  3.236566e+000  2.120192e+001 -3.975897e+000
      vertex  5.061511e+000  2.120192e+001 -8.150000e-001
    endloop
  endfacet
  facet normal  6.123723e-001  7.071069e-001 -3.535534e-001
    outer loop
      vertex  5.061511e+000  2.120192e+001 -8.150000e-001
      vertex  3.236566e+000  2.120192e+001 -3.975897e+000
      vertex  2.285604e+000  2.230000e+001 -3.426858e+000
    endloop
  endfacet
  facet normal  6.123723e-001  7.071069e-001 -3.535534e-001
    outer loop
      vertex  5.061511e+000  2.120192e+001 -8.150000e-001
      vertex  2.285604e+000  2.230000e+001 -3.426858e+000
      vertex  4.110548e+000  2.230000e+001 -2.659619e-001
    endloop
  endfacet
  facet normal  8.365163e-001  2.588190e-001 -4.829629e-001
    outer loop
      vertex  4.110548e+000  2.230000e+001 -2.659619e-001
      vertex  2.285604e+000  2.230000e+001 -3.426858e+000
      vertex  1.937528e+000  2.380000e+001 -3.225897e+000
    endloop
  endfacet
  facet normal  8.365163e-001  2.588191e-001 -4.829628e-001
    outer loop
      vertex  4.110548e+000  2.230000e+001 -2.659619e-001
      vertex  1.937528e+000  2.380000e+001 -3.225897e+000
      vertex  3.762472e+000  2.380000e+001 -6.500000e-002
    endloop
  endfacet
  facet normal  1.921619e-001  9.590011e-001 -2.083046e-001
    outer loop
      vertex  3.166690e+000  2.080000e+001 -5.988726e+000
      vertex  2.872688e+000  2.120192e+001 -4.409549e+000
      vertex  4.535604e+000  2.080000e+001 -4.725897e+000
    endloop
  endfacet
  facet normal  2.011163e-001  9.649215e-001 -1.687565e-001
    outer loop
      vertex  2.872688e+000  2.120192e+001 -4.409549e+000
      vertex  3.236566e+000  2.120192e+001 -3.975897e+000
      vertex  4.535604e+000  2.080000e+001 -4.725897e+000
    endloop
  endfacet
  facet normal  7.406906e-001  2.551448e-001 -6.215131e-001
    outer loop
      vertex  2.285604e+000  2.230000e+001 -3.426858e+000
      vertex  2.166858e+000  2.230000e+001 -3.568374e+000
      vertex  1.937528e+000  2.380000e+001 -3.225897e+000
    endloop
  endfacet
  facet normal  6.827382e-001  2.602634e-001 -6.827382e-001
    outer loop
      vertex  2.166858e+000  2.230000e+001 -3.568374e+000
      vertex  1.889944e+000  2.380000e+001 -3.273480e+000
      vertex  1.937528e+000  2.380000e+001 -3.225897e+000
    endloop
  endfacet
  facet normal  2.498968e-001  2.602633e-001 -9.326385e-001
    outer loop
      vertex  1.889944e+000  2.380000e+001 -3.273480e+000
      vertex  2.006873e+000  2.230000e+001 -3.660741e+000
      vertex  1.824944e+000  2.380000e+001 -3.290896e+000
    endloop
  endfacet
  facet normal  1.282439e-001  9.665474e-001 -2.221251e-001
    outer loop
      vertex  2.382437e+000  2.120192e+001 -4.692595e+000
      vertex  2.872688e+000  2.120192e+001 -4.409549e+000
      vertex  3.166690e+000  2.080000e+001 -5.988726e+000
    endloop
  endfacet
  facet normal  4.836076e-001  2.539540e-001 -8.376342e-001
    outer loop
      vertex  2.006873e+000  2.230000e+001 -3.660741e+000
      vertex  1.889944e+000  2.380000e+001 -3.273480e+000
      vertex  2.166858e+000  2.230000e+001 -3.568374e+000
    endloop
  endfacet
  facet normal  1.679012e-001  2.551449e-001 -9.522135e-001
    outer loop
      vertex  1.824944e+000  2.380000e+001 -3.290896e+000
      vertex  2.006873e+000  2.230000e+001 -3.660741e+000
      vertex  1.824944e+000  2.230000e+001 -3.692820e+000
    endloop
  endfacet
  facet normal  1.237242e-001  7.016739e-001 -7.016736e-001
    outer loop
      vertex  1.824944e+000  2.230000e+001 -3.692820e+000
      vertex  2.006873e+000  2.230000e+001 -3.660741e+000
      vertex  2.382437e+000  2.120192e+001 -4.692595e+000
    endloop
  endfacet
  facet normal  1.237239e-001  7.016739e-001 -7.016737e-001
    outer loop
      vertex  1.824944e+000  2.230000e+001 -3.692820e+000
      vertex  2.382437e+000  2.120192e+001 -4.692595e+000
      vertex  1.824944e+000  2.120192e+001 -4.790896e+000
    endloop
  endfacet
  facet normal  4.752085e-002  9.618260e-001 -2.695044e-001
    outer loop
      vertex  1.824944e+000  2.120192e+001 -4.790896e+000
      vertex  2.382437e+000  2.120192e+001 -4.692595e+000
      vertex  3.166690e+000  2.080000e+001 -5.988726e+000
    endloop
  endfacet
  facet normal  5.818919e-002  9.642891e-001 -2.583807e-001
    outer loop
      vertex  1.824944e+000  2.120192e+001 -4.790896e+000
      vertex  3.166690e+000  2.080000e+001 -5.988726e+000
      vertex  1.824944e+000  2.080000e+001 -6.290896e+000
    endloop
  endfacet
  facet normal  3.562486e-001  7.016740e-001 -6.170418e-001
    outer loop
      vertex  2.006873e+000  2.230000e+001 -3.660741e+000
      vertex  2.166858e+000  2.230000e+001 -3.568374e+000
      vertex  2.382437e+000  2.120192e+001 -4.692595e+000
    endloop
  endfacet
  facet normal  3.562487e-001  7.016739e-001 -6.170416e-001
    outer loop
      vertex  2.382437e+000  2.120192e+001 -4.692595e+000
      vertex  2.166858e+000  2.230000e+001 -3.568374e+000
      vertex  2.872688e+000  2.120192e+001 -4.409549e+000
    endloop
  endfacet
  facet normal  5.458053e-001  7.016740e-001 -4.579849e-001
    outer loop
      vertex  2.166858e+000  2.230000e+001 -3.568374e+000
      vertex  2.285604e+000  2.230000e+001 -3.426858e+000
      vertex  2.872688e+000  2.120192e+001 -4.409549e+000
    endloop
  endfacet
  facet normal  5.458054e-001  7.016740e-001 -4.579848e-001
    outer loop
      vertex  2.872688e+000  2.120192e+001 -4.409549e+000
      vertex  2.285604e+000  2.230000e+001 -3.426858e+000
      vertex  3.236566e+000  2.120192e+001 -3.975897e+000
    endloop
  endfacet
  facet normal  0.000000e+000  9.659258e-001 -2.588193e-001
    outer loop
      vertex -1.824945e+000  2.120192e+001 -4.790896e+000
      vertex  1.824944e+000  2.080000e+001 -6.290896e+000
      vertex -1.824945e+000  2.080000e+001 -6.290896e+000
    endloop
  endfacet
  facet normal  0.000000e+000  9.659258e-001 -2.588193e-001
    outer loop
      vertex  1.824944e+000  2.080000e+001 -6.290896e+000
      vertex -1.824945e+000  2.120192e+001 -4.790896e+000
      vertex  1.824944e+000  2.120192e+001 -4.790896e+000
    endloop
  endfacet
  facet normal  0.000000e+000  7.071069e-001 -7.071067e-001
    outer loop
      vertex  1.824944e+000  2.120192e+001 -4.790896e+000
      vertex -1.824945e+000  2.120192e+001 -4.790896e+000
      vertex -1.824944e+000  2.230000e+001 -3.692820e+000
    endloop
  endfacet
  facet normal  0.000000e+000  7.071069e-001 -7.071067e-001
    outer loop
      vertex  1.824944e+000  2.120192e+001 -4.790896e+000
      vertex -1.824944e+000  2.230000e+001 -3.692820e+000
      vertex  1.824944e+000  2.230000e+001 -3.692820e+000
    endloop
  endfacet
  facet normal  0.000000e+000  2.588191e-001 -9.659258e-001
    outer loop
      vertex  1.824944e+000  2.230000e+001 -3.692820e+000
      vertex -1.824944e+000  2.230000e+001 -3.692820e+000
      vertex -1.824944e+000  2.380000e+001 -3.290896e+000
    endloop
  endfacet
  facet normal  0.000000e+000  2.588191e-001 -9.659258e-001
    outer loop
      vertex  1.824944e+000  2.230000e+001 -3.692820e+000
      vertex -1.824944e+000  2.380000e+001 -3.290896e+000
      vertex  1.824944e+000  2.380000e+001 -3.290896e+000
    endloop
  endfacet
  facet normal -8.431610e-002  9.590011e-001 -2.705694e-001
    outer loop
      vertex -3.603044e+000  2.080000e+001 -5.736797e+000
      vertex -2.382437e+000  2.120192e+001 -4.692595e+000
      vertex -1.824945e+000  2.080000e+001 -6.290896e+000
    endloop
  endfacet
  facet normal -4.558932e-002  9.649215e-001 -2.585502e-001
    outer loop
      vertex -2.382437e+000  2.120192e+001 -4.692595e+000
      vertex -1.824945e+000  2.120192e+001 -4.790896e+000
      vertex -1.824945e+000  2.080000e+001 -6.290896e+000
    endloop
  endfacet
  facet normal -1.679012e-001  2.551449e-001 -9.522135e-001
    outer loop
      vertex -1.824944e+000  2.230000e+001 -3.692820e+000
      vertex -2.006873e+000  2.230000e+001 -3.660741e+000
      vertex -1.824944e+000  2.380000e+001 -3.290896e+000
    endloop
  endfacet
  facet normal -2.498968e-001  2.602633e-001 -9.326385e-001
    outer loop
      vertex -2.006873e+000  2.230000e+001 -3.660741e+000
      vertex -1.889944e+000  2.380000e+001 -3.273480e+000
      vertex -1.824944e+000  2.380000e+001 -3.290896e+000
    endloop
  endfacet
  facet normal -6.827382e-001  2.602633e-001 -6.827382e-001
    outer loop
      vertex -1.889944e+000  2.380000e+001 -3.273480e+000
      vertex -2.166858e+000  2.230000e+001 -3.568374e+000
      vertex -1.937528e+000  2.380000e+001 -3.225897e+000
    endloop
  endfacet
  facet normal -1.282441e-001  9.665475e-001 -2.221250e-001
    outer loop
      vertex -2.872688e+000  2.120192e+001 -4.409549e+000
      vertex -2.382437e+000  2.120192e+001 -4.692595e+000
      vertex -3.603044e+000  2.080000e+001 -5.736797e+000
    endloop
  endfacet
  facet normal -4.836085e-001  2.539539e-001 -8.376337e-001
    outer loop
      vertex -2.166858e+000  2.230000e+001 -3.568374e+000
      vertex -1.889944e+000  2.380000e+001 -3.273480e+000
      vertex -2.006873e+000  2.230000e+001 -3.660741e+000
    endloop
  endfacet
  facet normal -7.406901e-001  2.551447e-001 -6.215137e-001
    outer loop
      vertex -1.937528e+000  2.380000e+001 -3.225897e+000
      vertex -2.166858e+000  2.230000e+001 -3.568374e+000
      vertex -2.285604e+000  2.230000e+001 -3.426858e+000
    endloop
  endfacet
  facet normal -5.458049e-001  7.016740e-001 -4.579853e-001
    outer loop
      vertex -2.285604e+000  2.230000e+001 -3.426858e+000
      vertex -2.166858e+000  2.230000e+001 -3.568374e+000
      vertex -2.872688e+000  2.120192e+001 -4.409549e+000
    endloop
  endfacet
  facet normal -5.458052e-001  7.016739e-001 -4.579851e-001
    outer loop
      vertex -2.285604e+000  2.230000e+001 -3.426858e+000
      vertex -2.872688e+000  2.120192e+001 -4.409549e+000
      vertex -3.236566e+000  2.120192e+001 -3.975897e+000
    endloop
  endfacet
  facet normal -2.096370e-001  9.618259e-001 -1.759064e-001
    outer loop
      vertex -3.236566e+000  2.120192e+001 -3.975897e+000
      vertex -2.872688e+000  2.120192e+001 -4.409549e+000
      vertex -3.603044e+000  2.080000e+001 -5.736797e+000
    endloop
  endfacet
  facet normal -1.946697e-001  9.642891e-001 -1.795836e-001
    outer loop
      vertex -3.236566e+000  2.120192e+001 -3.975897e+000
      vertex -3.603044e+000  2.080000e+001 -5.736797e+000
      vertex -4.535604e+000  2.080000e+001 -4.725896e+000
    endloop
  endfacet
  facet normal -3.562493e-001  7.016739e-001 -6.170413e-001
    outer loop
      vertex -2.166858e+000  2.230000e+001 -3.568374e+000
      vertex -2.006873e+000  2.230000e+001 -3.660741e+000
      vertex -2.872688e+000  2.120192e+001 -4.409549e+000
    endloop
  endfacet
  facet normal -3.562493e-001  7.016740e-001 -6.170413e-001
    outer loop
      vertex -2.872688e+000  2.120192e+001 -4.409549e+000
      vertex -2.006873e+000  2.230000e+001 -3.660741e+000
      vertex -2.382437e+000  2.120192e+001 -4.692595e+000
    endloop
  endfacet
  facet normal -1.237242e-001  7.016740e-001 -7.016736e-001
    outer loop
      vertex -2.006873e+000  2.230000e+001 -3.660741e+000
      vertex -1.824944e+000  2.230000e+001 -3.692820e+000
      vertex -2.382437e+000  2.120192e+001 -4.692595e+000
    endloop
  endfacet
  facet normal -1.237239e-001  7.016739e-001 -7.016737e-001
    outer loop
      vertex -2.382437e+000  2.120192e+001 -4.692595e+000
      vertex -1.824944e+000  2.230000e+001 -3.692820e+000
      vertex -1.824945e+000  2.120192e+001 -4.790896e+000
    endloop
  endfacet
  facet normal -2.241441e-001  9.659258e-001 -1.294096e-001
    outer loop
      vertex -5.061511e+000  2.120192e+001 -8.149999e-001
      vertex -4.535604e+000  2.080000e+001 -4.725896e+000
      vertex -6.360548e+000  2.080000e+001 -1.565000e+000
    endloop
  endfacet
  facet normal -2.241441e-001  9.659258e-001 -1.294096e-001
    outer loop
      vertex -4.535604e+000  2.080000e+001 -4.725896e+000
      vertex -5.061511e+000  2.120192e+001 -8.149999e-001
      vertex -3.236566e+000  2.120192e+001 -3.975897e+000
    endloop
  endfacet
  facet normal -6.123723e-001  7.071069e-001 -3.535534e-001
    outer loop
      vertex -3.236566e+000  2.120192e+001 -3.975897e+000
      vertex -5.061511e+000  2.120192e+001 -8.149999e-001
      vertex -4.110548e+000  2.230000e+001 -2.659619e-001
    endloop
  endfacet
  facet normal -6.123723e-001  7.071069e-001 -3.535534e-001
    outer loop
      vertex -3.236566e+000  2.120192e+001 -3.975897e+000
      vertex -4.110548e+000  2.230000e+001 -2.659619e-001
      vertex -2.285604e+000  2.230000e+001 -3.426858e+000
    endloop
  endfacet
  facet normal -8.365163e-001  2.588191e-001 -4.829629e-001
    outer loop
      vertex -2.285604e+000  2.230000e+001 -3.426858e+000
      vertex -4.110548e+000  2.230000e+001 -2.659619e-001
      vertex -3.762472e+000  2.380000e+001 -6.500000e-002
    endloop
  endfacet
  facet normal -8.365163e-001  2.588190e-001 -4.829628e-001
    outer loop
      vertex -2.285604e+000  2.230000e+001 -3.426858e+000
      vertex -3.762472e+000  2.380000e+001 -6.500000e-002
      vertex -1.937528e+000  2.380000e+001 -3.225897e+000
    endloop
  endfacet
  facet normal -2.764780e-001  9.590011e-001 -6.226482e-002
    outer loop
      vertex -6.769734e+000  2.080000e+001  2.519290e-001
      vertex -5.255126e+000  2.120192e+001 -2.830465e-001
      vertex -6.360548e+000  2.080000e+001 -1.565000e+000
    endloop
  endfacet
  facet normal -2.467058e-001  9.649215e-001 -8.979344e-002
    outer loop
      vertex -5.255126e+000  2.120192e+001 -2.830465e-001
      vertex -5.061511e+000  2.120192e+001 -8.149999e-001
      vertex -6.360548e+000  2.080000e+001 -1.565000e+000
    endloop
  endfacet
  facet normal -9.085912e-001  2.551449e-001 -3.307010e-001
    outer loop
      vertex -4.110548e+000  2.230000e+001 -2.659619e-001
      vertex -4.173732e+000  2.230000e+001 -9.236757e-002
      vertex -3.762472e+000  2.380000e+001 -6.500000e-002
    endloop
  endfacet
  facet normal -9.326376e-001  2.602636e-001 -2.498998e-001
    outer loop
      vertex -4.173732e+000  2.230000e+001 -9.236757e-002
      vertex -3.779889e+000  2.380000e+001  1.949829e-015
      vertex -3.762472e+000  2.380000e+001 -6.500000e-002
    endloop
  endfacet
  facet normal -9.326377e-001  2.602636e-001  2.498998e-001
    outer loop
      vertex -3.779889e+000  2.380000e+001  1.949829e-015
      vertex -4.173732e+000  2.230000e+001  9.236760e-002
      vertex -3.762472e+000  2.380000e+001  6.500000e-002
    endloop
  endfacet
  facet normal -2.564879e-001  9.665474e-001  0.000000e+000
    outer loop
      vertex -5.255126e+000  2.120192e+001  2.830466e-001
      vertex -5.255126e+000  2.120192e+001 -2.830465e-001
      vertex -6.769734e+000  2.080000e+001  2.519290e-001
    endloop
  endfacet
  facet normal -9.672163e-001  2.539542e-001  0.000000e+000
    outer loop
      vertex -4.173732e+000  2.230000e+001  9.236760e-002
      vertex -3.779889e+000  2.380000e+001  1.949829e-015
      vertex -4.173732e+000  2.230000e+001 -9.236757e-002
    endloop
  endfacet
  facet normal -9.085912e-001  2.551449e-001  3.307010e-001
    outer loop
      vertex -3.762472e+000  2.380000e+001  6.500000e-002
      vertex -4.173732e+000  2.230000e+001  9.236760e-002
      vertex -4.110548e+000  2.230000e+001  2.659619e-001
    endloop
  endfacet
  facet normal -6.695292e-001  7.016738e-001  2.436893e-001
    outer loop
      vertex -4.110548e+000  2.230000e+001  2.659619e-001
      vertex -4.173732e+000  2.230000e+001  9.236760e-002
      vertex -5.255126e+000  2.120192e+001  2.830466e-001
    endloop
  endfacet
  facet normal -6.695294e-001  7.016740e-001  2.436884e-001
    outer loop
      vertex -4.110548e+000  2.230000e+001  2.659619e-001
      vertex -5.255126e+000  2.120192e+001  2.830466e-001
      vertex -5.061511e+000  2.120192e+001  8.150000e-001
    endloop
  endfacet
  facet normal -2.571580e-001  9.618260e-001  9.359773e-002
    outer loop
      vertex -5.061511e+000  2.120192e+001  8.150000e-001
      vertex -5.255126e+000  2.120192e+001  2.830466e-001
      vertex -6.769734e+000  2.080000e+001  2.519290e-001
    endloop
  endfacet
  facet normal -2.528588e-001  9.642891e-001  7.879706e-002
    outer loop
      vertex -5.061511e+000  2.120192e+001  8.150000e-001
      vertex -6.769734e+000  2.080000e+001  2.519290e-001
      vertex -6.360548e+000  2.080000e+001  1.565000e+000
    endloop
  endfacet
  facet normal -7.124982e-001  7.016739e-001  0.000000e+000
    outer loop
      vertex -4.173732e+000  2.230000e+001  9.236760e-002
      vertex -4.173732e+000  2.230000e+001 -9.236757e-002
      vertex -5.255126e+000  2.120192e+001  2.830466e-001
    endloop
  endfacet
  facet normal -7.124983e-001  7.016739e-001  0.000000e+000
    outer loop
      vertex -5.255126e+000  2.120192e+001  2.830466e-001
      vertex -4.173732e+000  2.230000e+001 -9.236757e-002
      vertex -5.255126e+000  2.120192e+001 -2.830465e-001
    endloop
  endfacet
  facet normal -6.695292e-001  7.016737e-001 -2.436893e-001
    outer loop
      vertex -4.173732e+000  2.230000e+001 -9.236757e-002
      vertex -4.110548e+000  2.230000e+001 -2.659619e-001
      vertex -5.255126e+000  2.120192e+001 -2.830465e-001
    endloop
  endfacet
  facet normal -6.695294e-001  7.016740e-001 -2.436884e-001
    outer loop
      vertex -5.255126e+000  2.120192e+001 -2.830465e-001
      vertex -4.110548e+000  2.230000e+001 -2.659619e-001
      vertex -5.061511e+000  2.120192e+001 -8.149999e-001
    endloop
  endfacet
  facet normal -2.241440e-001  9.659258e-001  1.294096e-001
    outer loop
      vertex -3.236566e+000  2.120192e+001  3.975897e+000
      vertex -6.360548e+000  2.080000e+001  1.565000e+000
      vertex -4.535604e+000  2.080000e+001  4.725897e+000
    endloop
  endfacet
  facet normal -2.241440e-001  9.659257e-001  1.294096e-001
    outer loop
      vertex -6.360548e+000  2.080000e+001  1.565000e+000
      vertex -3.236566e+000  2.120192e+001  3.975897e+000
      vertex -5.061511e+000  2.120192e+001  8.150000e-001
    endloop
  endfacet
  facet normal -6.123723e-001  7.071069e-001  3.535534e-001
    outer loop
      vertex -5.061511e+000  2.120192e+001  8.150000e-001
      vertex -3.236566e+000  2.120192e+001  3.975897e+000
      vertex -2.285604e+000  2.230000e+001  3.426858e+000
    endloop
  endfacet
  facet normal -6.123723e-001  7.071069e-001  3.535534e-001
    outer loop
      vertex -5.061511e+000  2.120192e+001  8.150000e-001
      vertex -2.285604e+000  2.230000e+001  3.426858e+000
      vertex -4.110548e+000  2.230000e+001  2.659619e-001
    endloop
  endfacet
  facet normal -8.365163e-001  2.588190e-001  4.829629e-001
    outer loop
      vertex -4.110548e+000  2.230000e+001  2.659619e-001
      vertex -2.285604e+000  2.230000e+001  3.426858e+000
      vertex -1.937528e+000  2.380000e+001  3.225897e+000
    endloop
  endfacet
  facet normal -8.365163e-001  2.588191e-001  4.829628e-001
    outer loop
      vertex -4.110548e+000  2.230000e+001  2.659619e-001
      vertex -1.937528e+000  2.380000e+001  3.225897e+000
      vertex -3.762472e+000  2.380000e+001  6.500000e-002
    endloop
  endfacet
  facet normal -1.921619e-001  9.590011e-001  2.083046e-001
    outer loop
      vertex -3.166690e+000  2.080000e+001  5.988726e+000
      vertex -2.872688e+000  2.120192e+001  4.409549e+000
      vertex -4.535604e+000  2.080000e+001  4.725897e+000
    endloop
  endfacet
  facet normal -2.011163e-001  9.649215e-001  1.687565e-001
    outer loop
      vertex -2.872688e+000  2.120192e+001  4.409549e+000
      vertex -3.236566e+000  2.120192e+001  3.975897e+000
      vertex -4.535604e+000  2.080000e+001  4.725897e+000
    endloop
  endfacet
  facet normal -7.406906e-001  2.551448e-001  6.215131e-001
    outer loop
      vertex -2.285604e+000  2.230000e+001  3.426858e+000
      vertex -2.166858e+000  2.230000e+001  3.568374e+000
      vertex -1.937528e+000  2.380000e+001  3.225897e+000
    endloop
  endfacet
  facet normal -6.827382e-001  2.602634e-001  6.827382e-001
    outer loop
      vertex -2.166858e+000  2.230000e+001  3.568374e+000
      vertex -1.889944e+000  2.380000e+001  3.273480e+000
      vertex -1.937528e+000  2.380000e+001  3.225897e+000
    endloop
  endfacet
  facet normal -2.498968e-001  2.602633e-001  9.326385e-001
    outer loop
      vertex -1.889944e+000  2.380000e+001  3.273480e+000
      vertex -2.006873e+000  2.230000e+001  3.660741e+000
      vertex -1.824944e+000  2.380000e+001  3.290896e+000
    endloop
  endfacet
  facet normal -1.282439e-001  9.665474e-001  2.221251e-001
    outer loop
      vertex -2.382437e+000  2.120192e+001  4.692595e+000
      vertex -2.872688e+000  2.120192e+001  4.409549e+000
      vertex -3.166690e+000  2.080000e+001  5.988726e+000
    endloop
  endfacet
  facet normal -4.836076e-001  2.539540e-001  8.376342e-001
    outer loop
      vertex -2.006873e+000  2.230000e+001  3.660741e+000
      vertex -1.889944e+000  2.380000e+001  3.273480e+000
      vertex -2.166858e+000  2.230000e+001  3.568374e+000
    endloop
  endfacet
  facet normal -1.679012e-001  2.551449e-001  9.522135e-001
    outer loop
      vertex -1.824944e+000  2.380000e+001  3.290896e+000
      vertex -2.006873e+000  2.230000e+001  3.660741e+000
      vertex -1.824944e+000  2.230000e+001  3.692820e+000
    endloop
  endfacet
  facet normal -1.237242e-001  7.016739e-001  7.016736e-001
    outer loop
      vertex -1.824944e+000  2.230000e+001  3.692820e+000
      vertex -2.006873e+000  2.230000e+001  3.660741e+000
      vertex -2.382437e+000  2.120192e+001  4.692595e+000
    endloop
  endfacet
  facet normal -1.237239e-001  7.016739e-001  7.016737e-001
    outer loop
      vertex -1.824944e+000  2.230000e+001  3.692820e+000
      vertex -2.382437e+000  2.120192e+001  4.692595e+000
      vertex -1.824944e+000  2.120192e+001  4.790896e+000
    endloop
  endfacet
  facet normal -4.752085e-002  9.618260e-001  2.695044e-001
    outer loop
      vertex -1.824944e+000  2.120192e+001  4.790896e+000
      vertex -2.382437e+000  2.120192e+001  4.692595e+000
      vertex -3.166690e+000  2.080000e+001  5.988726e+000
    endloop
  endfacet
  facet normal -5.818919e-002  9.642891e-001  2.583807e-001
    outer loop
      vertex -1.824944e+000  2.120192e+001  4.790896e+000
      vertex -3.166690e+000  2.080000e+001  5.988726e+000
      vertex -1.824944e+000  2.080000e+001  6.290896e+000
    endloop
  endfacet
  facet normal -3.562486e-001  7.016740e-001  6.170418e-001
    outer loop
      vertex -2.006873e+000  2.230000e+001  3.660741e+000
      vertex -2.166858e+000  2.230000e+001  3.568374e+000
      vertex -2.382437e+000  2.120192e+001  4.692595e+000
    endloop
  endfacet
  facet normal -3.562487e-001  7.016739e-001  6.170416e-001
    outer loop
      vertex -2.382437e+000  2.120192e+001  4.692595e+000
      vertex -2.166858e+000  2.230000e+001  3.568374e+000
      vertex -2.872688e+000  2.120192e+001  4.409549e+000
    endloop
  endfacet
  facet normal -5.458053e-001  7.016740e-001  4.579849e-001
    outer loop
      vertex -2.166858e+000  2.230000e+001  3.568374e+000
      vertex -2.285604e+000  2.230000e+001  3.426858e+000
      vertex -2.872688e+000  2.120192e+001  4.409549e+000
    endloop
  endfacet
  facet normal -5.458054e-001  7.016740e-001  4.579848e-001
    outer loop
      vertex -2.872688e+000  2.120192e+001  4.409549e+000
      vertex -2.285604e+000  2.230000e+001  3.426858e+000
      vertex -3.236566e+000  2.120192e+001  3.975897e+000
    endloop
  endfacet
  facet normal  0.000000e+000  2.588191e-001  9.659258e-001
    outer loop
      vertex -1.824944e+000  2.230000e+001  3.692820e+000
      vertex  1.824944e+000  2.380000e+001  3.290896e+000
      vertex -1.824944e+000  2.380000e+001  3.290896e+000
    endloop
  endfacet
  facet normal  -0.000000e+000  2.588191e-001  9.659258e-001
    outer loop
      vertex  1.824944e+000  2.380000e+001  3.290896e+000
      vertex -1.824944e+000  2.230000e+001  3.692820e+000
      vertex  1.824944e+000  2.230000e+001  3.692820e+000
    endloop
  endfacet
  facet normal  0.000000e+000  7.071069e-001  7.071067e-001
    outer loop
      vertex  1.824944e+000  2.230000e+001  3.692820e+000
      vertex -1.824944e+000  2.230000e+001  3.692820e+000
      vertex -1.824944e+000  2.120192e+001  4.790896e+000
    endloop
  endfacet
  facet normal  -0.000000e+000  7.071069e-001  7.071067e-001
    outer loop
      vertex  1.824944e+000  2.230000e+001  3.692820e+000
      vertex -1.824944e+000  2.120192e+001  4.790896e+000
      vertex  1.824944e+000  2.120192e+001  4.790896e+000
    endloop
  endfacet
  facet normal  0.000000e+000  9.659258e-001  2.588193e-001
    outer loop
      vertex  1.824944e+000  2.120192e+001  4.790896e+000
      vertex -1.824944e+000  2.120192e+001  4.790896e+000
      vertex -1.824944e+000  2.080000e+001  6.290896e+000
    endloop
  endfacet
  facet normal  -0.000000e+000  9.659258e-001  2.588193e-001
    outer loop
      vertex  1.824944e+000  2.120192e+001  4.790896e+000
      vertex -1.824944e+000  2.080000e+001  6.290896e+000
      vertex  1.824945e+000  2.080000e+001  6.290896e+000
    endloop
  endfacet
  facet normal  0.000000e+000  1.000000e+000  0.000000e+000
    outer loop
      vertex  1.686440e+000  3.380000e+001  3.275000e+000
      vertex  1.824944e+000  3.380000e+001  3.290896e+000
      vertex  1.889944e+000  3.380000e+001  3.273480e+000
    endloop
  endfacet
  facet normal  0.000000e+000  1.000000e+000  -0.000000e+000
    outer loop
      vertex -1.686440e+000  3.380000e+001 -3.275000e+000
      vertex -1.824944e+000  3.380000e+001 -3.290896e+000
      vertex -1.889944e+000  3.380000e+001 -3.273480e+000
    endloop
  endfacet
  facet normal  0.000000e+000  1.000000e+000  0.000000e+000
    outer loop
      vertex -1.937528e+000  3.380000e+001 -3.225897e+000
      vertex -3.762472e+000  3.380000e+001 -6.500000e-002
      vertex -3.679453e+000  3.380000e+001 -1.770000e-001
    endloop
  endfacet
  facet normal  0.000000e+000  1.000000e+000  0.000000e+000
    outer loop
      vertex -1.937528e+000  3.380000e+001 -3.225897e+000
      vertex -3.679453e+000  3.380000e+001 -1.770000e-001
      vertex -1.993013e+000  3.380000e+001 -3.098000e+000
    endloop
  endfacet
  facet normal  0.000000e+000  1.000000e+000  0.000000e+000
    outer loop
      vertex -1.937528e+000  3.380000e+001 -3.225897e+000
      vertex -1.993013e+000  3.380000e+001 -3.098000e+000
      vertex -1.863440e+000  3.380000e+001 -3.227573e+000
    endloop
  endfacet
  facet normal  0.000000e+000  1.000000e+000  0.000000e+000
    outer loop
      vertex -1.937528e+000  3.380000e+001 -3.225897e+000
      vertex -1.863440e+000  3.380000e+001 -3.227573e+000
      vertex -1.686440e+000  3.380000e+001 -3.275000e+000
    endloop
  endfacet
  facet normal  0.000000e+000  9.999999e-001  0.000000e+000
    outer loop
      vertex -1.937528e+000  3.380000e+001 -3.225897e+000
      vertex -1.686440e+000  3.380000e+001 -3.275000e+000
      vertex -1.889944e+000  3.380000e+001 -3.273480e+000
    endloop
  endfacet
  facet normal  0.000000e+000  1.000000e+000  0.000000e+000
    outer loop
      vertex -1.824944e+000  3.380000e+001 -3.290896e+000
      vertex -1.686440e+000  3.380000e+001 -3.275000e+000
      vertex  1.824944e+000  3.380000e+001 -3.290896e+000
    endloop
  endfacet
  facet normal  0.000000e+000  1.000000e+000  0.000000e+000
    outer loop
      vertex  1.824944e+000  3.380000e+001 -3.290896e+000
      vertex -1.686440e+000  3.380000e+001 -3.275000e+000
      vertex  1.686440e+000  3.380000e+001 -3.275000e+000
    endloop
  endfacet
  facet normal  -0.000000e+000  1.000000e+000  0.000000e+000
    outer loop
      vertex  1.824944e+000  3.380000e+001 -3.290896e+000
      vertex  1.686440e+000  3.380000e+001 -3.275000e+000
      vertex  1.889944e+000  3.380000e+001 -3.273480e+000
    endloop
  endfacet
  facet normal  0.000000e+000  1.000000e+000  -0.000000e+000
    outer loop
      vertex  1.824944e+000  3.380000e+001  3.290896e+000
      vertex  1.686440e+000  3.380000e+001  3.275000e+000
      vertex -1.824944e+000  3.380000e+001  3.290896e+000
    endloop
  endfacet
  facet normal  0.000000e+000  1.000000e+000  0.000000e+000
    outer loop
      vertex -1.824944e+000  3.380000e+001  3.290896e+000
      vertex  1.686440e+000  3.380000e+001  3.275000e+000
      vertex -1.686440e+000  3.380000e+001  3.275000e+000
    endloop
  endfacet
  facet normal  0.000000e+000  1.000000e+000  0.000000e+000
    outer loop
      vertex -1.824944e+000  3.380000e+001  3.290896e+000
      vertex -1.686440e+000  3.380000e+001  3.275000e+000
      vertex -1.889944e+000  3.380000e+001  3.273480e+000
    endloop
  endfacet
  facet normal  0.000000e+000  9.999999e-001  0.000000e+000
    outer loop
      vertex  1.686440e+000  3.380000e+001  3.275000e+000
      vertex  1.889944e+000  3.380000e+001  3.273480e+000
      vertex  1.863440e+000  3.380000e+001  3.227573e+000
    endloop
  endfacet
  facet normal  -0.000000e+000  9.999999e-001  0.000000e+000
    outer loop
      vertex  1.863440e+000  3.380000e+001  3.227573e+000
      vertex  1.889944e+000  3.380000e+001  3.273480e+000
      vertex  1.937528e+000  3.380000e+001  3.225897e+000
    endloop
  endfacet
  facet normal  0.000000e+000  1.000000e+000  0.000000e+000
    outer loop
      vertex  1.863440e+000  3.380000e+001  3.227573e+000
      vertex  1.937528e+000  3.380000e+001  3.225897e+000
      vertex  1.993013e+000  3.380000e+001  3.098000e+000
    endloop
  endfacet
  facet normal  0.000000e+000  1.000000e+000  0.000000e+000
    outer loop
      vertex  1.993013e+000  3.380000e+001  3.098000e+000
      vertex  1.937528e+000  3.380000e+001  3.225897e+000
      vertex  3.679453e+000  3.380000e+001  1.770001e-001
    endloop
  endfacet
  facet normal  -0.000000e+000  1.000000e+000  -0.000000e+000
    outer loop
      vertex  3.679453e+000  3.380000e+001  1.770001e-001
      vertex  1.937528e+000  3.380000e+001  3.225897e+000
      vertex  3.762472e+000  3.380000e+001  6.500000e-002
    endloop
  endfacet
  facet normal  0.000000e+000  9.999999e-001  0.000000e+000
    outer loop
      vertex  3.679453e+000  3.380000e+001  1.770001e-001
      vertex  3.762472e+000  3.380000e+001  6.500000e-002
      vertex  3.726880e+000  3.380000e+001  5.275601e-008
    endloop
  endfacet
  facet normal  -0.000000e+000  9.999999e-001  0.000000e+000
    outer loop
      vertex  3.726880e+000  3.380000e+001  5.275601e-008
      vertex  3.762472e+000  3.380000e+001  6.500000e-002
      vertex  3.779889e+000  3.380000e+001  5.288434e-016
    endloop
  endfacet
  facet normal  0.000000e+000  1.000000e+000  0.000000e+000
    outer loop
      vertex  3.726880e+000  3.380000e+001  5.275601e-008
      vertex  3.779889e+000  3.380000e+001  5.288434e-016
      vertex  3.679453e+000  3.380000e+001 -1.770000e-001
    endloop
  endfacet
  facet normal  0.000000e+000  9.999999e-001  0.000000e+000
    outer loop
      vertex  3.679453e+000  3.380000e+001 -1.770000e-001
      vertex  3.779889e+000  3.380000e+001  5.288434e-016
      vertex  3.762472e+000  3.380000e+001 -6.500000e-002
    endloop
  endfacet
  facet normal  0.000000e+000  9.999999e-001  0.000000e+000
    outer loop
      vertex  3.679453e+000  3.380000e+001 -1.770000e-001
      vertex  3.762472e+000  3.380000e+001 -6.500000e-002
      vertex  1.993013e+000  3.380000e+001 -3.098000e+000
    endloop
  endfacet
  facet normal  -0.000000e+000  1.000000e+000  0.000000e+000
    outer loop
      vertex  1.993013e+000  3.380000e+001 -3.098000e+000
      vertex  3.762472e+000  3.380000e+001 -6.500000e-002
      vertex  1.937528e+000  3.380000e+001 -3.225897e+000
    endloop
  endfacet
  facet normal  0.000000e+000  1.000000e+000  -0.000000e+000
    outer loop
      vertex  1.993013e+000  3.380000e+001 -3.098000e+000
      vertex  1.937528e+000  3.380000e+001 -3.225897e+000
      vertex  1.863440e+000  3.380000e+001 -3.227573e+000
    endloop
  endfacet
  facet normal  0.000000e+000  1.000000e+000  0.000000e+000
    outer loop
      vertex  1.889944e+000  3.380000e+001 -3.273480e+000
      vertex  1.686440e+000  3.380000e+001 -3.275000e+000
      vertex  1.937528e+000  3.380000e+001 -3.225897e+000
    endloop
  endfacet
  facet normal  0.000000e+000  1.000000e+000  0.000000e+000
    outer loop
      vertex  1.937528e+000  3.380000e+001 -3.225897e+000
      vertex  1.686440e+000  3.380000e+001 -3.275000e+000
      vertex  1.863440e+000  3.380000e+001 -3.227573e+000
    endloop
  endfacet
  facet normal  0.000000e+000  1.000000e+000  0.000000e+000
    outer loop
      vertex -1.889944e+000  3.380000e+001  3.273480e+000
      vertex -1.686440e+000  3.380000e+001  3.275000e+000
      vertex -1.937528e+000  3.380000e+001  3.225897e+000
    endloop
  endfacet
  facet normal  0.000000e+000  1.000000e+000  0.000000e+000
    outer loop
      vertex -1.937528e+000  3.380000e+001  3.225897e+000
      vertex -1.686440e+000  3.380000e+001  3.275000e+000
      vertex -1.863440e+000  3.380000e+001  3.227573e+000
    endloop
  endfacet
  facet normal  0.000000e+000  1.000000e+000  0.000000e+000
    outer loop
      vertex -1.937528e+000  3.380000e+001  3.225897e+000
      vertex -1.863440e+000  3.380000e+001  3.227573e+000
      vertex -1.993013e+000  3.380000e+001  3.098000e+000
    endloop
  endfacet
  facet normal  0.000000e+000  1.000000e+000  -0.000000e+000
    outer loop
      vertex -1.937528e+000  3.380000e+001  3.225897e+000
      vertex -1.993013e+000  3.380000e+001  3.098000e+000
      vertex -3.762472e+000  3.380000e+001  6.500000e-002
    endloop
  endfacet
  facet normal  0.000000e+000  9.999999e-001  0.000000e+000
    outer loop
      vertex -3.762472e+000  3.380000e+001  6.500000e-002
      vertex -1.993013e+000  3.380000e+001  3.098000e+000
      vertex -3.679453e+000  3.380000e+001  1.770000e-001
    endloop
  endfacet
  facet normal  0.000000e+000  9.999999e-001  0.000000e+000
    outer loop
      vertex -3.762472e+000  3.380000e+001  6.500000e-002
      vertex -3.679453e+000  3.380000e+001  1.770000e-001
      vertex -3.779889e+000  3.380000e+001  1.947132e-015
    endloop
  endfacet
  facet normal  -0.000000e+000  9.999999e-001  0.000000e+000
    outer loop
      vertex -3.779889e+000  3.380000e+001  1.947132e-015
      vertex -3.679453e+000  3.380000e+001  1.770000e-001
      vertex -3.726880e+000  3.380000e+001 -6.500987e-008
    endloop
  endfacet
  facet normal  0.000000e+000  1.000000e+000  0.000000e+000
    outer loop
      vertex -3.779889e+000  3.380000e+001  1.947132e-015
      vertex -3.726880e+000  3.380000e+001 -6.500987e-008
      vertex -3.762472e+000  3.380000e+001 -6.500000e-002
    endloop
  endfacet
  facet normal  -0.000000e+000  1.000000e+000  0.000000e+000
    outer loop
      vertex -3.762472e+000  3.380000e+001 -6.500000e-002
      vertex -3.726880e+000  3.380000e+001 -6.500987e-008
      vertex -3.679453e+000  3.380000e+001 -1.770000e-001
    endloop
  endfacet
  facet normal  1.027857e-001  -0.000000e+000  9.947035e-001
    outer loop
      vertex  1.686440e+000  3.685646e+001  3.175000e+000
      vertex  1.686440e+000  3.390000e+001  3.175000e+000
      vertex  1.738379e+000  3.684310e+001  3.169633e+000
    endloop
  endfacet
  facet normal  2.588176e-001 -2.806109e-003  9.659221e-001
    outer loop
      vertex  1.738379e+000  3.684310e+001  3.169633e+000
      vertex  1.686440e+000  3.390000e+001  3.175000e+000
      vertex  1.813440e+000  3.390000e+001  3.140970e+000
    endloop
  endfacet
  facet normal  3.570876e-001  1.036315e-005  9.340709e-001
    outer loop
      vertex  1.738379e+000  3.684310e+001  3.169633e+000
      vertex  1.813440e+000  3.390000e+001  3.140970e+000
      vertex  1.813607e+000  3.683520e+001  3.140874e+000
    endloop
  endfacet
  facet normal  6.103560e-001 -8.685224e-006  7.921271e-001
    outer loop
      vertex  1.813607e+000  3.683520e+001  3.140874e+000
      vertex  1.813440e+000  3.390000e+001  3.140970e+000
      vertex  1.866631e+000  3.684071e+001  3.100018e+000
    endloop
  endfacet
  facet normal  7.071033e-001 -2.942658e-003  7.071041e-001
    outer loop
      vertex  1.866631e+000  3.684071e+001  3.100018e+000
      vertex  1.813440e+000  3.390000e+001  3.140970e+000
      vertex  1.906411e+000  3.390000e+001  3.048000e+000
    endloop
  endfacet
  facet normal  7.943465e-001  -0.000000e+000  6.074651e-001
    outer loop
      vertex  1.866631e+000  3.684071e+001  3.100018e+000
      vertex  1.906411e+000  3.390000e+001  3.048000e+000
      vertex  1.906411e+000  3.685646e+001  3.048000e+000
    endloop
  endfacet
  facet normal  8.660254e-001  4.092953e-007  5.000000e-001
    outer loop
      vertex  2.747172e+000  3.752365e+001  1.591759e+000
      vertex  2.452298e+000  3.742145e+001  2.102496e+000
      vertex  3.086013e+000  3.739416e+001  1.004869e+000
    endloop
  endfacet
  facet normal  8.660255e-001 -1.598214e-007  5.000000e-001
    outer loop
      vertex  3.086013e+000  3.739416e+001  1.004869e+000
      vertex  2.452298e+000  3.742145e+001  2.102496e+000
      vertex  1.906411e+000  3.685646e+001  3.048000e+000
    endloop
  endfacet
  facet normal  8.660254e-001  0.000000e+000  5.000000e-001
    outer loop
      vertex  3.086013e+000  3.739416e+001  1.004869e+000
      vertex  1.906411e+000  3.685646e+001  3.048000e+000
      vertex  3.592851e+000  3.685646e+001  1.270000e-001
    endloop
  endfacet
  facet normal  8.660253e-001  0.000000e+000  4.999999e-001
    outer loop
      vertex  3.592851e+000  3.685646e+001  1.270000e-001
      vertex  1.906411e+000  3.685646e+001  3.048000e+000
      vertex  1.906411e+000  3.390000e+001  3.048000e+000
    endloop
  endfacet
  facet normal  8.660253e-001  0.000000e+000  4.999999e-001
    outer loop
      vertex  3.592851e+000  3.685646e+001  1.270000e-001
      vertex  1.906411e+000  3.390000e+001  3.048000e+000
      vertex  3.592851e+000  3.390000e+001  1.270000e-001
    endloop
  endfacet
  facet normal  9.128322e-001  -0.000000e+000  4.083349e-001
    outer loop
      vertex  3.592851e+000  3.685646e+001  1.270000e-001
      vertex  3.592851e+000  3.390000e+001  1.270000e-001
      vertex  3.614172e+000  3.684310e+001  7.933574e-002
    endloop
  endfacet
  facet normal  9.659222e-001 -2.806091e-003  2.588176e-001
    outer loop
      vertex  3.614172e+000  3.684310e+001  7.933574e-002
      vertex  3.592851e+000  3.390000e+001  1.270000e-001
      vertex  3.626880e+000  3.390000e+001 -4.474958e-015
    endloop
  endfacet
  facet normal  9.874729e-001  1.034862e-005  1.577889e-001
    outer loop
      vertex  3.614172e+000  3.684310e+001  7.933574e-002
      vertex  3.626880e+000  3.390000e+001 -4.474958e-015
      vertex  3.626880e+000  3.683520e+001 -1.925056e-004
    endloop
  endfacet
  facet normal  9.911804e-001 -8.691295e-006 -1.325191e-001
    outer loop
      vertex  3.626880e+000  3.683520e+001 -1.925056e-004
      vertex  3.626880e+000  3.390000e+001 -4.474958e-015
      vertex  3.618010e+000  3.684071e+001 -6.654081e-002
    endloop
  endfacet
  facet normal  9.659218e-001 -2.942694e-003 -2.588175e-001
    outer loop
      vertex  3.618010e+000  3.684071e+001 -6.654081e-002
      vertex  3.626880e+000  3.390000e+001 -4.474958e-015
      vertex  3.592851e+000  3.390000e+001 -1.270000e-001
    endloop
  endfacet
  facet normal  9.232528e-001  0.000000e+000 -3.841931e-001
    outer loop
      vertex  3.618010e+000  3.684071e+001 -6.654081e-002
      vertex  3.592851e+000  3.390000e+001 -1.270000e-001
      vertex  3.592851e+000  3.685646e+001 -1.270000e-001
    endloop
  endfacet
  facet normal -9.128322e-001  0.000000e+000 -4.083349e-001
    outer loop
      vertex -3.592851e+000  3.685646e+001 -1.270000e-001
      vertex -3.592851e+000  3.390000e+001 -1.270000e-001
      vertex -3.614172e+000  3.684310e+001 -7.933574e-002
    endloop
  endfacet
  facet normal -9.659222e-001 -2.806091e-003 -2.588176e-001
    outer loop
      vertex -3.614172e+000  3.684310e+001 -7.933574e-002
      vertex -3.592851e+000  3.390000e+001 -1.270000e-001
      vertex -3.626880e+000  3.390000e+001  3.755880e-015
    endloop
  endfacet
  facet normal -9.874729e-001  1.034862e-005 -1.577889e-001
    outer loop
      vertex -3.614172e+000  3.684310e+001 -7.933574e-002
      vertex -3.626880e+000  3.390000e+001  3.755880e-015
      vertex -3.626880e+000  3.683520e+001  1.925056e-004
    endloop
  endfacet
  facet normal -9.911804e-001 -8.691295e-006  1.325191e-001
    outer loop
      vertex -3.626880e+000  3.683520e+001  1.925056e-004
      vertex -3.626880e+000  3.390000e+001  3.755880e-015
      vertex -3.618010e+000  3.684071e+001  6.654081e-002
    endloop
  endfacet
  facet normal -9.659218e-001 -2.942694e-003  2.588175e-001
    outer loop
      vertex -3.618010e+000  3.684071e+001  6.654081e-002
      vertex -3.626880e+000  3.390000e+001  3.755880e-015
      vertex -3.592851e+000  3.390000e+001  1.270000e-001
    endloop
  endfacet
  facet normal -9.232528e-001  0.000000e+000  3.841931e-001
    outer loop
      vertex -3.618010e+000  3.684071e+001  6.654081e-002
      vertex -3.592851e+000  3.390000e+001  1.270000e-001
      vertex -3.592851e+000  3.685646e+001  1.270000e-001
    endloop
  endfacet
  facet normal -8.660254e-001 -4.092953e-007  5.000000e-001
    outer loop
      vertex -2.752090e+000  3.752365e+001  1.583241e+000
      vertex -3.046964e+000  3.742145e+001  1.072504e+000
      vertex -2.413249e+000  3.739416e+001  2.170131e+000
    endloop
  endfacet
  facet normal -8.660254e-001  1.598214e-007  5.000000e-001
    outer loop
      vertex -2.413249e+000  3.739416e+001  2.170131e+000
      vertex -3.046964e+000  3.742145e+001  1.072504e+000
      vertex -3.592851e+000  3.685646e+001  1.270000e-001
    endloop
  endfacet
  facet normal -8.660254e-001  0.000000e+000  5.000000e-001
    outer loop
      vertex -2.413249e+000  3.739416e+001  2.170131e+000
      vertex -3.592851e+000  3.685646e+001  1.270000e-001
      vertex -1.906411e+000  3.685646e+001  3.048000e+000
    endloop
  endfacet
  facet normal -8.660253e-001  0.000000e+000  4.999999e-001
    outer loop
      vertex -1.906411e+000  3.685646e+001  3.048000e+000
      vertex -3.592851e+000  3.685646e+001  1.270000e-001
      vertex -3.592851e+000  3.390000e+001  1.270000e-001
    endloop
  endfacet
  facet normal -8.660253e-001  0.000000e+000  4.999999e-001
    outer loop
      vertex -1.906411e+000  3.685646e+001  3.048000e+000
      vertex -3.592851e+000  3.390000e+001  1.270000e-001
      vertex -1.906411e+000  3.390000e+001  3.048000e+000
    endloop
  endfacet
  facet normal -8.100443e-001  0.000000e+000  5.863686e-001
    outer loop
      vertex -1.906411e+000  3.685646e+001  3.048000e+000
      vertex -1.906411e+000  3.390000e+001  3.048000e+000
      vertex -1.875793e+000  3.684310e+001  3.090297e+000
    endloop
  endfacet
  facet normal -7.071035e-001 -2.806090e-003  7.071044e-001
    outer loop
      vertex -1.875793e+000  3.684310e+001  3.090297e+000
      vertex -1.906411e+000  3.390000e+001  3.048000e+000
      vertex -1.813440e+000  3.390000e+001  3.140970e+000
    endloop
  endfacet
  facet normal -6.303846e-001  1.038061e-005  7.762830e-001
    outer loop
      vertex -1.875793e+000  3.684310e+001  3.090297e+000
      vertex -1.813440e+000  3.390000e+001  3.140970e+000
      vertex -1.813273e+000  3.683520e+001  3.141067e+000
    endloop
  endfacet
  facet normal -3.808241e-001 -8.645601e-006  9.246475e-001
    outer loop
      vertex -1.813273e+000  3.683520e+001  3.141067e+000
      vertex -1.813440e+000  3.390000e+001  3.140970e+000
      vertex -1.751379e+000  3.684071e+001  3.166559e+000
    endloop
  endfacet
  facet normal -2.588175e-001 -2.942639e-003  9.659218e-001
    outer loop
      vertex -1.751379e+000  3.684071e+001  3.166559e+000
      vertex -1.813440e+000  3.390000e+001  3.140970e+000
      vertex -1.686440e+000  3.390000e+001  3.175000e+000
    endloop
  endfacet
  facet normal -1.289068e-001  0.000000e+000  9.916567e-001
    outer loop
      vertex -1.751379e+000  3.684071e+001  3.166559e+000
      vertex -1.686440e+000  3.390000e+001  3.175000e+000
      vertex -1.686440e+000  3.685646e+001  3.175000e+000
    endloop
  endfacet
  facet normal  -0.000000e+000  0.000000e+000  1.000000e+000
    outer loop
      vertex -4.918021e-003  3.752365e+001  3.175000e+000
      vertex -5.946662e-001  3.742145e+001  3.175000e+000
      vertex  6.727644e-001  3.739416e+001  3.175000e+000
    endloop
  endfacet
  facet normal  0.000000e+000  0.000000e+000  1.000000e+000
    outer loop
      vertex  6.727644e-001  3.739416e+001  3.175000e+000
      vertex -5.946662e-001  3.742145e+001  3.175000e+000
      vertex -1.686440e+000  3.685646e+001  3.175000e+000
    endloop
  endfacet
  facet normal  0.000000e+000  0.000000e+000  1.000000e+000
    outer loop
      vertex  6.727644e-001  3.739416e+001  3.175000e+000
      vertex -1.686440e+000  3.685646e+001  3.175000e+000
      vertex  1.686440e+000  3.685646e+001  3.175000e+000
    endloop
  endfacet
  facet normal  0.000000e+000  0.000000e+000  1.000000e+000
    outer loop
      vertex  1.686440e+000  3.685646e+001  3.175000e+000
      vertex -1.686440e+000  3.685646e+001  3.175000e+000
      vertex -1.686440e+000  3.390000e+001  3.175000e+000
    endloop
  endfacet
  facet normal  0.000000e+000  0.000000e+000  1.000000e+000
    outer loop
      vertex  1.686440e+000  3.685646e+001  3.175000e+000
      vertex -1.686440e+000  3.390000e+001  3.175000e+000
      vertex  1.686440e+000  3.390000e+001  3.175000e+000
    endloop
  endfacet
  facet normal -8.660254e-001  4.092953e-007 -5.000000e-001
    outer loop
      vertex -2.747172e+000  3.752365e+001 -1.591759e+000
      vertex -2.452298e+000  3.742145e+001 -2.102496e+000
      vertex -3.086013e+000  3.739416e+001 -1.004869e+000
    endloop
  endfacet
  facet normal -8.660255e-001 -1.598214e-007 -5.000000e-001
    outer loop
      vertex -3.086013e+000  3.739416e+001 -1.004869e+000
      vertex -2.452298e+000  3.742145e+001 -2.102496e+000
      vertex -1.906411e+000  3.685646e+001 -3.048000e+000
    endloop
  endfacet
  facet normal -8.660254e-001  0.000000e+000 -5.000000e-001
    outer loop
      vertex -3.086013e+000  3.739416e+001 -1.004869e+000
      vertex -1.906411e+000  3.685646e+001 -3.048000e+000
      vertex -3.592851e+000  3.685646e+001 -1.270000e-001
    endloop
  endfacet
  facet normal -8.660253e-001  0.000000e+000 -4.999999e-001
    outer loop
      vertex -3.592851e+000  3.685646e+001 -1.270000e-001
      vertex -1.906411e+000  3.685646e+001 -3.048000e+000
      vertex -1.906411e+000  3.390000e+001 -3.048000e+000
    endloop
  endfacet
  facet normal -8.660253e-001  0.000000e+000 -4.999999e-001
    outer loop
      vertex -3.592851e+000  3.685646e+001 -1.270000e-001
      vertex -1.906411e+000  3.390000e+001 -3.048000e+000
      vertex -3.592851e+000  3.390000e+001 -1.270000e-001
    endloop
  endfacet
  facet normal  8.660254e-001 -4.092953e-007 -5.000000e-001
    outer loop
      vertex  2.752090e+000  3.752365e+001 -1.583241e+000
      vertex  3.046964e+000  3.742145e+001 -1.072504e+000
      vertex  2.413249e+000  3.739416e+001 -2.170131e+000
    endloop
  endfacet
  facet normal  8.660254e-001  1.598214e-007 -5.000000e-001
    outer loop
      vertex  2.413249e+000  3.739416e+001 -2.170131e+000
      vertex  3.046964e+000  3.742145e+001 -1.072504e+000
      vertex  3.592851e+000  3.685646e+001 -1.270000e-001
    endloop
  endfacet
  facet normal  8.660254e-001  0.000000e+000 -5.000000e-001
    outer loop
      vertex  2.413249e+000  3.739416e+001 -2.170131e+000
      vertex  3.592851e+000  3.685646e+001 -1.270000e-001
      vertex  1.906411e+000  3.685646e+001 -3.048000e+000
    endloop
  endfacet
  facet normal  8.660253e-001  0.000000e+000 -4.999999e-001
    outer loop
      vertex  1.906411e+000  3.685646e+001 -3.048000e+000
      vertex  3.592851e+000  3.685646e+001 -1.270000e-001
      vertex  3.592851e+000  3.390000e+001 -1.270000e-001
    endloop
  endfacet
  facet normal  8.660253e-001  0.000000e+000 -4.999999e-001
    outer loop
      vertex  1.906411e+000  3.685646e+001 -3.048000e+000
      vertex  3.592851e+000  3.390000e+001 -1.270000e-001
      vertex  1.906411e+000  3.390000e+001 -3.048000e+000
    endloop
  endfacet
  facet normal -1.027857e-001  0.000000e+000 -9.947035e-001
    outer loop
      vertex -1.686440e+000  3.685646e+001 -3.175000e+000
      vertex -1.686440e+000  3.390000e+001 -3.175000e+000
      vertex -1.738379e+000  3.684310e+001 -3.169633e+000
    endloop
  endfacet
  facet normal -2.588176e-001 -2.806109e-003 -9.659221e-001
    outer loop
      vertex -1.738379e+000  3.684310e+001 -3.169633e+000
      vertex -1.686440e+000  3.390000e+001 -3.175000e+000
      vertex -1.813440e+000  3.390000e+001 -3.140970e+000
    endloop
  endfacet
  facet normal -3.570876e-001  1.036315e-005 -9.340709e-001
    outer loop
      vertex -1.738379e+000  3.684310e+001 -3.169633e+000
      vertex -1.813440e+000  3.390000e+001 -3.140970e+000
      vertex -1.813607e+000  3.683520e+001 -3.140874e+000
    endloop
  endfacet
  facet normal -6.103560e-001 -8.685224e-006 -7.921271e-001
    outer loop
      vertex -1.813607e+000  3.683520e+001 -3.140874e+000
      vertex -1.813440e+000  3.390000e+001 -3.140970e+000
      vertex -1.866631e+000  3.684071e+001 -3.100018e+000
    endloop
  endfacet
  facet normal -7.071033e-001 -2.942658e-003 -7.071041e-001
    outer loop
      vertex -1.866631e+000  3.684071e+001 -3.100018e+000
      vertex -1.813440e+000  3.390000e+001 -3.140970e+000
      vertex -1.906411e+000  3.390000e+001 -3.048000e+000
    endloop
  endfacet
  facet normal -7.943465e-001  0.000000e+000 -6.074651e-001
    outer loop
      vertex -1.866631e+000  3.684071e+001 -3.100018e+000
      vertex -1.906411e+000  3.390000e+001 -3.048000e+000
      vertex -1.906411e+000  3.685646e+001 -3.048000e+000
    endloop
  endfacet
  facet normal  8.100443e-001  0.000000e+000 -5.863686e-001
    outer loop
      vertex  1.906411e+000  3.685646e+001 -3.048000e+000
      vertex  1.906411e+000  3.390000e+001 -3.048000e+000
      vertex  1.875793e+000  3.684310e+001 -3.090297e+000
    endloop
  endfacet
  facet normal  7.071035e-001 -2.806090e-003 -7.071044e-001
    outer loop
      vertex  1.875793e+000  3.684310e+001 -3.090297e+000
      vertex  1.906411e+000  3.390000e+001 -3.048000e+000
      vertex  1.813440e+000  3.390000e+001 -3.140970e+000
    endloop
  endfacet
  facet normal  6.303846e-001  1.038061e-005 -7.762830e-001
    outer loop
      vertex  1.875793e+000  3.684310e+001 -3.090297e+000
      vertex  1.813440e+000  3.390000e+001 -3.140970e+000
      vertex  1.813273e+000  3.683520e+001 -3.141067e+000
    endloop
  endfacet
  facet normal  3.808241e-001 -8.645601e-006 -9.246475e-001
    outer loop
      vertex  1.813273e+000  3.683520e+001 -3.141067e+000
      vertex  1.813440e+000  3.390000e+001 -3.140970e+000
      vertex  1.751379e+000  3.684071e+001 -3.166559e+000
    endloop
  endfacet
  facet normal  2.588175e-001 -2.942639e-003 -9.659218e-001
    outer loop
      vertex  1.751379e+000  3.684071e+001 -3.166559e+000
      vertex  1.813440e+000  3.390000e+001 -3.140970e+000
      vertex  1.686440e+000  3.390000e+001 -3.175000e+000
    endloop
  endfacet
  facet normal  1.289068e-001  0.000000e+000 -9.916567e-001
    outer loop
      vertex  1.751379e+000  3.684071e+001 -3.166559e+000
      vertex  1.686440e+000  3.390000e+001 -3.175000e+000
      vertex  1.686440e+000  3.685646e+001 -3.175000e+000
    endloop
  endfacet
  facet normal  -0.000000e+000  0.000000e+000 -1.000000e+000
    outer loop
      vertex  4.918021e-003  3.752365e+001 -3.175000e+000
      vertex  5.946662e-001  3.742145e+001 -3.175000e+000
      vertex -6.727644e-001  3.739416e+001 -3.175000e+000
    endloop
  endfacet
  facet normal  0.000000e+000  0.000000e+000 -1.000000e+000
    outer loop
      vertex -6.727644e-001  3.739416e+001 -3.175000e+000
      vertex  5.946662e-001  3.742145e+001 -3.175000e+000
      vertex  1.686440e+000  3.685646e+001 -3.175000e+000
    endloop
  endfacet
  facet normal  0.000000e+000  0.000000e+000 -1.000000e+000
    outer loop
      vertex -6.727644e-001  3.739416e+001 -3.175000e+000
      vertex  1.686440e+000  3.685646e+001 -3.175000e+000
      vertex -1.686440e+000  3.685646e+001 -3.175000e+000
    endloop
  endfacet
  facet normal  0.000000e+000  0.000000e+000 -1.000000e+000
    outer loop
      vertex -1.686440e+000  3.685646e+001 -3.175000e+000
      vertex  1.686440e+000  3.685646e+001 -3.175000e+000
      vertex  1.686440e+000  3.390000e+001 -3.175000e+000
    endloop
  endfacet
  facet normal  0.000000e+000  0.000000e+000 -1.000000e+000
    outer loop
      vertex -1.686440e+000  3.685646e+001 -3.175000e+000
      vertex  1.686440e+000  3.390000e+001 -3.175000e+000
      vertex -1.686440e+000  3.390000e+001 -3.175000e+000
    endloop
  endfacet
  facet normal -3.314126e-001  9.238800e-001  1.913411e-001
    outer loop
      vertex -1.993013e+000  3.380000e+001  3.098000e+000
      vertex -1.931776e+000  3.382929e+001  3.062644e+000
      vertex -3.679453e+000  3.380000e+001  1.770000e-001
    endloop
  endfacet
  facet normal -3.314124e-001  9.238800e-001  1.913410e-001
    outer loop
      vertex -3.679453e+000  3.380000e+001  1.770000e-001
      vertex -1.931776e+000  3.382929e+001  3.062644e+000
      vertex -3.618216e+000  3.382929e+001  1.416446e-001
    endloop
  endfacet
  facet normal -8.001074e-001  3.826715e-001  4.619423e-001
    outer loop
      vertex -1.931776e+000  3.382929e+001  3.062644e+000
      vertex -1.906411e+000  3.390000e+001  3.048000e+000
      vertex -3.618216e+000  3.382929e+001  1.416446e-001
    endloop
  endfacet
  facet normal -8.001070e-001  3.826726e-001  4.619420e-001
    outer loop
      vertex -3.618216e+000  3.382929e+001  1.416446e-001
      vertex -1.906411e+000  3.390000e+001  3.048000e+000
      vertex -3.592851e+000  3.390000e+001  1.270000e-001
    endloop
  endfacet
  facet normal -1.020049e-001  9.190608e-001  3.806866e-001
    outer loop
      vertex -1.686440e+000  3.380000e+001  3.275000e+000
      vertex -1.686440e+000  3.382929e+001  3.204289e+000
      vertex -1.863440e+000  3.380000e+001  3.227573e+000
    endloop
  endfacet
  facet normal -1.020049e-001  9.190606e-001  3.806870e-001
    outer loop
      vertex -1.863440e+000  3.380000e+001  3.227573e+000
      vertex -1.686440e+000  3.382929e+001  3.204289e+000
      vertex -1.828085e+000  3.382929e+001  3.166336e+000
    endloop
  endfacet
  facet normal -2.403003e-001  3.714614e-001  8.968122e-001
    outer loop
      vertex -1.686440e+000  3.382929e+001  3.204289e+000
      vertex -1.686440e+000  3.390000e+001  3.175000e+000
      vertex -1.828085e+000  3.382929e+001  3.166336e+000
    endloop
  endfacet
  facet normal -2.402998e-001  3.714604e-001  8.968127e-001
    outer loop
      vertex -1.828085e+000  3.382929e+001  3.166336e+000
      vertex -1.686440e+000  3.390000e+001  3.175000e+000
      vertex -1.813440e+000  3.390000e+001  3.140970e+000
    endloop
  endfacet
  facet normal -2.786821e-001  9.190608e-001  2.786819e-001
    outer loop
      vertex -1.863440e+000  3.380000e+001  3.227573e+000
      vertex -1.828085e+000  3.382929e+001  3.166336e+000
      vertex -1.993013e+000  3.380000e+001  3.098000e+000
    endloop
  endfacet
  facet normal -2.786819e-001  9.190610e-001  2.786813e-001
    outer loop
      vertex -1.993013e+000  3.380000e+001  3.098000e+000
      vertex -1.828085e+000  3.382929e+001  3.166336e+000
      vertex -1.931776e+000  3.382929e+001  3.062644e+000
    endloop
  endfacet
  facet normal -6.565132e-001  3.714607e-001  6.565116e-001
    outer loop
      vertex -1.828085e+000  3.382929e+001  3.166336e+000
      vertex -1.813440e+000  3.390000e+001  3.140970e+000
      vertex -1.931776e+000  3.382929e+001  3.062644e+000
    endloop
  endfacet
  facet normal -6.565127e-001  3.714578e-001  6.565136e-001
    outer loop
      vertex -1.931776e+000  3.382929e+001  3.062644e+000
      vertex -1.813440e+000  3.390000e+001  3.140970e+000
      vertex -1.906411e+000  3.390000e+001  3.048000e+000
    endloop
  endfacet
  facet normal  0.000000e+000  9.238799e-001  3.826827e-001
    outer loop
      vertex  1.686440e+000  3.380000e+001  3.275000e+000
      vertex  1.686440e+000  3.382929e+001  3.204289e+000
      vertex -1.686440e+000  3.380000e+001  3.275000e+000
    endloop
  endfacet
  facet normal  0.000000e+000  9.238799e-001  3.826827e-001
    outer loop
      vertex -1.686440e+000  3.380000e+001  3.275000e+000
      vertex  1.686440e+000  3.382929e+001  3.204289e+000
      vertex -1.686440e+000  3.382929e+001  3.204289e+000
    endloop
  endfacet
  facet normal  0.000000e+000  3.826743e-001  9.238833e-001
    outer loop
      vertex  1.686440e+000  3.382929e+001  3.204289e+000
      vertex  1.686440e+000  3.390000e+001  3.175000e+000
      vertex -1.686440e+000  3.382929e+001  3.204289e+000
    endloop
  endfacet
  facet normal  0.000000e+000  3.826743e-001  9.238833e-001
    outer loop
      vertex -1.686440e+000  3.382929e+001  3.204289e+000
      vertex  1.686440e+000  3.390000e+001  3.175000e+000
      vertex -1.686440e+000  3.390000e+001  3.175000e+000
    endloop
  endfacet
  facet normal  2.786817e-001  9.190608e-001  2.786823e-001
    outer loop
      vertex  1.993013e+000  3.380000e+001  3.098000e+000
      vertex  1.931776e+000  3.382929e+001  3.062645e+000
      vertex  1.863440e+000  3.380000e+001  3.227573e+000
    endloop
  endfacet
  facet normal  2.786820e-001  9.190606e-001  2.786824e-001
    outer loop
      vertex  1.863440e+000  3.380000e+001  3.227573e+000
      vertex  1.931776e+000  3.382929e+001  3.062645e+000
      vertex  1.828085e+000  3.382929e+001  3.166336e+000
    endloop
  endfacet
  facet normal  6.565123e-001  3.714598e-001  6.565130e-001
    outer loop
      vertex  1.931776e+000  3.382929e+001  3.062645e+000
      vertex  1.906411e+000  3.390000e+001  3.048000e+000
      vertex  1.828085e+000  3.382929e+001  3.166336e+000
    endloop
  endfacet
  facet normal  6.565121e-001  3.714598e-001  6.565130e-001
    outer loop
      vertex  1.828085e+000  3.382929e+001  3.166336e+000
      vertex  1.906411e+000  3.390000e+001  3.048000e+000
      vertex  1.813440e+000  3.390000e+001  3.140970e+000
    endloop
  endfacet
  facet normal  1.020051e-001  9.190605e-001  3.806870e-001
    outer loop
      vertex  1.863440e+000  3.380000e+001  3.227573e+000
      vertex  1.828085e+000  3.382929e+001  3.166336e+000
      vertex  1.686440e+000  3.380000e+001  3.275000e+000
    endloop
  endfacet
  facet normal  1.020048e-001  9.190608e-001  3.806867e-001
    outer loop
      vertex  1.686440e+000  3.380000e+001  3.275000e+000
      vertex  1.828085e+000  3.382929e+001  3.166336e+000
      vertex  1.686440e+000  3.382929e+001  3.204289e+000
    endloop
  endfacet
  facet normal  2.403006e-001  3.714602e-001  8.968127e-001
    outer loop
      vertex  1.828085e+000  3.382929e+001  3.166336e+000
      vertex  1.813440e+000  3.390000e+001  3.140970e+000
      vertex  1.686440e+000  3.382929e+001  3.204289e+000
    endloop
  endfacet
  facet normal  2.402997e-001  3.714615e-001  8.968123e-001
    outer loop
      vertex  1.686440e+000  3.382929e+001  3.204289e+000
      vertex  1.813440e+000  3.390000e+001  3.140970e+000
      vertex  1.686440e+000  3.390000e+001  3.175000e+000
    endloop
  endfacet
  facet normal  3.314133e-001  9.238797e-001  1.913415e-001
    outer loop
      vertex  3.679453e+000  3.380000e+001  1.770001e-001
      vertex  3.618216e+000  3.382929e+001  1.416447e-001
      vertex  1.993013e+000  3.380000e+001  3.098000e+000
    endloop
  endfacet
  facet normal  3.314129e-001  9.238799e-001  1.913413e-001
    outer loop
      vertex  1.993013e+000  3.380000e+001  3.098000e+000
      vertex  3.618216e+000  3.382929e+001  1.416447e-001
      vertex  1.931776e+000  3.382929e+001  3.062645e+000
    endloop
  endfacet
  facet normal  8.001068e-001  3.826734e-001  4.619419e-001
    outer loop
      vertex  3.618216e+000  3.382929e+001  1.416447e-001
      vertex  3.592851e+000  3.390000e+001  1.270000e-001
      vertex  1.931776e+000  3.382929e+001  3.062645e+000
    endloop
  endfacet
  facet normal  8.001069e-001  3.826728e-001  4.619420e-001
    outer loop
      vertex  1.931776e+000  3.382929e+001  3.062645e+000
      vertex  3.592851e+000  3.390000e+001  1.270000e-001
      vertex  1.906411e+000  3.390000e+001  3.048000e+000
    endloop
  endfacet
  facet normal  3.806861e-001  9.190609e-001 -1.020043e-001
    outer loop
      vertex  3.679453e+000  3.380000e+001 -1.770000e-001
      vertex  3.618216e+000  3.382929e+001 -1.416447e-001
      vertex  3.726880e+000  3.380000e+001  5.275601e-008
    endloop
  endfacet
  facet normal  3.806866e-001  9.190609e-001 -1.020047e-001
    outer loop
      vertex  3.726880e+000  3.380000e+001  5.275601e-008
      vertex  3.618216e+000  3.382929e+001 -1.416447e-001
      vertex  3.656170e+000  3.382929e+001  4.221822e-008
    endloop
  endfacet
  facet normal  8.968127e-001  3.714603e-001 -2.403004e-001
    outer loop
      vertex  3.618216e+000  3.382929e+001 -1.416447e-001
      vertex  3.592851e+000  3.390000e+001 -1.270000e-001
      vertex  3.656170e+000  3.382929e+001  4.221822e-008
    endloop
  endfacet
  facet normal  8.968124e-001  3.714614e-001 -2.402997e-001
    outer loop
      vertex  3.656170e+000  3.382929e+001  4.221822e-008
      vertex  3.592851e+000  3.390000e+001 -1.270000e-001
      vertex  3.626880e+000  3.390000e+001 -4.474958e-015
    endloop
  endfacet
  facet normal  3.806865e-001  9.190608e-001  1.020050e-001
    outer loop
      vertex  3.726880e+000  3.380000e+001  5.275601e-008
      vertex  3.656170e+000  3.382929e+001  4.221822e-008
      vertex  3.679453e+000  3.380000e+001  1.770001e-001
    endloop
  endfacet
  facet normal  3.806871e-001  9.190605e-001  1.020049e-001
    outer loop
      vertex  3.679453e+000  3.380000e+001  1.770001e-001
      vertex  3.656170e+000  3.382929e+001  4.221822e-008
      vertex  3.618216e+000  3.382929e+001  1.416447e-001
    endloop
  endfacet
  facet normal  8.968122e-001  3.714615e-001  2.403003e-001
    outer loop
      vertex  3.656170e+000  3.382929e+001  4.221822e-008
      vertex  3.626880e+000  3.390000e+001 -4.474958e-015
      vertex  3.618216e+000  3.382929e+001  1.416447e-001
    endloop
  endfacet
  facet normal  8.968128e-001  3.714604e-001  2.402998e-001
    outer loop
      vertex  3.618216e+000  3.382929e+001  1.416447e-001
      vertex  3.626880e+000  3.390000e+001 -4.474958e-015
      vertex  3.592851e+000  3.390000e+001  1.270000e-001
    endloop
  endfacet
  facet normal  3.314126e-001  9.238800e-001 -1.913411e-001
    outer loop
      vertex  1.993013e+000  3.380000e+001 -3.098000e+000
      vertex  1.931776e+000  3.382929e+001 -3.062644e+000
      vertex  3.679453e+000  3.380000e+001 -1.770000e-001
    endloop
  endfacet
  facet normal  3.314126e-001  9.238801e-001 -1.913411e-001
    outer loop
      vertex  3.679453e+000  3.380000e+001 -1.770000e-001
      vertex  1.931776e+000  3.382929e+001 -3.062644e+000
      vertex  3.618216e+000  3.382929e+001 -1.416447e-001
    endloop
  endfacet
  facet normal  8.001074e-001  3.826715e-001 -4.619423e-001
    outer loop
      vertex  1.931776e+000  3.382929e+001 -3.062644e+000
      vertex  1.906411e+000  3.390000e+001 -3.048000e+000
      vertex  3.618216e+000  3.382929e+001 -1.416447e-001
    endloop
  endfacet
  facet normal  8.001069e-001  3.826730e-001 -4.619419e-001
    outer loop
      vertex  3.618216e+000  3.382929e+001 -1.416447e-001
      vertex  1.906411e+000  3.390000e+001 -3.048000e+000
      vertex  3.592851e+000  3.390000e+001 -1.270000e-001
    endloop
  endfacet
  facet normal  1.020049e-001  9.190608e-001 -3.806866e-001
    outer loop
      vertex  1.686440e+000  3.380000e+001 -3.275000e+000
      vertex  1.686440e+000  3.382929e+001 -3.204289e+000
      vertex  1.863440e+000  3.380000e+001 -3.227573e+000
    endloop
  endfacet
  facet normal  1.020049e-001  9.190606e-001 -3.806870e-001
    outer loop
      vertex  1.863440e+000  3.380000e+001 -3.227573e+000
      vertex  1.686440e+000  3.382929e+001 -3.204289e+000
      vertex  1.828085e+000  3.382929e+001 -3.166336e+000
    endloop
  endfacet
  facet normal  2.403003e-001  3.714614e-001 -8.968122e-001
    outer loop
      vertex  1.686440e+000  3.382929e+001 -3.204289e+000
      vertex  1.686440e+000  3.390000e+001 -3.175000e+000
      vertex  1.828085e+000  3.382929e+001 -3.166336e+000
    endloop
  endfacet
  facet normal  2.402998e-001  3.714604e-001 -8.968127e-001
    outer loop
      vertex  1.828085e+000  3.382929e+001 -3.166336e+000
      vertex  1.686440e+000  3.390000e+001 -3.175000e+000
      vertex  1.813440e+000  3.390000e+001 -3.140970e+000
    endloop
  endfacet
  facet normal  2.786821e-001  9.190608e-001 -2.786819e-001
    outer loop
      vertex  1.863440e+000  3.380000e+001 -3.227573e+000
      vertex  1.828085e+000  3.382929e+001 -3.166336e+000
      vertex  1.993013e+000  3.380000e+001 -3.098000e+000
    endloop
  endfacet
  facet normal  2.786819e-001  9.190610e-001 -2.786813e-001
    outer loop
      vertex  1.993013e+000  3.380000e+001 -3.098000e+000
      vertex  1.828085e+000  3.382929e+001 -3.166336e+000
      vertex  1.931776e+000  3.382929e+001 -3.062644e+000
    endloop
  endfacet
  facet normal  6.565132e-001  3.714607e-001 -6.565116e-001
    outer loop
      vertex  1.828085e+000  3.382929e+001 -3.166336e+000
      vertex  1.813440e+000  3.390000e+001 -3.140970e+000
      vertex  1.931776e+000  3.382929e+001 -3.062644e+000
    endloop
  endfacet
  facet normal  6.565127e-001  3.714578e-001 -6.565136e-001
    outer loop
      vertex  1.931776e+000  3.382929e+001 -3.062644e+000
      vertex  1.813440e+000  3.390000e+001 -3.140970e+000
      vertex  1.906411e+000  3.390000e+001 -3.048000e+000
    endloop
  endfacet
  facet normal  0.000000e+000  9.238799e-001 -3.826827e-001
    outer loop
      vertex -1.686440e+000  3.380000e+001 -3.275000e+000
      vertex -1.686440e+000  3.382929e+001 -3.204289e+000
      vertex  1.686440e+000  3.380000e+001 -3.275000e+000
    endloop
  endfacet
  facet normal  0.000000e+000  9.238799e-001 -3.826827e-001
    outer loop
      vertex  1.686440e+000  3.380000e+001 -3.275000e+000
      vertex -1.686440e+000  3.382929e+001 -3.204289e+000
      vertex  1.686440e+000  3.382929e+001 -3.204289e+000
    endloop
  endfacet
  facet normal  0.000000e+000  3.826743e-001 -9.238833e-001
    outer loop
      vertex -1.686440e+000  3.382929e+001 -3.204289e+000
      vertex -1.686440e+000  3.390000e+001 -3.175000e+000
      vertex  1.686440e+000  3.382929e+001 -3.204289e+000
    endloop
  endfacet
  facet normal  0.000000e+000  3.826743e-001 -9.238833e-001
    outer loop
      vertex  1.686440e+000  3.382929e+001 -3.204289e+000
      vertex -1.686440e+000  3.390000e+001 -3.175000e+000
      vertex  1.686440e+000  3.390000e+001 -3.175000e+000
    endloop
  endfacet
  facet normal -2.786817e-001  9.190608e-001 -2.786823e-001
    outer loop
      vertex -1.993013e+000  3.380000e+001 -3.098000e+000
      vertex -1.931776e+000  3.382929e+001 -3.062645e+000
      vertex -1.863440e+000  3.380000e+001 -3.227573e+000
    endloop
  endfacet
  facet normal -2.786820e-001  9.190606e-001 -2.786824e-001
    outer loop
      vertex -1.863440e+000  3.380000e+001 -3.227573e+000
      vertex -1.931776e+000  3.382929e+001 -3.062645e+000
      vertex -1.828085e+000  3.382929e+001 -3.166336e+000
    endloop
  endfacet
  facet normal -6.565123e-001  3.714598e-001 -6.565130e-001
    outer loop
      vertex -1.931776e+000  3.382929e+001 -3.062645e+000
      vertex -1.906411e+000  3.390000e+001 -3.048000e+000
      vertex -1.828085e+000  3.382929e+001 -3.166336e+000
    endloop
  endfacet
  facet normal -6.565121e-001  3.714598e-001 -6.565130e-001
    outer loop
      vertex -1.828085e+000  3.382929e+001 -3.166336e+000
      vertex -1.906411e+000  3.390000e+001 -3.048000e+000
      vertex -1.813440e+000  3.390000e+001 -3.140970e+000
    endloop
  endfacet
  facet normal -1.020051e-001  9.190605e-001 -3.806870e-001
    outer loop
      vertex -1.863440e+000  3.380000e+001 -3.227573e+000
      vertex -1.828085e+000  3.382929e+001 -3.166336e+000
      vertex -1.686440e+000  3.380000e+001 -3.275000e+000
    endloop
  endfacet
  facet normal -1.020048e-001  9.190608e-001 -3.806867e-001
    outer loop
      vertex -1.686440e+000  3.380000e+001 -3.275000e+000
      vertex -1.828085e+000  3.382929e+001 -3.166336e+000
      vertex -1.686440e+000  3.382929e+001 -3.204289e+000
    endloop
  endfacet
  facet normal -2.403006e-001  3.714602e-001 -8.968127e-001
    outer loop
      vertex -1.828085e+000  3.382929e+001 -3.166336e+000
      vertex -1.813440e+000  3.390000e+001 -3.140970e+000
      vertex -1.686440e+000  3.382929e+001 -3.204289e+000
    endloop
  endfacet
  facet normal -2.402997e-001  3.714615e-001 -8.968123e-001
    outer loop
      vertex -1.686440e+000  3.382929e+001 -3.204289e+000
      vertex -1.813440e+000  3.390000e+001 -3.140970e+000
      vertex -1.686440e+000  3.390000e+001 -3.175000e+000
    endloop
  endfacet
  facet normal -3.314133e-001  9.238796e-001 -1.913416e-001
    outer loop
      vertex -3.679453e+000  3.380000e+001 -1.770000e-001
      vertex -3.618216e+000  3.382929e+001 -1.416447e-001
      vertex -1.993013e+000  3.380000e+001 -3.098000e+000
    endloop
  endfacet
  facet normal -3.314129e-001  9.238799e-001 -1.913413e-001
    outer loop
      vertex -1.993013e+000  3.380000e+001 -3.098000e+000
      vertex -3.618216e+000  3.382929e+001 -1.416447e-001
      vertex -1.931776e+000  3.382929e+001 -3.062645e+000
    endloop
  endfacet
  facet normal -8.001068e-001  3.826732e-001 -4.619419e-001
    outer loop
      vertex -3.618216e+000  3.382929e+001 -1.416447e-001
      vertex -3.592851e+000  3.390000e+001 -1.270000e-001
      vertex -1.931776e+000  3.382929e+001 -3.062645e+000
    endloop
  endfacet
  facet normal -8.001069e-001  3.826728e-001 -4.619420e-001
    outer loop
      vertex -1.931776e+000  3.382929e+001 -3.062645e+000
      vertex -3.592851e+000  3.390000e+001 -1.270000e-001
      vertex -1.906411e+000  3.390000e+001 -3.048000e+000
    endloop
  endfacet
  facet normal -3.806861e-001  9.190611e-001  1.020043e-001
    outer loop
      vertex -3.679453e+000  3.380000e+001  1.770000e-001
      vertex -3.618216e+000  3.382929e+001  1.416446e-001
      vertex -3.726880e+000  3.380000e+001 -6.500987e-008
    endloop
  endfacet
  facet normal -3.806866e-001  9.190608e-001  1.020048e-001
    outer loop
      vertex -3.726880e+000  3.380000e+001 -6.500987e-008
      vertex -3.618216e+000  3.382929e+001  1.416446e-001
      vertex -3.656170e+000  3.382929e+001 -5.202444e-008
    endloop
  endfacet
  facet normal -8.968127e-001  3.714601e-001  2.403005e-001
    outer loop
      vertex -3.618216e+000  3.382929e+001  1.416446e-001
      vertex -3.592851e+000  3.390000e+001  1.270000e-001
      vertex -3.656170e+000  3.382929e+001 -5.202444e-008
    endloop
  endfacet
  facet normal -8.968124e-001  3.714613e-001  2.402997e-001
    outer loop
      vertex -3.656170e+000  3.382929e+001 -5.202444e-008
      vertex -3.592851e+000  3.390000e+001  1.270000e-001
      vertex -3.626880e+000  3.390000e+001  3.755880e-015
    endloop
  endfacet
  facet normal -3.806865e-001  9.190608e-001 -1.020050e-001
    outer loop
      vertex -3.726880e+000  3.380000e+001 -6.500987e-008
      vertex -3.656170e+000  3.382929e+001 -5.202444e-008
      vertex -3.679453e+000  3.380000e+001 -1.770000e-001
    endloop
  endfacet
  facet normal -3.806871e-001  9.190606e-001 -1.020049e-001
    outer loop
      vertex -3.679453e+000  3.380000e+001 -1.770000e-001
      vertex -3.656170e+000  3.382929e+001 -5.202444e-008
      vertex -3.618216e+000  3.382929e+001 -1.416447e-001
    endloop
  endfacet
  facet normal -8.968121e-001  3.714616e-001 -2.403004e-001
    outer loop
      vertex -3.656170e+000  3.382929e+001 -5.202444e-008
      vertex -3.626880e+000  3.390000e+001  3.755880e-015
      vertex -3.618216e+000  3.382929e+001 -1.416447e-001
    endloop
  endfacet
  facet normal -8.968128e-001  3.714603e-001 -2.402998e-001
    outer loop
      vertex -3.618216e+000  3.382929e+001 -1.416447e-001
      vertex -3.626880e+000  3.390000e+001  3.755880e-015
      vertex -3.592851e+000  3.390000e+001 -1.270000e-001
    endloop
  endfacet
  facet normal -9.485869e-001  9.928402e-002 -3.005418e-001
    outer loop
      vertex -3.597320e+000  3.689851e+001 -9.899914e-002
      vertex -3.592851e+000  3.685646e+001 -1.270000e-001
      vertex -3.613669e+000  3.688255e+001 -5.267465e-002
    endloop
  endfacet
  facet normal -9.093288e-001  2.408932e-001 -3.392516e-001
    outer loop
      vertex -3.613669e+000  3.688255e+001 -5.267465e-002
      vertex -3.592851e+000  3.685646e+001 -1.270000e-001
      vertex -3.614172e+000  3.684310e+001 -7.933574e-002
    endloop
  endfacet
  facet normal -9.903005e-001  8.625826e-002 -1.089243e-001
    outer loop
      vertex -3.613669e+000  3.688255e+001 -5.267465e-002
      vertex -3.614172e+000  3.684310e+001 -7.933574e-002
      vertex -3.620014e+000  3.687638e+001  1.398384e-004
    endloop
  endfacet
  facet normal -9.767157e-001  1.626353e-001 -1.399150e-001
    outer loop
      vertex -3.620014e+000  3.687638e+001  1.398384e-004
      vertex -3.614172e+000  3.684310e+001 -7.933574e-002
      vertex -3.626880e+000  3.683520e+001  1.925056e-004
    endloop
  endfacet
  facet normal -9.814440e-001  1.637300e-001  9.980091e-002
    outer loop
      vertex -3.620014e+000  3.687638e+001  1.398384e-004
      vertex -3.626880e+000  3.683520e+001  1.925056e-004
      vertex -3.613613e+000  3.688260e+001  5.289328e-002
    endloop
  endfacet
  facet normal -9.826069e-001  1.420883e-001  1.195592e-001
    outer loop
      vertex -3.613613e+000  3.688260e+001  5.289328e-002
      vertex -3.626880e+000  3.683520e+001  1.925056e-004
      vertex -3.618010e+000  3.684071e+001  6.654081e-002
    endloop
  endfacet
  facet normal -9.447339e-001  1.869144e-001  2.693339e-001
    outer loop
      vertex -3.613613e+000  3.688260e+001  5.289328e-002
      vertex -3.618010e+000  3.684071e+001  6.654081e-002
      vertex -3.597320e+000  3.689851e+001  9.899914e-002
    endloop
  endfacet
  facet normal -9.267837e-001  1.348881e-001  3.505383e-001
    outer loop
      vertex -3.597320e+000  3.689851e+001  9.899914e-002
      vertex -3.618010e+000  3.684071e+001  6.654081e-002
      vertex -3.592851e+000  3.685646e+001  1.270000e-001
    endloop
  endfacet
  facet normal -8.805160e-001  4.583911e-001 -1.207030e-001
    outer loop
      vertex -3.583532e+000  3.693386e+001 -6.533536e-002
      vertex -3.597320e+000  3.689851e+001 -9.899914e-002
      vertex -3.595917e+000  3.691838e+001 -3.377009e-002
    endloop
  endfacet
  facet normal -8.586792e-001  4.951264e-001 -1.323633e-001
    outer loop
      vertex -3.595917e+000  3.691838e+001 -3.377009e-002
      vertex -3.597320e+000  3.689851e+001 -9.899914e-002
      vertex -3.613669e+000  3.688255e+001 -5.267465e-002
    endloop
  endfacet
  facet normal -8.869326e-001  4.601969e-001 -3.961486e-002
    outer loop
      vertex -3.595917e+000  3.691838e+001 -3.377009e-002
      vertex -3.613669e+000  3.688255e+001 -5.267465e-002
      vertex -3.600157e+000  3.691313e+001  9.424193e-005
    endloop
  endfacet
  facet normal -8.786663e-001  4.747911e-001 -5.018951e-002
    outer loop
      vertex -3.600157e+000  3.691313e+001  9.424193e-005
      vertex -3.613669e+000  3.688255e+001 -5.267465e-002
      vertex -3.620014e+000  3.687638e+001  1.398384e-004
    endloop
  endfacet
  facet normal -8.788719e-001  4.750191e-001  4.405609e-002
    outer loop
      vertex -3.600157e+000  3.691313e+001  9.424193e-005
      vertex -3.620014e+000  3.687638e+001  1.398384e-004
      vertex -3.593987e+000  3.692078e+001  4.063066e-002
    endloop
  endfacet
  facet normal -8.813787e-001  4.695805e-001  5.163114e-002
    outer loop
      vertex -3.593987e+000  3.692078e+001  4.063066e-002
      vertex -3.620014e+000  3.687638e+001  1.398384e-004
      vertex -3.613613e+000  3.688260e+001  5.289328e-002
    endloop
  endfacet
  facet normal -8.686823e-001  4.825000e-001  1.121820e-001
    outer loop
      vertex -3.593987e+000  3.692078e+001  4.063066e-002
      vertex -3.613613e+000  3.688260e+001  5.289328e-002
      vertex -3.583532e+000  3.693386e+001  6.533536e-002
    endloop
  endfacet
  facet normal -8.683771e-001  4.748511e-001  1.429600e-001
    outer loop
      vertex -3.583532e+000  3.693386e+001  6.533536e-002
      vertex -3.613613e+000  3.688260e+001  5.289328e-002
      vertex -3.597320e+000  3.689851e+001  9.899914e-002
    endloop
  endfacet
  facet normal -8.699794e-001  7.342150e-002  4.875909e-001
    outer loop
      vertex -3.046964e+000  3.742145e+001  1.072504e+000
      vertex -2.752090e+000  3.752365e+001  1.583241e+000
      vertex -2.865417e+000  3.753892e+001  1.378739e+000
    endloop
  endfacet
  facet normal  8.376375e-001  3.236459e-001 -4.400190e-001
    outer loop
      vertex -2.404163e+000  3.742864e+001  2.175687e+000
      vertex -2.865417e+000  3.753892e+001  1.378739e+000
      vertex -2.752090e+000  3.752365e+001  1.583241e+000
    endloop
  endfacet
  facet normal  2.015721e-001  9.694834e-001  1.395375e-001
    outer loop
      vertex -2.738729e+000  3.758464e+001  1.575142e+000
      vertex -2.404163e+000  3.742864e+001  2.175687e+000
      vertex -2.273634e+000  3.737411e+001  2.366028e+000
    endloop
  endfacet
  facet normal -7.630668e-001  2.515590e-001  5.953547e-001
    outer loop
      vertex -2.273634e+000  3.737411e+001  2.366028e+000
      vertex -2.404163e+000  3.742864e+001  2.175687e+000
      vertex -1.884396e+000  3.689851e+001  3.065871e+000
    endloop
  endfacet
  facet normal -5.729400e-001  4.937385e-001  6.541880e-001
    outer loop
      vertex -1.848348e+000  3.693386e+001  3.070762e+000
      vertex -2.273634e+000  3.737411e+001  2.366028e+000
      vertex -1.884396e+000  3.689851e+001  3.065871e+000
    endloop
  endfacet
  facet normal -8.983898e-001  1.732287e-001  4.035932e-001
    outer loop
      vertex -3.597320e+000  3.689851e+001  9.899914e-002
      vertex -3.592851e+000  3.685646e+001  1.270000e-001
      vertex -3.197475e+000  3.733897e+001  7.999954e-001
    endloop
  endfacet
  facet normal -8.823208e-001  7.490063e-002  4.646505e-001
    outer loop
      vertex -3.197475e+000  3.733897e+001  7.999954e-001
      vertex -3.592851e+000  3.685646e+001  1.270000e-001
      vertex -3.046964e+000  3.742145e+001  1.072504e+000
    endloop
  endfacet
  facet normal -8.417529e-001  4.214891e-001  3.373408e-001
    outer loop
      vertex -3.197475e+000  3.733897e+001  7.999954e-001
      vertex -3.046964e+000  3.742145e+001  1.072504e+000
      vertex -2.865417e+000  3.753892e+001  1.378739e+000
    endloop
  endfacet
  facet normal -8.015704e-001  1.768917e-001  5.711342e-001
    outer loop
      vertex -1.906411e+000  3.685646e+001  3.048000e+000
      vertex -1.884396e+000  3.689851e+001  3.065871e+000
      vertex -2.413249e+000  3.739416e+001  2.170131e+000
    endloop
  endfacet
  facet normal -8.217763e-001  1.270252e-001  5.554711e-001
    outer loop
      vertex -2.413249e+000  3.739416e+001  2.170131e+000
      vertex -1.884396e+000  3.689851e+001  3.065871e+000
      vertex -2.404163e+000  3.742864e+001  2.175687e+000
    endloop
  endfacet
  facet normal -8.440439e-001  1.389349e-001  5.179642e-001
    outer loop
      vertex -2.413249e+000  3.739416e+001  2.170131e+000
      vertex -2.404163e+000  3.742864e+001  2.175687e+000
      vertex -2.752090e+000  3.752365e+001  1.583241e+000
    endloop
  endfacet
  facet normal -8.532153e-001  4.935026e-001  1.687565e-001
    outer loop
      vertex -3.583532e+000  3.693386e+001  6.533536e-002
      vertex -3.597320e+000  3.689851e+001  9.899914e-002
      vertex -3.189594e+000  3.737078e+001  7.793353e-001
    endloop
  endfacet
  facet normal -8.840621e-001  3.880973e-001  2.604125e-001
    outer loop
      vertex -3.189594e+000  3.737078e+001  7.793353e-001
      vertex -3.597320e+000  3.689851e+001  9.899914e-002
      vertex -3.197475e+000  3.733897e+001  7.999954e-001
    endloop
  endfacet
  facet normal -8.287556e-001  4.343925e-001  3.527994e-001
    outer loop
      vertex -3.189594e+000  3.737078e+001  7.793353e-001
      vertex -3.197475e+000  3.733897e+001  7.999954e-001
      vertex -2.738729e+000  3.758464e+001  1.575142e+000
    endloop
  endfacet
  facet normal  7.022625e-001  4.441511e-001 -5.563785e-001
    outer loop
      vertex -2.738729e+000  3.758464e+001  1.575142e+000
      vertex -3.197475e+000  3.733897e+001  7.999954e-001
      vertex -2.865417e+000  3.753892e+001  1.378739e+000
    endloop
  endfacet
  facet normal -8.463447e-001  1.511030e-001  5.107529e-001
    outer loop
      vertex -2.738729e+000  3.758464e+001  1.575142e+000
      vertex -2.865417e+000  3.753892e+001  1.378739e+000
      vertex -2.404163e+000  3.742864e+001  2.175687e+000
    endloop
  endfacet
  facet normal -8.572561e-001  7.342146e-002 -5.096287e-001
    outer loop
      vertex -2.452298e+000  3.742145e+001 -2.102496e+000
      vertex -2.747172e+000  3.752365e+001 -1.591759e+000
      vertex -2.626731e+000  3.753892e+001 -1.792154e+000
    endloop
  endfacet
  facet normal  7.998888e-001  3.236391e-001  5.054064e-001
    outer loop
      vertex -3.086282e+000  3.742864e+001 -9.942225e-001
      vertex -2.626731e+000  3.753892e+001 -1.792154e+000
      vertex -2.747172e+000  3.752365e+001 -1.591759e+000
    endloop
  endfacet
  facet normal -2.005645e-002  9.694834e-001  2.443357e-001
    outer loop
      vertex -2.733477e+000  3.758464e+001 -1.584237e+000
      vertex -3.086282e+000  3.742864e+001 -9.942225e-001
      vertex -3.185858e+000  3.737411e+001 -7.860109e-001
    endloop
  endfacet
  facet normal -8.971256e-001  2.515598e-001 -3.631574e-001
    outer loop
      vertex -3.185858e+000  3.737411e+001 -7.860109e-001
      vertex -3.086282e+000  3.742864e+001 -9.942225e-001
      vertex -3.597320e+000  3.689851e+001 -9.899914e-002
    endloop
  endfacet
  facet normal -8.530135e-001  4.937384e-001 -1.690867e-001
    outer loop
      vertex -3.583532e+000  3.693386e+001 -6.533536e-002
      vertex -3.185858e+000  3.737411e+001 -7.860109e-001
      vertex -3.597320e+000  3.689851e+001 -9.899914e-002
    endloop
  endfacet
  facet normal -7.987159e-001  1.732311e-001 -5.762326e-001
    outer loop
      vertex -1.884396e+000  3.689851e+001 -3.065871e+000
      vertex -1.906411e+000  3.685646e+001 -3.048000e+000
      vertex -2.291554e+000  3.733897e+001 -2.369097e+000
    endloop
  endfacet
  facet normal -8.435588e-001  7.490271e-002 -5.317877e-001
    outer loop
      vertex -2.291554e+000  3.733897e+001 -2.369097e+000
      vertex -1.906411e+000  3.685646e+001 -3.048000e+000
      vertex -2.452298e+000  3.742145e+001 -2.102496e+000
    endloop
  endfacet
  facet normal -7.130173e-001  4.214974e-001 -5.603092e-001
    outer loop
      vertex -2.291554e+000  3.733897e+001 -2.369097e+000
      vertex -2.452298e+000  3.742145e+001 -2.102496e+000
      vertex -2.626731e+000  3.753892e+001 -1.792154e+000
    endloop
  endfacet
  facet normal -8.954017e-001  1.768893e-001 -4.086145e-001
    outer loop
      vertex -3.592851e+000  3.685646e+001 -1.270000e-001
      vertex -3.597320e+000  3.689851e+001 -9.899914e-002
      vertex -3.086013e+000  3.739416e+001 -1.004869e+000
    endloop
  endfacet
  facet normal -8.919399e-001  1.270216e-001 -4.339455e-001
    outer loop
      vertex -3.086013e+000  3.739416e+001 -1.004869e+000
      vertex -3.597320e+000  3.689851e+001 -9.899914e-002
      vertex -3.086282e+000  3.742864e+001 -9.942225e-001
    endloop
  endfacet
  facet normal -8.705922e-001  1.389310e-001 -4.719824e-001
    outer loop
      vertex -3.086013e+000  3.739416e+001 -1.004869e+000
      vertex -3.086282e+000  3.742864e+001 -9.942225e-001
      vertex -2.747172e+000  3.752365e+001 -1.591759e+000
    endloop
  endfacet
  facet normal -5.727552e-001  4.935026e-001 -6.545279e-001
    outer loop
      vertex -1.848348e+000  3.693386e+001 -3.070762e+000
      vertex -1.884396e+000  3.689851e+001 -3.065871e+000
      vertex -2.269721e+000  3.737078e+001 -2.372602e+000
    endloop
  endfacet
  facet normal -6.675558e-001  3.880962e-001 -6.354138e-001
    outer loop
      vertex -2.269721e+000  3.737078e+001 -2.372602e+000
      vertex -1.884396e+000  3.689851e+001 -3.065871e+000
      vertex -2.291554e+000  3.733897e+001 -2.369097e+000
    endloop
  endfacet
  facet normal -7.199116e-001  4.343915e-001 -5.413238e-001
    outer loop
      vertex -2.269721e+000  3.737078e+001 -2.372602e+000
      vertex -2.291554e+000  3.733897e+001 -2.369097e+000
      vertex -2.733477e+000  3.758464e+001 -1.584237e+000
    endloop
  endfacet
  facet normal  8.329685e-001  4.441537e-001  3.299865e-001
    outer loop
      vertex -2.733477e+000  3.758464e+001 -1.584237e+000
      vertex -2.291554e+000  3.733897e+001 -2.369097e+000
      vertex -2.626731e+000  3.753892e+001 -1.792154e+000
    endloop
  endfacet
  facet normal -8.654972e-001  1.511047e-001 -4.775794e-001
    outer loop
      vertex -2.733477e+000  3.758464e+001 -1.584237e+000
      vertex -2.626731e+000  3.753892e+001 -1.792154e+000
      vertex -3.086282e+000  3.742864e+001 -9.942225e-001
    endloop
  endfacet
  facet normal -7.345687e-001  9.928595e-002  6.712310e-001
    outer loop
      vertex -1.884396e+000  3.689851e+001  3.065871e+000
      vertex -1.906411e+000  3.685646e+001  3.048000e+000
      vertex -1.852452e+000  3.688255e+001  3.103191e+000
    endloop
  endfacet
  facet normal -7.484634e-001  2.408968e-001  6.178764e-001
    outer loop
      vertex -1.852452e+000  3.688255e+001  3.103191e+000
      vertex -1.906411e+000  3.685646e+001  3.048000e+000
      vertex -1.875793e+000  3.684310e+001  3.090297e+000
    endloop
  endfacet
  facet normal -5.894828e-001  8.626582e-002  8.031614e-001
    outer loop
      vertex -1.852452e+000  3.688255e+001  3.103191e+000
      vertex -1.875793e+000  3.684310e+001  3.090297e+000
      vertex -1.809886e+000  3.687638e+001  3.135094e+000
    endloop
  endfacet
  facet normal -6.095268e-001  1.626347e-001  7.759039e-001
    outer loop
      vertex -1.809886e+000  3.687638e+001  3.135094e+000
      vertex -1.875793e+000  3.684310e+001  3.090297e+000
      vertex -1.813273e+000  3.683520e+001  3.141067e+000
    endloop
  endfacet
  facet normal -4.042879e-001  1.637287e-001  8.998578e-001
    outer loop
      vertex -1.809886e+000  3.687638e+001  3.135094e+000
      vertex -1.813273e+000  3.683520e+001  3.141067e+000
      vertex -1.761000e+000  3.688260e+001  3.155927e+000
    endloop
  endfacet
  facet normal -3.877610e-001  1.420907e-001  9.107424e-001
    outer loop
      vertex -1.761000e+000  3.688260e+001  3.155927e+000
      vertex -1.813273e+000  3.683520e+001  3.141067e+000
      vertex -1.751379e+000  3.684071e+001  3.166559e+000
    endloop
  endfacet
  facet normal -2.391196e-001  1.869157e-001  9.528297e-001
    outer loop
      vertex -1.761000e+000  3.688260e+001  3.155927e+000
      vertex -1.751379e+000  3.684071e+001  3.166559e+000
      vertex -1.712924e+000  3.689851e+001  3.164870e+000
    endloop
  endfacet
  facet normal -1.598184e-001  1.348888e-001  9.778870e-001
    outer loop
      vertex -1.712924e+000  3.689851e+001  3.164870e+000
      vertex -1.751379e+000  3.684071e+001  3.166559e+000
      vertex -1.686440e+000  3.685646e+001  3.175000e+000
    endloop
  endfacet
  facet normal -5.447921e-001  4.583938e-001  7.021942e-001
    outer loop
      vertex -1.848348e+000  3.693386e+001  3.070762e+000
      vertex -1.884396e+000  3.689851e+001  3.065871e+000
      vertex -1.827205e+000  3.691838e+001  3.097271e+000
    endloop
  endfacet
  facet normal -5.439719e-001  4.951208e-001  6.774585e-001
    outer loop
      vertex -1.827205e+000  3.691838e+001  3.097271e+000
      vertex -1.884396e+000  3.689851e+001  3.065871e+000
      vertex -1.852452e+000  3.688255e+001  3.103191e+000
    endloop
  endfacet
  facet normal -4.777760e-001  4.601909e-001  7.483010e-001
    outer loop
      vertex -1.827205e+000  3.691838e+001  3.097271e+000
      vertex -1.852452e+000  3.688255e+001  3.103191e+000
      vertex -1.799997e+000  3.691313e+001  3.117875e+000
    endloop
  endfacet
  facet normal -4.828019e-001  4.747885e-001  7.358521e-001
    outer loop
      vertex -1.799997e+000  3.691313e+001  3.117875e+000
      vertex -1.852452e+000  3.688255e+001  3.103191e+000
      vertex -1.809886e+000  3.687638e+001  3.135094e+000
    endloop
  endfacet
  facet normal -4.012805e-001  4.750167e-001  7.831559e-001
    outer loop
      vertex -1.799997e+000  3.691313e+001  3.117875e+000
      vertex -1.809886e+000  3.687638e+001  3.135094e+000
      vertex -1.761806e+000  3.692078e+001  3.132800e+000
    endloop
  endfacet
  facet normal -3.959724e-001  4.695767e-001  7.891157e-001
    outer loop
      vertex -1.761806e+000  3.692078e+001  3.132800e+000
      vertex -1.809886e+000  3.687638e+001  3.135094e+000
      vertex -1.761000e+000  3.688260e+001  3.155927e+000
    endloop
  endfacet
  facet normal -3.371878e-001  4.824956e-001  8.083950e-001
    outer loop
      vertex -1.761806e+000  3.692078e+001  3.132800e+000
      vertex -1.761000e+000  3.688260e+001  3.155927e+000
      vertex -1.735184e+000  3.693386e+001  3.136097e+000
    endloop
  endfacet
  facet normal -3.103828e-001  4.748473e-001  8.235185e-001
    outer loop
      vertex -1.735184e+000  3.693386e+001  3.136097e+000
      vertex -1.761000e+000  3.688260e+001  3.155927e+000
      vertex -1.712924e+000  3.689851e+001  3.164870e+000
    endloop
  endfacet
  facet normal -2.140169e-001  9.928570e-002 -9.717712e-001
    outer loop
      vertex -1.712924e+000  3.689851e+001 -3.164870e+000
      vertex -1.686440e+000  3.685646e+001 -3.175000e+000
      vertex -1.761217e+000  3.688255e+001 -3.155866e+000
    endloop
  endfacet
  facet normal -1.608630e-001  2.408974e-001 -9.571267e-001
    outer loop
      vertex -1.761217e+000  3.688255e+001 -3.155866e+000
      vertex -1.686440e+000  3.685646e+001 -3.175000e+000
      vertex -1.738379e+000  3.684310e+001 -3.169633e+000
    endloop
  endfacet
  facet normal -4.008197e-001  8.626226e-002 -9.120868e-001
    outer loop
      vertex -1.761217e+000  3.688255e+001 -3.155866e+000
      vertex -1.738379e+000  3.684310e+001 -3.169633e+000
      vertex -1.810128e+000  3.687638e+001 -3.134954e+000
    endloop
  endfacet
  facet normal -3.671883e-001  1.626394e-001 -9.158171e-001
    outer loop
      vertex -1.810128e+000  3.687638e+001 -3.134954e+000
      vertex -1.738379e+000  3.684310e+001 -3.169633e+000
      vertex -1.813607e+000  3.683520e+001 -3.140874e+000
    endloop
  endfacet
  facet normal -5.771506e-001  1.637346e-001 -8.000552e-001
    outer loop
      vertex -1.810128e+000  3.687638e+001 -3.134954e+000
      vertex -1.813607e+000  3.683520e+001 -3.140874e+000
      vertex -1.852614e+000  3.688260e+001 -3.103034e+000
    endloop
  endfacet
  facet normal -5.948455e-001  1.420902e-001 -7.911822e-001
    outer loop
      vertex -1.852614e+000  3.688260e+001 -3.103034e+000
      vertex -1.813607e+000  3.683520e+001 -3.140874e+000
      vertex -1.866631e+000  3.684071e+001 -3.100018e+000
    endloop
  endfacet
  facet normal -7.056161e-001  1.869156e-001 -6.834974e-001
    outer loop
      vertex -1.852614e+000  3.688260e+001 -3.103034e+000
      vertex -1.866631e+000  3.684071e+001 -3.100018e+000
      vertex -1.884396e+000  3.689851e+001 -3.065871e+000
    endloop
  endfacet
  facet normal -7.669655e-001  1.348900e-001 -6.273505e-001
    outer loop
      vertex -1.884396e+000  3.689851e+001 -3.065871e+000
      vertex -1.866631e+000  3.684071e+001 -3.100018e+000
      vertex -1.906411e+000  3.685646e+001 -3.048000e+000
    endloop
  endfacet
  facet normal -3.357243e-001  4.583891e-001 -8.229025e-001
    outer loop
      vertex -1.735184e+000  3.693386e+001 -3.136097e+000
      vertex -1.712924e+000  3.689851e+001 -3.164870e+000
      vertex -1.768713e+000  3.691838e+001 -3.131041e+000
    endloop
  endfacet
  facet normal -3.147089e-001  4.951226e-001 -8.098221e-001
    outer loop
      vertex -1.768713e+000  3.691838e+001 -3.131041e+000
      vertex -1.712924e+000  3.689851e+001 -3.164870e+000
      vertex -1.761217e+000  3.688255e+001 -3.155866e+000
    endloop
  endfacet
  facet normal -4.091576e-001  4.601934e-001 -7.879164e-001
    outer loop
      vertex -1.768713e+000  3.691838e+001 -3.131041e+000
      vertex -1.761217e+000  3.688255e+001 -3.155866e+000
      vertex -1.800160e+000  3.691313e+001 -3.117781e+000
    endloop
  endfacet
  facet normal -3.958687e-001  4.747852e-001 -7.860452e-001
    outer loop
      vertex -1.800160e+000  3.691313e+001 -3.117781e+000
      vertex -1.761217e+000  3.688255e+001 -3.155866e+000
      vertex -1.810128e+000  3.687638e+001 -3.134954e+000
    endloop
  endfacet
  facet normal -4.775976e-001  4.750132e-001 -7.390961e-001
    outer loop
      vertex -1.800160e+000  3.691313e+001 -3.117781e+000
      vertex -1.810128e+000  3.687638e+001 -3.134954e+000
      vertex -1.832181e+000  3.692078e+001 -3.092169e+000
    endloop
  endfacet
  facet normal -4.854026e-001  4.695804e-001 -7.374812e-001
    outer loop
      vertex -1.832181e+000  3.692078e+001 -3.092169e+000
      vertex -1.810128e+000  3.687638e+001 -3.134954e+000
      vertex -1.852614e+000  3.688260e+001 -3.103034e+000
    endloop
  endfacet
  facet normal -5.314924e-001  4.824997e-001 -6.962111e-001
    outer loop
      vertex -1.832181e+000  3.692078e+001 -3.092169e+000
      vertex -1.852614e+000  3.688260e+001 -3.103034e+000
      vertex -1.848348e+000  3.693386e+001 -3.070762e+000
    endloop
  endfacet
  facet normal -5.579952e-001  4.748506e-001 -6.805573e-001
    outer loop
      vertex -1.848348e+000  3.693386e+001 -3.070762e+000
      vertex -1.852614e+000  3.688260e+001 -3.103034e+000
      vertex -1.884396e+000  3.689851e+001 -3.065871e+000
    endloop
  endfacet
  facet normal  2.233254e-001  9.702697e-001 -9.328661e-002
    outer loop
      vertex  0.000000e+000  3.758463e+001  3.159388e+000
      vertex  6.821188e-001  3.742864e+001  3.169909e+000
      vertex  9.129438e-001  3.737379e+001  3.152029e+000
    endloop
  endfacet
  facet normal -1.272301e-002  7.341883e-002  9.972200e-001
    outer loop
      vertex -5.946662e-001  3.742145e+001  3.175000e+000
      vertex -4.918021e-003  3.752365e+001  3.175000e+000
      vertex -2.386851e-001  3.753892e+001  3.170893e+000
    endloop
  endfacet
  facet normal  3.774957e-002  3.236333e-001 -9.454292e-001
    outer loop
      vertex  6.821188e-001  3.742864e+001  3.169909e+000
      vertex -2.386851e-001  3.753892e+001  3.170893e+000
      vertex -4.918021e-003  3.752365e+001  3.175000e+000
    endloop
  endfacet
  facet normal  1.339974e-001  2.514389e-001  9.585526e-001
    outer loop
      vertex  9.129438e-001  3.737379e+001  3.152029e+000
      vertex  6.821188e-001  3.742864e+001  3.169909e+000
      vertex  1.712924e+000  3.689851e+001  3.164870e+000
    endloop
  endfacet
  facet normal  2.801082e-001  4.937141e-001  8.232774e-001
    outer loop
      vertex  1.735184e+000  3.693386e+001  3.136097e+000
      vertex  9.129438e-001  3.737379e+001  3.152029e+000
      vertex  1.712924e+000  3.689851e+001  3.164870e+000
    endloop
  endfacet
  facet normal -9.967368e-002  1.732299e-001  9.798248e-001
    outer loop
      vertex -1.712924e+000  3.689851e+001  3.164870e+000
      vertex -1.686440e+000  3.685646e+001  3.175000e+000
      vertex -9.059212e-001  3.733897e+001  3.169092e+000
    endloop
  endfacet
  facet normal -3.876132e-002  7.490086e-002  9.964373e-001
    outer loop
      vertex -9.059212e-001  3.733897e+001  3.169092e+000
      vertex -1.686440e+000  3.685646e+001  3.175000e+000
      vertex -5.946662e-001  3.742145e+001  3.175000e+000
    endloop
  endfacet
  facet normal -1.287304e-001  4.214872e-001  8.976508e-001
    outer loop
      vertex -9.059212e-001  3.733897e+001  3.169092e+000
      vertex -5.946662e-001  3.742145e+001  3.175000e+000
      vertex -2.386851e-001  3.753892e+001  3.170893e+000
    endloop
  endfacet
  facet normal  9.383100e-002  1.768906e-001  9.797476e-001
    outer loop
      vertex  1.686440e+000  3.685646e+001  3.175000e+000
      vertex  1.712924e+000  3.689851e+001  3.164870e+000
      vertex  6.727644e-001  3.739416e+001  3.175000e+000
    endloop
  endfacet
  facet normal  7.016156e-002  1.270202e-001  9.894157e-001
    outer loop
      vertex  6.727644e-001  3.739416e+001  3.175000e+000
      vertex  1.712924e+000  3.689851e+001  3.164870e+000
      vertex  6.821188e-001  3.742864e+001  3.169909e+000
    endloop
  endfacet
  facet normal  2.654709e-002  1.389295e-001  9.899464e-001
    outer loop
      vertex  6.727644e-001  3.739416e+001  3.175000e+000
      vertex  6.821188e-001  3.742864e+001  3.169909e+000
      vertex -4.918021e-003  3.752365e+001  3.175000e+000
    endloop
  endfacet
  facet normal -2.804738e-001  4.934913e-001  8.232865e-001
    outer loop
      vertex -1.735184e+000  3.693386e+001  3.136097e+000
      vertex -1.712924e+000  3.689851e+001  3.164870e+000
      vertex -9.201802e-001  3.737066e+001  3.151930e+000
    endloop
  endfacet
  facet normal -2.164018e-001  3.879031e-001  8.959361e-001
    outer loop
      vertex -9.201802e-001  3.737066e+001  3.151930e+000
      vertex -1.712924e+000  3.689851e+001  3.164870e+000
      vertex -9.059212e-001  3.733897e+001  3.169092e+000
    endloop
  endfacet
  facet normal -1.084649e-001  4.352853e-001  8.937349e-001
    outer loop
      vertex -9.201802e-001  3.737066e+001  3.151930e+000
      vertex -9.059212e-001  3.733897e+001  3.169092e+000
      vertex  0.000000e+000  3.758463e+001  3.159388e+000
    endloop
  endfacet
  facet normal -1.241938e-001  4.225207e-001 -8.978040e-001
    outer loop
      vertex  0.000000e+000  3.758463e+001  3.159388e+000
      vertex -9.059212e-001  3.733897e+001  3.169092e+000
      vertex -2.386851e-001  3.753892e+001  3.170893e+000
    endloop
  endfacet
  facet normal  1.898280e-002  1.496837e-001  9.885517e-001
    outer loop
      vertex  0.000000e+000  3.758463e+001  3.159388e+000
      vertex -2.386851e-001  3.753892e+001  3.170893e+000
      vertex  6.821188e-001  3.742864e+001  3.169909e+000
    endloop
  endfacet
  facet normal -2.233254e-001  9.702697e-001  9.328661e-002
    outer loop
      vertex -1.156355e-011  3.758463e+001 -3.159388e+000
      vertex -6.821188e-001  3.742864e+001 -3.169909e+000
      vertex -9.129438e-001  3.737379e+001 -3.152029e+000
    endloop
  endfacet
  facet normal  1.272301e-002  7.341883e-002 -9.972200e-001
    outer loop
      vertex  5.946662e-001  3.742145e+001 -3.175000e+000
      vertex  4.918021e-003  3.752365e+001 -3.175000e+000
      vertex  2.386851e-001  3.753892e+001 -3.170893e+000
    endloop
  endfacet
  facet normal -3.774957e-002  3.236333e-001  9.454292e-001
    outer loop
      vertex -6.821188e-001  3.742864e+001 -3.169909e+000
      vertex  2.386851e-001  3.753892e+001 -3.170893e+000
      vertex  4.918021e-003  3.752365e+001 -3.175000e+000
    endloop
  endfacet
  facet normal -1.339974e-001  2.514389e-001 -9.585526e-001
    outer loop
      vertex -9.129438e-001  3.737379e+001 -3.152029e+000
      vertex -6.821188e-001  3.742864e+001 -3.169909e+000
      vertex -1.712924e+000  3.689851e+001 -3.164870e+000
    endloop
  endfacet
  facet normal -2.801082e-001  4.937141e-001 -8.232774e-001
    outer loop
      vertex -1.735184e+000  3.693386e+001 -3.136097e+000
      vertex -9.129438e-001  3.737379e+001 -3.152029e+000
      vertex -1.712924e+000  3.689851e+001 -3.164870e+000
    endloop
  endfacet
  facet normal  9.967368e-002  1.732299e-001 -9.798248e-001
    outer loop
      vertex  1.712924e+000  3.689851e+001 -3.164870e+000
      vertex  1.686440e+000  3.685646e+001 -3.175000e+000
      vertex  9.059212e-001  3.733897e+001 -3.169092e+000
    endloop
  endfacet
  facet normal  3.876132e-002  7.490086e-002 -9.964373e-001
    outer loop
      vertex  9.059212e-001  3.733897e+001 -3.169092e+000
      vertex  1.686440e+000  3.685646e+001 -3.175000e+000
      vertex  5.946662e-001  3.742145e+001 -3.175000e+000
    endloop
  endfacet
  facet normal  1.287304e-001  4.214872e-001 -8.976508e-001
    outer loop
      vertex  9.059212e-001  3.733897e+001 -3.169092e+000
      vertex  5.946662e-001  3.742145e+001 -3.175000e+000
      vertex  2.386851e-001  3.753892e+001 -3.170893e+000
    endloop
  endfacet
  facet normal -9.383100e-002  1.768906e-001 -9.797476e-001
    outer loop
      vertex -1.686440e+000  3.685646e+001 -3.175000e+000
      vertex -1.712924e+000  3.689851e+001 -3.164870e+000
      vertex -6.727644e-001  3.739416e+001 -3.175000e+000
    endloop
  endfacet
  facet normal -7.016156e-002  1.270202e-001 -9.894157e-001
    outer loop
      vertex -6.727644e-001  3.739416e+001 -3.175000e+000
      vertex -1.712924e+000  3.689851e+001 -3.164870e+000
      vertex -6.821188e-001  3.742864e+001 -3.169909e+000
    endloop
  endfacet
  facet normal -2.654709e-002  1.389295e-001 -9.899464e-001
    outer loop
      vertex -6.727644e-001  3.739416e+001 -3.175000e+000
      vertex -6.821188e-001  3.742864e+001 -3.169909e+000
      vertex  4.918021e-003  3.752365e+001 -3.175000e+000
    endloop
  endfacet
  facet normal  2.804738e-001  4.934913e-001 -8.232865e-001
    outer loop
      vertex  1.735184e+000  3.693386e+001 -3.136097e+000
      vertex  1.712924e+000  3.689851e+001 -3.164870e+000
      vertex  9.201802e-001  3.737066e+001 -3.151930e+000
    endloop
  endfacet
  facet normal  2.164018e-001  3.879031e-001 -8.959361e-001
    outer loop
      vertex  9.201802e-001  3.737066e+001 -3.151930e+000
      vertex  1.712924e+000  3.689851e+001 -3.164870e+000
      vertex  9.059212e-001  3.733897e+001 -3.169092e+000
    endloop
  endfacet
  facet normal  1.084649e-001  4.352853e-001 -8.937349e-001
    outer loop
      vertex  9.201802e-001  3.737066e+001 -3.151930e+000
      vertex  9.059212e-001  3.733897e+001 -3.169092e+000
      vertex -1.156355e-011  3.758463e+001 -3.159388e+000
    endloop
  endfacet
  facet normal  1.241938e-001  4.225207e-001  8.978040e-001
    outer loop
      vertex -1.156355e-011  3.758463e+001 -3.159388e+000
      vertex  9.059212e-001  3.733897e+001 -3.169092e+000
      vertex  2.386851e-001  3.753892e+001 -3.170893e+000
    endloop
  endfacet
  facet normal -1.898280e-002  1.496837e-001 -9.885517e-001
    outer loop
      vertex -1.156355e-011  3.758463e+001 -3.159388e+000
      vertex  2.386851e-001  3.753892e+001 -3.170893e+000
      vertex -6.821188e-001  3.742864e+001 -3.169909e+000
    endloop
  endfacet
  facet normal  2.140169e-001  9.928570e-002  9.717712e-001
    outer loop
      vertex  1.712924e+000  3.689851e+001  3.164870e+000
      vertex  1.686440e+000  3.685646e+001  3.175000e+000
      vertex  1.761217e+000  3.688255e+001  3.155866e+000
    endloop
  endfacet
  facet normal  1.608630e-001  2.408974e-001  9.571267e-001
    outer loop
      vertex  1.761217e+000  3.688255e+001  3.155866e+000
      vertex  1.686440e+000  3.685646e+001  3.175000e+000
      vertex  1.738379e+000  3.684310e+001  3.169633e+000
    endloop
  endfacet
  facet normal  4.008197e-001  8.626226e-002  9.120868e-001
    outer loop
      vertex  1.761217e+000  3.688255e+001  3.155866e+000
      vertex  1.738379e+000  3.684310e+001  3.169633e+000
      vertex  1.810128e+000  3.687638e+001  3.134954e+000
    endloop
  endfacet
  facet normal  3.671883e-001  1.626394e-001  9.158171e-001
    outer loop
      vertex  1.810128e+000  3.687638e+001  3.134954e+000
      vertex  1.738379e+000  3.684310e+001  3.169633e+000
      vertex  1.813607e+000  3.683520e+001  3.140874e+000
    endloop
  endfacet
  facet normal  5.771506e-001  1.637346e-001  8.000552e-001
    outer loop
      vertex  1.810128e+000  3.687638e+001  3.134954e+000
      vertex  1.813607e+000  3.683520e+001  3.140874e+000
      vertex  1.852614e+000  3.688260e+001  3.103034e+000
    endloop
  endfacet
  facet normal  5.948455e-001  1.420902e-001  7.911822e-001
    outer loop
      vertex  1.852614e+000  3.688260e+001  3.103034e+000
      vertex  1.813607e+000  3.683520e+001  3.140874e+000
      vertex  1.866631e+000  3.684071e+001  3.100018e+000
    endloop
  endfacet
  facet normal  7.056161e-001  1.869156e-001  6.834974e-001
    outer loop
      vertex  1.852614e+000  3.688260e+001  3.103034e+000
      vertex  1.866631e+000  3.684071e+001  3.100018e+000
      vertex  1.884396e+000  3.689851e+001  3.065871e+000
    endloop
  endfacet
  facet normal  7.669655e-001  1.348900e-001  6.273505e-001
    outer loop
      vertex  1.884396e+000  3.689851e+001  3.065871e+000
      vertex  1.866631e+000  3.684071e+001  3.100018e+000
      vertex  1.906411e+000  3.685646e+001  3.048000e+000
    endloop
  endfacet
  facet normal  3.357243e-001  4.583891e-001  8.229025e-001
    outer loop
      vertex  1.735184e+000  3.693386e+001  3.136097e+000
      vertex  1.712924e+000  3.689851e+001  3.164870e+000
      vertex  1.768713e+000  3.691838e+001  3.131041e+000
    endloop
  endfacet
  facet normal  3.147089e-001  4.951226e-001  8.098221e-001
    outer loop
      vertex  1.768713e+000  3.691838e+001  3.131041e+000
      vertex  1.712924e+000  3.689851e+001  3.164870e+000
      vertex  1.761217e+000  3.688255e+001  3.155866e+000
    endloop
  endfacet
  facet normal  4.091576e-001  4.601934e-001  7.879164e-001
    outer loop
      vertex  1.768713e+000  3.691838e+001  3.131041e+000
      vertex  1.761217e+000  3.688255e+001  3.155866e+000
      vertex  1.800160e+000  3.691313e+001  3.117781e+000
    endloop
  endfacet
  facet normal  3.958687e-001  4.747852e-001  7.860452e-001
    outer loop
      vertex  1.800160e+000  3.691313e+001  3.117781e+000
      vertex  1.761217e+000  3.688255e+001  3.155866e+000
      vertex  1.810128e+000  3.687638e+001  3.134954e+000
    endloop
  endfacet
  facet normal  4.775976e-001  4.750132e-001  7.390961e-001
    outer loop
      vertex  1.800160e+000  3.691313e+001  3.117781e+000
      vertex  1.810128e+000  3.687638e+001  3.134954e+000
      vertex  1.832181e+000  3.692078e+001  3.092169e+000
    endloop
  endfacet
  facet normal  4.854026e-001  4.695804e-001  7.374812e-001
    outer loop
      vertex  1.832181e+000  3.692078e+001  3.092169e+000
      vertex  1.810128e+000  3.687638e+001  3.134954e+000
      vertex  1.852614e+000  3.688260e+001  3.103034e+000
    endloop
  endfacet
  facet normal  5.314924e-001  4.824997e-001  6.962111e-001
    outer loop
      vertex  1.832181e+000  3.692078e+001  3.092169e+000
      vertex  1.852614e+000  3.688260e+001  3.103034e+000
      vertex  1.848348e+000  3.693386e+001  3.070762e+000
    endloop
  endfacet
  facet normal  5.579952e-001  4.748506e-001  6.805573e-001
    outer loop
      vertex  1.848348e+000  3.693386e+001  3.070762e+000
      vertex  1.852614e+000  3.688260e+001  3.103034e+000
      vertex  1.884396e+000  3.689851e+001  3.065871e+000
    endloop
  endfacet
  facet normal  7.345687e-001  9.928595e-002 -6.712310e-001
    outer loop
      vertex  1.884396e+000  3.689851e+001 -3.065871e+000
      vertex  1.906411e+000  3.685646e+001 -3.048000e+000
      vertex  1.852452e+000  3.688255e+001 -3.103191e+000
    endloop
  endfacet
  facet normal  7.484634e-001  2.408968e-001 -6.178764e-001
    outer loop
      vertex  1.852452e+000  3.688255e+001 -3.103191e+000
      vertex  1.906411e+000  3.685646e+001 -3.048000e+000
      vertex  1.875793e+000  3.684310e+001 -3.090297e+000
    endloop
  endfacet
  facet normal  5.894828e-001  8.626582e-002 -8.031614e-001
    outer loop
      vertex  1.852452e+000  3.688255e+001 -3.103191e+000
      vertex  1.875793e+000  3.684310e+001 -3.090297e+000
      vertex  1.809886e+000  3.687638e+001 -3.135094e+000
    endloop
  endfacet
  facet normal  6.095268e-001  1.626347e-001 -7.759039e-001
    outer loop
      vertex  1.809886e+000  3.687638e+001 -3.135094e+000
      vertex  1.875793e+000  3.684310e+001 -3.090297e+000
      vertex  1.813273e+000  3.683520e+001 -3.141067e+000
    endloop
  endfacet
  facet normal  4.042879e-001  1.637287e-001 -8.998578e-001
    outer loop
      vertex  1.809886e+000  3.687638e+001 -3.135094e+000
      vertex  1.813273e+000  3.683520e+001 -3.141067e+000
      vertex  1.761000e+000  3.688260e+001 -3.155927e+000
    endloop
  endfacet
  facet normal  3.877610e-001  1.420907e-001 -9.107424e-001
    outer loop
      vertex  1.761000e+000  3.688260e+001 -3.155927e+000
      vertex  1.813273e+000  3.683520e+001 -3.141067e+000
      vertex  1.751379e+000  3.684071e+001 -3.166559e+000
    endloop
  endfacet
  facet normal  2.391196e-001  1.869157e-001 -9.528297e-001
    outer loop
      vertex  1.761000e+000  3.688260e+001 -3.155927e+000
      vertex  1.751379e+000  3.684071e+001 -3.166559e+000
      vertex  1.712924e+000  3.689851e+001 -3.164870e+000
    endloop
  endfacet
  facet normal  1.598184e-001  1.348888e-001 -9.778870e-001
    outer loop
      vertex  1.712924e+000  3.689851e+001 -3.164870e+000
      vertex  1.751379e+000  3.684071e+001 -3.166559e+000
      vertex  1.686440e+000  3.685646e+001 -3.175000e+000
    endloop
  endfacet
  facet normal  5.447921e-001  4.583938e-001 -7.021942e-001
    outer loop
      vertex  1.848348e+000  3.693386e+001 -3.070762e+000
      vertex  1.884396e+000  3.689851e+001 -3.065871e+000
      vertex  1.827205e+000  3.691838e+001 -3.097271e+000
    endloop
  endfacet
  facet normal  5.439719e-001  4.951208e-001 -6.774585e-001
    outer loop
      vertex  1.827205e+000  3.691838e+001 -3.097271e+000
      vertex  1.884396e+000  3.689851e+001 -3.065871e+000
      vertex  1.852452e+000  3.688255e+001 -3.103191e+000
    endloop
  endfacet
  facet normal  4.777760e-001  4.601909e-001 -7.483010e-001
    outer loop
      vertex  1.827205e+000  3.691838e+001 -3.097271e+000
      vertex  1.852452e+000  3.688255e+001 -3.103191e+000
      vertex  1.799997e+000  3.691313e+001 -3.117875e+000
    endloop
  endfacet
  facet normal  4.828019e-001  4.747885e-001 -7.358521e-001
    outer loop
      vertex  1.799997e+000  3.691313e+001 -3.117875e+000
      vertex  1.852452e+000  3.688255e+001 -3.103191e+000
      vertex  1.809886e+000  3.687638e+001 -3.135094e+000
    endloop
  endfacet
  facet normal  4.012805e-001  4.750167e-001 -7.831559e-001
    outer loop
      vertex  1.799997e+000  3.691313e+001 -3.117875e+000
      vertex  1.809886e+000  3.687638e+001 -3.135094e+000
      vertex  1.761806e+000  3.692078e+001 -3.132800e+000
    endloop
  endfacet
  facet normal  3.959724e-001  4.695767e-001 -7.891157e-001
    outer loop
      vertex  1.761806e+000  3.692078e+001 -3.132800e+000
      vertex  1.809886e+000  3.687638e+001 -3.135094e+000
      vertex  1.761000e+000  3.688260e+001 -3.155927e+000
    endloop
  endfacet
  facet normal  3.371878e-001  4.824956e-001 -8.083950e-001
    outer loop
      vertex  1.761806e+000  3.692078e+001 -3.132800e+000
      vertex  1.761000e+000  3.688260e+001 -3.155927e+000
      vertex  1.735184e+000  3.693386e+001 -3.136097e+000
    endloop
  endfacet
  facet normal  3.103828e-001  4.748473e-001 -8.235185e-001
    outer loop
      vertex  1.735184e+000  3.693386e+001 -3.136097e+000
      vertex  1.761000e+000  3.688260e+001 -3.155927e+000
      vertex  1.712924e+000  3.689851e+001 -3.164870e+000
    endloop
  endfacet
  facet normal  8.572561e-001  7.342146e-002  5.096287e-001
    outer loop
      vertex  2.452298e+000  3.742145e+001  2.102496e+000
      vertex  2.747172e+000  3.752365e+001  1.591759e+000
      vertex  2.626731e+000  3.753892e+001  1.792154e+000
    endloop
  endfacet
  facet normal -7.998888e-001  3.236391e-001 -5.054064e-001
    outer loop
      vertex  3.086282e+000  3.742864e+001  9.942225e-001
      vertex  2.626731e+000  3.753892e+001  1.792154e+000
      vertex  2.747172e+000  3.752365e+001  1.591759e+000
    endloop
  endfacet
  facet normal  2.005645e-002  9.694834e-001 -2.443357e-001
    outer loop
      vertex  2.733477e+000  3.758464e+001  1.584237e+000
      vertex  3.086282e+000  3.742864e+001  9.942225e-001
      vertex  3.185858e+000  3.737411e+001  7.860109e-001
    endloop
  endfacet
  facet normal  8.971256e-001  2.515598e-001  3.631574e-001
    outer loop
      vertex  3.185858e+000  3.737411e+001  7.860109e-001
      vertex  3.086282e+000  3.742864e+001  9.942225e-001
      vertex  3.597320e+000  3.689851e+001  9.899914e-002
    endloop
  endfacet
  facet normal  8.530135e-001  4.937384e-001  1.690867e-001
    outer loop
      vertex  3.583532e+000  3.693386e+001  6.533536e-002
      vertex  3.185858e+000  3.737411e+001  7.860109e-001
      vertex  3.597320e+000  3.689851e+001  9.899914e-002
    endloop
  endfacet
  facet normal  7.987159e-001  1.732311e-001  5.762326e-001
    outer loop
      vertex  1.884396e+000  3.689851e+001  3.065871e+000
      vertex  1.906411e+000  3.685646e+001  3.048000e+000
      vertex  2.291554e+000  3.733897e+001  2.369097e+000
    endloop
  endfacet
  facet normal  8.435588e-001  7.490271e-002  5.317877e-001
    outer loop
      vertex  2.291554e+000  3.733897e+001  2.369097e+000
      vertex  1.906411e+000  3.685646e+001  3.048000e+000
      vertex  2.452298e+000  3.742145e+001  2.102496e+000
    endloop
  endfacet
  facet normal  7.130173e-001  4.214974e-001  5.603092e-001
    outer loop
      vertex  2.291554e+000  3.733897e+001  2.369097e+000
      vertex  2.452298e+000  3.742145e+001  2.102496e+000
      vertex  2.626731e+000  3.753892e+001  1.792154e+000
    endloop
  endfacet
  facet normal  8.954017e-001  1.768893e-001  4.086145e-001
    outer loop
      vertex  3.592851e+000  3.685646e+001  1.270000e-001
      vertex  3.597320e+000  3.689851e+001  9.899914e-002
      vertex  3.086013e+000  3.739416e+001  1.004869e+000
    endloop
  endfacet
  facet normal  8.919399e-001  1.270216e-001  4.339455e-001
    outer loop
      vertex  3.086013e+000  3.739416e+001  1.004869e+000
      vertex  3.597320e+000  3.689851e+001  9.899914e-002
      vertex  3.086282e+000  3.742864e+001  9.942225e-001
    endloop
  endfacet
  facet normal  8.705922e-001  1.389310e-001  4.719824e-001
    outer loop
      vertex  3.086013e+000  3.739416e+001  1.004869e+000
      vertex  3.086282e+000  3.742864e+001  9.942225e-001
      vertex  2.747172e+000  3.752365e+001  1.591759e+000
    endloop
  endfacet
  facet normal  5.727552e-001  4.935026e-001  6.545279e-001
    outer loop
      vertex  1.848348e+000  3.693386e+001  3.070762e+000
      vertex  1.884396e+000  3.689851e+001  3.065871e+000
      vertex  2.269721e+000  3.737078e+001  2.372602e+000
    endloop
  endfacet
  facet normal  6.675558e-001  3.880962e-001  6.354138e-001
    outer loop
      vertex  2.269721e+000  3.737078e+001  2.372602e+000
      vertex  1.884396e+000  3.689851e+001  3.065871e+000
      vertex  2.291554e+000  3.733897e+001  2.369097e+000
    endloop
  endfacet
  facet normal  7.199116e-001  4.343915e-001  5.413238e-001
    outer loop
      vertex  2.269721e+000  3.737078e+001  2.372602e+000
      vertex  2.291554e+000  3.733897e+001  2.369097e+000
      vertex  2.733477e+000  3.758464e+001  1.584237e+000
    endloop
  endfacet
  facet normal -8.329685e-001  4.441537e-001 -3.299865e-001
    outer loop
      vertex  2.733477e+000  3.758464e+001  1.584237e+000
      vertex  2.291554e+000  3.733897e+001  2.369097e+000
      vertex  2.626731e+000  3.753892e+001  1.792154e+000
    endloop
  endfacet
  facet normal  8.654972e-001  1.511047e-001  4.775794e-001
    outer loop
      vertex  2.733477e+000  3.758464e+001  1.584237e+000
      vertex  2.626731e+000  3.753892e+001  1.792154e+000
      vertex  3.086282e+000  3.742864e+001  9.942225e-001
    endloop
  endfacet
  facet normal  8.699794e-001  7.342150e-002 -4.875909e-001
    outer loop
      vertex  3.046964e+000  3.742145e+001 -1.072504e+000
      vertex  2.752090e+000  3.752365e+001 -1.583241e+000
      vertex  2.865417e+000  3.753892e+001 -1.378739e+000
    endloop
  endfacet
  facet normal -8.376375e-001  3.236459e-001  4.400190e-001
    outer loop
      vertex  2.404163e+000  3.742864e+001 -2.175687e+000
      vertex  2.865417e+000  3.753892e+001 -1.378739e+000
      vertex  2.752090e+000  3.752365e+001 -1.583241e+000
    endloop
  endfacet
  facet normal -2.015721e-001  9.694834e-001 -1.395375e-001
    outer loop
      vertex  2.738729e+000  3.758464e+001 -1.575142e+000
      vertex  2.404163e+000  3.742864e+001 -2.175687e+000
      vertex  2.273634e+000  3.737411e+001 -2.366028e+000
    endloop
  endfacet
  facet normal  7.630668e-001  2.515590e-001 -5.953547e-001
    outer loop
      vertex  2.273634e+000  3.737411e+001 -2.366028e+000
      vertex  2.404163e+000  3.742864e+001 -2.175687e+000
      vertex  1.884396e+000  3.689851e+001 -3.065871e+000
    endloop
  endfacet
  facet normal  5.729400e-001  4.937385e-001 -6.541880e-001
    outer loop
      vertex  1.848348e+000  3.693386e+001 -3.070762e+000
      vertex  2.273634e+000  3.737411e+001 -2.366028e+000
      vertex  1.884396e+000  3.689851e+001 -3.065871e+000
    endloop
  endfacet
  facet normal  8.983898e-001  1.732287e-001 -4.035932e-001
    outer loop
      vertex  3.597320e+000  3.689851e+001 -9.899914e-002
      vertex  3.592851e+000  3.685646e+001 -1.270000e-001
      vertex  3.197475e+000  3.733897e+001 -7.999954e-001
    endloop
  endfacet
  facet normal  8.823208e-001  7.490063e-002 -4.646505e-001
    outer loop
      vertex  3.197475e+000  3.733897e+001 -7.999954e-001
      vertex  3.592851e+000  3.685646e+001 -1.270000e-001
      vertex  3.046964e+000  3.742145e+001 -1.072504e+000
    endloop
  endfacet
  facet normal  8.417529e-001  4.214891e-001 -3.373408e-001
    outer loop
      vertex  3.197475e+000  3.733897e+001 -7.999954e-001
      vertex  3.046964e+000  3.742145e+001 -1.072504e+000
      vertex  2.865417e+000  3.753892e+001 -1.378739e+000
    endloop
  endfacet
  facet normal  8.015704e-001  1.768917e-001 -5.711342e-001
    outer loop
      vertex  1.906411e+000  3.685646e+001 -3.048000e+000
      vertex  1.884396e+000  3.689851e+001 -3.065871e+000
      vertex  2.413249e+000  3.739416e+001 -2.170131e+000
    endloop
  endfacet
  facet normal  8.217763e-001  1.270252e-001 -5.554711e-001
    outer loop
      vertex  2.413249e+000  3.739416e+001 -2.170131e+000
      vertex  1.884396e+000  3.689851e+001 -3.065871e+000
      vertex  2.404163e+000  3.742864e+001 -2.175687e+000
    endloop
  endfacet
  facet normal  8.440439e-001  1.389349e-001 -5.179642e-001
    outer loop
      vertex  2.413249e+000  3.739416e+001 -2.170131e+000
      vertex  2.404163e+000  3.742864e+001 -2.175687e+000
      vertex  2.752090e+000  3.752365e+001 -1.583241e+000
    endloop
  endfacet
  facet normal  8.532153e-001  4.935026e-001 -1.687565e-001
    outer loop
      vertex  3.583532e+000  3.693386e+001 -6.533536e-002
      vertex  3.597320e+000  3.689851e+001 -9.899914e-002
      vertex  3.189594e+000  3.737078e+001 -7.793353e-001
    endloop
  endfacet
  facet normal  8.840621e-001  3.880973e-001 -2.604125e-001
    outer loop
      vertex  3.189594e+000  3.737078e+001 -7.793353e-001
      vertex  3.597320e+000  3.689851e+001 -9.899914e-002
      vertex  3.197475e+000  3.733897e+001 -7.999954e-001
    endloop
  endfacet
  facet normal  8.287556e-001  4.343925e-001 -3.527994e-001
    outer loop
      vertex  3.189594e+000  3.737078e+001 -7.793353e-001
      vertex  3.197475e+000  3.733897e+001 -7.999954e-001
      vertex  2.738729e+000  3.758464e+001 -1.575142e+000
    endloop
  endfacet
  facet normal -7.022625e-001  4.441511e-001  5.563785e-001
    outer loop
      vertex  2.738729e+000  3.758464e+001 -1.575142e+000
      vertex  3.197475e+000  3.733897e+001 -7.999954e-001
      vertex  2.865417e+000  3.753892e+001 -1.378739e+000
    endloop
  endfacet
  facet normal  8.463447e-001  1.511030e-001 -5.107529e-001
    outer loop
      vertex  2.738729e+000  3.758464e+001 -1.575142e+000
      vertex  2.865417e+000  3.753892e+001 -1.378739e+000
      vertex  2.404163e+000  3.742864e+001 -2.175687e+000
    endloop
  endfacet
  facet normal  9.485869e-001  9.928402e-002  3.005418e-001
    outer loop
      vertex  3.597320e+000  3.689851e+001  9.899914e-002
      vertex  3.592851e+000  3.685646e+001  1.270000e-001
      vertex  3.613669e+000  3.688255e+001  5.267465e-002
    endloop
  endfacet
  facet normal  9.093288e-001  2.408932e-001  3.392516e-001
    outer loop
      vertex  3.613669e+000  3.688255e+001  5.267465e-002
      vertex  3.592851e+000  3.685646e+001  1.270000e-001
      vertex  3.614172e+000  3.684310e+001  7.933574e-002
    endloop
  endfacet
  facet normal  9.903005e-001  8.625826e-002  1.089243e-001
    outer loop
      vertex  3.613669e+000  3.688255e+001  5.267465e-002
      vertex  3.614172e+000  3.684310e+001  7.933574e-002
      vertex  3.620014e+000  3.687638e+001 -1.398384e-004
    endloop
  endfacet
  facet normal  9.767157e-001  1.626353e-001  1.399150e-001
    outer loop
      vertex  3.620014e+000  3.687638e+001 -1.398384e-004
      vertex  3.614172e+000  3.684310e+001  7.933574e-002
      vertex  3.626880e+000  3.683520e+001 -1.925056e-004
    endloop
  endfacet
  facet normal  9.814440e-001  1.637300e-001 -9.980091e-002
    outer loop
      vertex  3.620014e+000  3.687638e+001 -1.398384e-004
      vertex  3.626880e+000  3.683520e+001 -1.925056e-004
      vertex  3.613613e+000  3.688260e+001 -5.289328e-002
    endloop
  endfacet
  facet normal  9.826069e-001  1.420883e-001 -1.195592e-001
    outer loop
      vertex  3.613613e+000  3.688260e+001 -5.289328e-002
      vertex  3.626880e+000  3.683520e+001 -1.925056e-004
      vertex  3.618010e+000  3.684071e+001 -6.654081e-002
    endloop
  endfacet
  facet normal  9.447339e-001  1.869144e-001 -2.693339e-001
    outer loop
      vertex  3.613613e+000  3.688260e+001 -5.289328e-002
      vertex  3.618010e+000  3.684071e+001 -6.654081e-002
      vertex  3.597320e+000  3.689851e+001 -9.899914e-002
    endloop
  endfacet
  facet normal  9.267837e-001  1.348881e-001 -3.505383e-001
    outer loop
      vertex  3.597320e+000  3.689851e+001 -9.899914e-002
      vertex  3.618010e+000  3.684071e+001 -6.654081e-002
      vertex  3.592851e+000  3.685646e+001 -1.270000e-001
    endloop
  endfacet
  facet normal  8.805160e-001  4.583911e-001  1.207030e-001
    outer loop
      vertex  3.583532e+000  3.693386e+001  6.533536e-002
      vertex  3.597320e+000  3.689851e+001  9.899914e-002
      vertex  3.595917e+000  3.691838e+001  3.377009e-002
    endloop
  endfacet
  facet normal  8.586792e-001  4.951264e-001  1.323633e-001
    outer loop
      vertex  3.595917e+000  3.691838e+001  3.377009e-002
      vertex  3.597320e+000  3.689851e+001  9.899914e-002
      vertex  3.613669e+000  3.688255e+001  5.267465e-002
    endloop
  endfacet
  facet normal  8.869326e-001  4.601969e-001  3.961486e-002
    outer loop
      vertex  3.595917e+000  3.691838e+001  3.377009e-002
      vertex  3.613669e+000  3.688255e+001  5.267465e-002
      vertex  3.600157e+000  3.691313e+001 -9.424193e-005
    endloop
  endfacet
  facet normal  8.786663e-001  4.747911e-001  5.018951e-002
    outer loop
      vertex  3.600157e+000  3.691313e+001 -9.424193e-005
      vertex  3.613669e+000  3.688255e+001  5.267465e-002
      vertex  3.620014e+000  3.687638e+001 -1.398384e-004
    endloop
  endfacet
  facet normal  8.788719e-001  4.750191e-001 -4.405609e-002
    outer loop
      vertex  3.600157e+000  3.691313e+001 -9.424193e-005
      vertex  3.620014e+000  3.687638e+001 -1.398384e-004
      vertex  3.593987e+000  3.692078e+001 -4.063066e-002
    endloop
  endfacet
  facet normal  8.813787e-001  4.695805e-001 -5.163114e-002
    outer loop
      vertex  3.593987e+000  3.692078e+001 -4.063066e-002
      vertex  3.620014e+000  3.687638e+001 -1.398384e-004
      vertex  3.613613e+000  3.688260e+001 -5.289328e-002
    endloop
  endfacet
  facet normal  8.686823e-001  4.825000e-001 -1.121820e-001
    outer loop
      vertex  3.593987e+000  3.692078e+001 -4.063066e-002
      vertex  3.613613e+000  3.688260e+001 -5.289328e-002
      vertex  3.583532e+000  3.693386e+001 -6.533536e-002
    endloop
  endfacet
  facet normal  8.683771e-001  4.748511e-001 -1.429600e-001
    outer loop
      vertex  3.583532e+000  3.693386e+001 -6.533536e-002
      vertex  3.613613e+000  3.688260e+001 -5.289328e-002
      vertex  3.597320e+000  3.689851e+001 -9.899914e-002
    endloop
  endfacet
  facet normal -3.183858e-001  3.740337e-001 -8.710506e-001
    outer loop
      vertex -6.546396e-001  5.007575e+001 -1.009095e+000
      vertex -4.455237e-001  5.072350e+001 -8.073861e-001
      vertex -6.524878e-001  4.990479e+001 -1.083294e+000
    endloop
  endfacet
  facet normal -2.276088e-001  3.621567e-001 -9.039009e-001
    outer loop
      vertex -6.524878e-001  4.990479e+001 -1.083294e+000
      vertex -4.455237e-001  5.072350e+001 -8.073861e-001
      vertex -3.892242e-001  5.071133e+001 -8.264383e-001
    endloop
  endfacet
  facet normal -3.066117e-001  3.782472e-001 -8.734519e-001
    outer loop
      vertex -6.524878e-001  4.990479e+001 -1.083294e+000
      vertex -3.892242e-001  5.071133e+001 -8.264383e-001
      vertex -1.270742e+000  4.746355e+001 -1.923439e+000
    endloop
  endfacet
  facet normal  1.994601e-001  2.645544e-001 -9.435183e-001
    outer loop
      vertex -1.270742e+000  4.746355e+001 -1.923439e+000
      vertex -3.892242e-001  5.071133e+001 -8.264383e-001
      vertex -3.416016e-001  5.069426e+001 -8.211573e-001
    endloop
  endfacet
  facet normal  2.629378e-001  2.429564e-001 -9.337215e-001
    outer loop
      vertex -1.270742e+000  4.746355e+001 -1.923439e+000
      vertex -3.416016e-001  5.069426e+001 -8.211573e-001
      vertex -1.229141e+000  4.745081e+001 -1.915039e+000
    endloop
  endfacet
  facet normal  5.571241e-001  1.244280e-001 -8.210545e-001
    outer loop
      vertex -3.013999e-001  5.067300e+001 -7.970995e-001
      vertex -1.195955e+000  4.743565e+001 -1.894707e+000
      vertex -3.416016e-001  5.069426e+001 -8.211573e-001
    endloop
  endfacet
  facet normal  5.588595e-001  1.236238e-001 -8.199959e-001
    outer loop
      vertex -3.416016e-001  5.069426e+001 -8.211573e-001
      vertex -1.195955e+000  4.743565e+001 -1.894707e+000
      vertex -1.229141e+000  4.745081e+001 -1.915039e+000
    endloop
  endfacet
  facet normal -3.913343e-001  3.897598e-001 -8.336335e-001
    outer loop
      vertex -1.351346e+000  4.747325e+001 -1.898820e+000
      vertex -6.546396e-001  5.007575e+001 -1.009095e+000
      vertex -1.313931e+000  4.747133e+001 -1.917283e+000
    endloop
  endfacet
  facet normal -2.828442e-001  3.788717e-001 -8.811671e-001
    outer loop
      vertex -1.313931e+000  4.747133e+001 -1.917283e+000
      vertex -6.546396e-001  5.007575e+001 -1.009095e+000
      vertex -6.524878e-001  4.990479e+001 -1.083294e+000
    endloop
  endfacet
  facet normal -7.223106e-002  3.408732e-001 -9.373303e-001
    outer loop
      vertex -1.313931e+000  4.747133e+001 -1.917283e+000
      vertex -6.524878e-001  4.990479e+001 -1.083294e+000
      vertex -1.270742e+000  4.746355e+001 -1.923439e+000
    endloop
  endfacet
  facet normal -1.472316e-001  5.768201e-001 -8.034934e-001
    outer loop
      vertex -3.892242e-001  5.071133e+001 -8.264383e-001
      vertex -4.455237e-001  5.072350e+001 -8.073861e-001
      vertex -3.892242e-001  5.077546e+001 -7.803981e-001
    endloop
  endfacet
  facet normal -2.355744e-001  6.366102e-001 -7.343243e-001
    outer loop
      vertex -3.892242e-001  5.077546e+001 -7.803981e-001
      vertex -4.455237e-001  5.072350e+001 -8.073861e-001
      vertex -4.228984e-001  5.077916e+001 -7.663841e-001
    endloop
  endfacet
  facet normal -2.480021e-002  9.501731e-001 -3.107345e-001
    outer loop
      vertex -3.892242e-001  5.077546e+001 -7.803981e-001
      vertex -4.228984e-001  5.077916e+001 -7.663841e-001
      vertex -3.892242e-001  5.080000e+001 -7.053591e-001
    endloop
  endfacet
  facet normal -5.047854e-002  9.492538e-001 -3.104339e-001
    outer loop
      vertex -3.892242e-001  5.080000e+001 -7.053591e-001
      vertex -3.555785e-001  5.079029e+001 -7.405051e-001
      vertex -3.892242e-001  5.077546e+001 -7.803981e-001
    endloop
  endfacet
  facet normal  2.587988e-001  8.135068e-001 -5.207973e-001
    outer loop
      vertex -3.555785e-001  5.079029e+001 -7.405051e-001
      vertex -3.273604e-001  5.076245e+001 -7.699814e-001
      vertex -3.892242e-001  5.077546e+001 -7.803981e-001
    endloop
  endfacet
  facet normal  5.772733e-001  1.941273e-001 -7.931393e-001
    outer loop
      vertex -3.013999e-001  5.067300e+001 -7.970995e-001
      vertex -3.416016e-001  5.069426e+001 -8.211573e-001
      vertex -3.081142e-001  5.072162e+001 -7.900858e-001
    endloop
  endfacet
  facet normal  2.511297e-001  5.644867e-001 -7.863134e-001
    outer loop
      vertex -3.892242e-001  5.077546e+001 -7.803981e-001
      vertex -3.273604e-001  5.076245e+001 -7.699814e-001
      vertex -3.892242e-001  5.071133e+001 -8.264383e-001
    endloop
  endfacet
  facet normal  2.901164e-001  5.293758e-001 -7.972414e-001
    outer loop
      vertex -3.892242e-001  5.071133e+001 -8.264383e-001
      vertex -3.273604e-001  5.076245e+001 -7.699814e-001
      vertex -3.081142e-001  5.072162e+001 -7.900858e-001
    endloop
  endfacet
  facet normal  2.834893e-001  5.472290e-001 -7.875114e-001
    outer loop
      vertex -3.892242e-001  5.071133e+001 -8.264383e-001
      vertex -3.081142e-001  5.072162e+001 -7.900858e-001
      vertex -3.416016e-001  5.069426e+001 -8.211573e-001
    endloop
  endfacet
  facet normal -4.239771e-001  2.118067e-001 -8.805574e-001
    outer loop
      vertex -1.351346e+000  4.747325e+001 -1.898820e+000
      vertex -1.367891e+000  4.646880e+001 -2.132461e+000
      vertex -1.405645e+000  4.646333e+001 -2.115600e+000
    endloop
  endfacet
  facet normal  2.486737e-001  1.904585e-001 -9.496774e-001
    outer loop
      vertex -1.281644e+000  4.647782e+001 -2.123983e+000
      vertex -1.324083e+000  4.647396e+001 -2.135870e+000
      vertex -1.270742e+000  4.746355e+001 -1.923439e+000
    endloop
  endfacet
  facet normal -1.020777e-001  2.269692e-001 -9.685376e-001
    outer loop
      vertex -1.367891e+000  4.646880e+001 -2.132461e+000
      vertex -1.351346e+000  4.747325e+001 -1.898820e+000
      vertex -1.324083e+000  4.647396e+001 -2.135870e+000
    endloop
  endfacet
  facet normal -4.255692e-001  1.978596e-001 -8.830302e-001
    outer loop
      vertex -1.324083e+000  4.647396e+001 -2.135870e+000
      vertex -1.351346e+000  4.747325e+001 -1.898820e+000
      vertex -1.313931e+000  4.747133e+001 -1.917283e+000
    endloop
  endfacet
  facet normal -9.997304e-002  2.139804e-001 -9.717087e-001
    outer loop
      vertex -1.324083e+000  4.647396e+001 -2.135870e+000
      vertex -1.313931e+000  4.747133e+001 -1.917283e+000
      vertex -1.270742e+000  4.746355e+001 -1.923439e+000
    endloop
  endfacet
  facet normal  5.606036e-001  1.591312e-001 -8.126505e-001
    outer loop
      vertex -1.281644e+000  4.647782e+001 -2.123983e+000
      vertex -1.270742e+000  4.746355e+001 -1.923439e+000
      vertex -1.247540e+000  4.647986e+001 -2.100057e+000
    endloop
  endfacet
  facet normal  2.465686e-001  1.768952e-001 -9.528442e-001
    outer loop
      vertex -1.247540e+000  4.647986e+001 -2.100057e+000
      vertex -1.270742e+000  4.746355e+001 -1.923439e+000
      vertex -1.229141e+000  4.745081e+001 -1.915039e+000
    endloop
  endfacet
  facet normal  5.640297e-001  1.442431e-001 -8.130587e-001
    outer loop
      vertex -1.247540e+000  4.647986e+001 -2.100057e+000
      vertex -1.229141e+000  4.745081e+001 -1.915039e+000
      vertex -1.195955e+000  4.743565e+001 -1.894707e+000
    endloop
  endfacet
  facet normal -2.100865e-001  9.548442e-001 -2.100865e-001
    outer loop
      vertex -7.053591e-001  5.080000e+001 -3.892242e-001
      vertex -3.892242e-001  5.080000e+001 -7.053591e-001
      vertex -7.663841e-001  5.077916e+001 -4.228984e-001
    endloop
  endfacet
  facet normal -2.100865e-001  9.548441e-001 -2.100865e-001
    outer loop
      vertex -7.663841e-001  5.077916e+001 -4.228984e-001
      vertex -3.892242e-001  5.080000e+001 -7.053591e-001
      vertex -4.228984e-001  5.077916e+001 -7.663841e-001
    endloop
  endfacet
  facet normal -5.499482e-001  6.285809e-001 -5.499482e-001
    outer loop
      vertex -7.663841e-001  5.077916e+001 -4.228984e-001
      vertex -4.228984e-001  5.077916e+001 -7.663841e-001
      vertex -8.073861e-001  5.072350e+001 -4.455237e-001
    endloop
  endfacet
  facet normal -5.499483e-001  6.285807e-001 -5.499483e-001
    outer loop
      vertex -8.073861e-001  5.072350e+001 -4.455237e-001
      vertex -4.228984e-001  5.077916e+001 -7.663841e-001
      vertex -4.455237e-001  5.072350e+001 -8.073861e-001
    endloop
  endfacet
  facet normal  6.783927e-001  1.917805e-001 -7.092274e-001
    outer loop
      vertex -8.782209e-002  5.067364e+001 -5.926341e-001
      vertex -3.013999e-001  5.067300e+001 -7.970995e-001
      vertex -9.411500e-002  5.072021e+001 -5.860606e-001
    endloop
  endfacet
  facet normal  6.773551e-001  1.958270e-001 -7.091135e-001
    outer loop
      vertex -9.411500e-002  5.072021e+001 -5.860606e-001
      vertex -3.013999e-001  5.067300e+001 -7.970995e-001
      vertex -3.081142e-001  5.072162e+001 -7.900858e-001
    endloop
  endfacet
  facet normal  5.774228e-001  5.517052e-001 -6.018341e-001
    outer loop
      vertex -9.411500e-002  5.072021e+001 -5.860606e-001
      vertex -3.081142e-001  5.072162e+001 -7.900858e-001
      vertex -1.137005e-001  5.076303e+001 -5.656018e-001
    endloop
  endfacet
  facet normal  5.703443e-001  5.632887e-001 -5.978403e-001
    outer loop
      vertex -1.137005e-001  5.076303e+001 -5.656018e-001
      vertex -3.081142e-001  5.072162e+001 -7.900858e-001
      vertex -3.273604e-001  5.076245e+001 -7.699814e-001
    endloop
  endfacet
  facet normal  1.352653e-001  9.806827e-001 -1.412968e-001
    outer loop
      vertex -3.892242e-001  5.080000e+001 -7.053591e-001
      vertex -1.756442e-001  5.080000e+001 -5.008960e-001
      vertex -3.555785e-001  5.079029e+001 -7.405051e-001
    endloop
  endfacet
  facet normal  1.281082e-001  9.823923e-001 -1.359915e-001
    outer loop
      vertex -3.555785e-001  5.079029e+001 -7.405051e-001
      vertex -1.756442e-001  5.080000e+001 -5.008960e-001
      vertex -1.434072e-001  5.079113e+001 -5.345705e-001
    endloop
  endfacet
  facet normal  3.909115e-001  8.259889e-001 -4.061162e-001
    outer loop
      vertex -3.555785e-001  5.079029e+001 -7.405051e-001
      vertex -1.434072e-001  5.079113e+001 -5.345705e-001
      vertex -3.273604e-001  5.076245e+001 -7.699814e-001
    endloop
  endfacet
  facet normal  3.772681e-001  8.368034e-001 -3.967729e-001
    outer loop
      vertex -3.273604e-001  5.076245e+001 -7.699814e-001
      vertex -1.434072e-001  5.079113e+001 -5.345705e-001
      vertex -1.137005e-001  5.076303e+001 -5.656018e-001
    endloop
  endfacet
  facet normal  3.296453e-001  1.558895e-001 -9.311458e-001
    outer loop
      vertex -8.533521e-001  4.381929e+001 -2.343800e+000
      vertex -1.319279e-001  4.121599e+001 -2.524238e+000
      vertex -8.885302e-001  4.381301e+001 -2.357305e+000
    endloop
  endfacet
  facet normal  5.326864e-001  2.168890e-001 -8.180492e-001
    outer loop
      vertex -4.003161e-001  4.215843e+001 -2.449135e+000
      vertex -8.782034e-002  4.123152e+001 -2.491398e+000
      vertex -1.319279e-001  4.121599e+001 -2.524238e+000
    endloop
  endfacet
  facet normal  7.915731e-001  1.788602e-001  5.843124e-001
    outer loop
      vertex -4.003161e-001  4.215843e+001 -2.449135e+000
      vertex -1.319279e-001  4.121599e+001 -2.524238e+000
      vertex -8.533521e-001  4.381929e+001 -2.343800e+000
    endloop
  endfacet
  facet normal  3.355412e-001  1.505031e-001 -9.299253e-001
    outer loop
      vertex -4.003161e-001  4.215843e+001 -2.449135e+000
      vertex -8.533521e-001  4.381929e+001 -2.343800e+000
      vertex -1.063703e+000  4.511535e+001 -2.209941e+000
    endloop
  endfacet
  facet normal -8.564406e-002  7.054818e-002 -9.938250e-001
    outer loop
      vertex -1.367891e+000  4.646880e+001 -2.132461e+000
      vertex -1.324083e+000  4.647396e+001 -2.135870e+000
      vertex -9.258899e-001  4.380532e+001 -2.359623e+000
    endloop
  endfacet
  facet normal  4.320848e-002  8.987434e-002 -9.950154e-001
    outer loop
      vertex -9.258899e-001  4.380532e+001 -2.359623e+000
      vertex -1.324083e+000  4.647396e+001 -2.135870e+000
      vertex -8.885302e-001  4.381301e+001 -2.357305e+000
    endloop
  endfacet
  facet normal  4.279823e-002  9.181722e-002 -9.948557e-001
    outer loop
      vertex -9.258899e-001  4.380532e+001 -2.359623e+000
      vertex -8.885302e-001  4.381301e+001 -2.357305e+000
      vertex -5.930559e-001  4.249656e+001 -2.466092e+000
    endloop
  endfacet
  facet normal  2.621518e-001  1.377688e-001 -9.551420e-001
    outer loop
      vertex -5.930559e-001  4.249656e+001 -2.466092e+000
      vertex -8.885302e-001  4.381301e+001 -2.357305e+000
      vertex -1.319279e-001  4.121599e+001 -2.524238e+000
    endloop
  endfacet
  facet normal -7.729454e-003  4.258032e-002 -9.990631e-001
    outer loop
      vertex -5.930559e-001  4.249656e+001 -2.466092e+000
      vertex -1.319279e-001  4.121599e+001 -2.524238e+000
      vertex -5.802000e-001  4.234042e+001 -2.472846e+000
    endloop
  endfacet
  facet normal  1.321352e-001  9.776052e-002 -9.863991e-001
    outer loop
      vertex -5.802000e-001  4.234042e+001 -2.472846e+000
      vertex -1.319279e-001  4.121599e+001 -2.524238e+000
      vertex -1.848849e-001  4.119651e+001 -2.533262e+000
    endloop
  endfacet
  facet normal  5.628632e-001  1.414136e-001 -8.143631e-001
    outer loop
      vertex -1.247540e+000  4.647986e+001 -2.100057e+000
      vertex -1.063703e+000  4.511535e+001 -2.209941e+000
      vertex -1.281644e+000  4.647782e+001 -2.123983e+000
    endloop
  endfacet
  facet normal  9.863749e-001  1.541559e-001  5.744904e-002
    outer loop
      vertex -1.281644e+000  4.647782e+001 -2.123983e+000
      vertex -1.063703e+000  4.511535e+001 -2.209941e+000
      vertex -8.533521e-001  4.381929e+001 -2.343800e+000
    endloop
  endfacet
  facet normal  2.575449e-001  1.207591e-001 -9.586906e-001
    outer loop
      vertex -1.281644e+000  4.647782e+001 -2.123983e+000
      vertex -8.533521e-001  4.381929e+001 -2.343800e+000
      vertex -1.324083e+000  4.647396e+001 -2.135870e+000
    endloop
  endfacet
  facet normal  3.345588e-001  1.324050e-001 -9.330270e-001
    outer loop
      vertex -1.324083e+000  4.647396e+001 -2.135870e+000
      vertex -8.533521e-001  4.381929e+001 -2.343800e+000
      vertex -8.885302e-001  4.381301e+001 -2.357305e+000
    endloop
  endfacet
  facet normal -4.100960e-001  1.975102e-002 -9.118285e-001
    outer loop
      vertex -1.405645e+000  4.646333e+001 -2.115600e+000
      vertex -1.367891e+000  4.646880e+001 -2.132461e+000
      vertex -1.216412e+000  4.512093e+001 -2.229785e+000
    endloop
  endfacet
  facet normal -2.370257e-001  4.344002e-002 -9.705318e-001
    outer loop
      vertex -1.216412e+000  4.512093e+001 -2.229785e+000
      vertex -1.367891e+000  4.646880e+001 -2.132461e+000
      vertex -9.258899e-001  4.380532e+001 -2.359623e+000
    endloop
  endfacet
  facet normal -2.416678e-001  4.230680e-002 -9.694363e-001
    outer loop
      vertex -1.216412e+000  4.512093e+001 -2.229785e+000
      vertex -9.258899e-001  4.380532e+001 -2.359623e+000
      vertex -9.602717e-001  4.379541e+001 -2.351484e+000
    endloop
  endfacet
  facet normal -2.162011e-001  2.441974e-002 -9.760434e-001
    outer loop
      vertex -5.930559e-001  4.249656e+001 -2.466092e+000
      vertex -5.802000e-001  4.234042e+001 -2.472846e+000
      vertex -9.258899e-001  4.380532e+001 -2.359623e+000
    endloop
  endfacet
  facet normal -2.356173e-001  1.949829e-002 -9.716502e-001
    outer loop
      vertex -9.258899e-001  4.380532e+001 -2.359623e+000
      vertex -5.802000e-001  4.234042e+001 -2.472846e+000
      vertex -9.602717e-001  4.379541e+001 -2.351484e+000
    endloop
  endfacet
  facet normal -3.019279e-001  9.232432e-001  2.376165e-001
    outer loop
      vertex -7.053591e-001  5.080000e+001 -3.892242e-001
      vertex -7.803980e-001  5.077546e+001 -3.892242e-001
      vertex -7.702286e-001  5.076280e+001 -3.271238e-001
    endloop
  endfacet
  facet normal -7.888495e-001  5.640157e-001  2.441369e-001
    outer loop
      vertex -7.803980e-001  5.077546e+001 -3.892242e-001
      vertex -8.262877e-001  5.071128e+001 -3.892252e-001
      vertex -7.702286e-001  5.076280e+001 -3.271238e-001
    endloop
  endfacet
  facet normal -8.064045e-001  5.034583e-001  3.102280e-001
    outer loop
      vertex -7.702286e-001  5.076280e+001 -3.271238e-001
      vertex -8.262877e-001  5.071128e+001 -3.892252e-001
      vertex -8.176047e-001  5.069015e+001 -3.323642e-001
    endloop
  endfacet
  facet normal -6.585286e-001  3.826697e-001  6.480000e-001
    outer loop
      vertex -7.702286e-001  5.076280e+001 -3.271238e-001
      vertex -8.176047e-001  5.069015e+001 -3.323642e-001
      vertex -7.970995e-001  5.067300e+001 -3.013999e-001
    endloop
  endfacet
  facet normal -7.738901e-001  6.208448e-001 -1.250827e-001
    outer loop
      vertex -8.073861e-001  5.072350e+001 -4.455237e-001
      vertex -8.262877e-001  5.071128e+001 -3.892252e-001
      vertex -7.663841e-001  5.077916e+001 -4.228984e-001
    endloop
  endfacet
  facet normal -7.844321e-001  5.608649e-001 -2.647579e-001
    outer loop
      vertex -7.663841e-001  5.077916e+001 -4.228984e-001
      vertex -8.262877e-001  5.071128e+001 -3.892252e-001
      vertex -7.803980e-001  5.077546e+001 -3.892242e-001
    endloop
  endfacet
  facet normal -3.107348e-001  9.501731e-001 -2.479977e-002
    outer loop
      vertex -7.663841e-001  5.077916e+001 -4.228984e-001
      vertex -7.803980e-001  5.077546e+001 -3.892242e-001
      vertex -7.053591e-001  5.080000e+001 -3.892242e-001
    endloop
  endfacet
  facet normal -1.125949e-001  9.803629e-001 -1.618983e-001
    outer loop
      vertex  1.756442e-001  5.080000e+001 -5.008960e-001
      vertex  1.420977e-001  5.079036e+001 -5.359383e-001
      vertex  1.120663e-001  5.080000e+001 -4.566797e-001
    endloop
  endfacet
  facet normal -9.324089e-002  9.835127e-001 -1.549481e-001
    outer loop
      vertex  1.120663e-001  5.080000e+001 -4.566797e-001
      vertex  1.420977e-001  5.079036e+001 -5.359383e-001
      vertex  7.699140e-002  5.079115e+001 -4.917481e-001
    endloop
  endfacet
  facet normal -5.944500e-002  9.803764e-001 -1.879588e-001
    outer loop
      vertex  1.120663e-001  5.080000e+001 -4.566797e-001
      vertex  7.699140e-002  5.079115e+001 -4.917481e-001
      vertex  3.838419e-002  5.080000e+001 -4.333766e-001
    endloop
  endfacet
  facet normal -3.115542e-002  9.849612e-001 -1.699430e-001
    outer loop
      vertex  3.838419e-002  5.080000e+001 -4.333766e-001
      vertex  7.699140e-002  5.079115e+001 -4.917481e-001
      vertex -1.220196e-004  5.079115e+001 -4.775889e-001
    endloop
  endfacet
  facet normal  1.725606e-004  9.805354e-001 -1.963422e-001
    outer loop
      vertex  3.838419e-002  5.080000e+001 -4.333766e-001
      vertex -1.220196e-004  5.079115e+001 -4.775889e-001
      vertex -3.855680e-002  5.080000e+001 -4.334442e-001
    endloop
  endfacet
  facet normal -5.657411e-001  1.980870e-001 -8.004365e-001
    outer loop
      vertex  8.782034e-002  5.067364e+001 -5.926324e-001
      vertex  5.732676e-002  5.067379e+001 -5.710430e-001
      vertex  9.466308e-002  5.072205e+001 -5.854880e-001
    endloop
  endfacet
  facet normal -5.274391e-001  1.581913e-001 -8.347356e-001
    outer loop
      vertex  9.466308e-002  5.072205e+001 -5.854880e-001
      vertex  5.732676e-002  5.067379e+001 -5.710430e-001
      vertex  5.053739e-002  5.072034e+001 -5.579305e-001
    endloop
  endfacet
  facet normal -4.545943e-001  5.592740e-001 -6.932219e-001
    outer loop
      vertex  9.466308e-002  5.072205e+001 -5.854880e-001
      vertex  5.053739e-002  5.072034e+001 -5.579305e-001
      vertex  1.139338e-001  5.076267e+001 -5.653580e-001
    endloop
  endfacet
  facet normal -4.475164e-001  5.460411e-001 -7.082149e-001
    outer loop
      vertex  1.139338e-001  5.076267e+001 -5.653580e-001
      vertex  5.053739e-002  5.072034e+001 -5.579305e-001
      vertex  6.105431e-002  5.076309e+001 -5.316173e-001
    endloop
  endfacet
  facet normal -3.021433e-001  8.213474e-001 -4.838365e-001
    outer loop
      vertex  1.139338e-001  5.076267e+001 -5.653580e-001
      vertex  6.105431e-002  5.076309e+001 -5.316173e-001
      vertex  1.420977e-001  5.079036e+001 -5.359383e-001
    endloop
  endfacet
  facet normal -1.751095e-001  2.431785e-001 -9.540445e-001
    outer loop
      vertex  5.053739e-002  5.072034e+001 -5.579305e-001
      vertex  5.732676e-002  5.067379e+001 -5.710430e-001
      vertex -8.006601e-005  5.072039e+001 -5.486292e-001
    endloop
  endfacet
  facet normal -1.557848e-001  2.657066e-001 -9.513838e-001
    outer loop
      vertex -8.006601e-005  5.072039e+001 -5.486292e-001
      vertex  5.732676e-002  5.067379e+001 -5.710430e-001
      vertex -1.811560e-002  5.067387e+001 -5.586662e-001
    endloop
  endfacet
  facet normal  1.810113e-001  1.398807e-001 -9.734826e-001
    outer loop
      vertex -8.006601e-005  5.072039e+001 -5.486292e-001
      vertex -1.811560e-002  5.067387e+001 -5.586662e-001
      vertex -5.065753e-002  5.072034e+001 -5.580397e-001
    endloop
  endfacet
  facet normal  5.317917e-001  1.884041e-001 -8.256521e-001
    outer loop
      vertex -9.411500e-002  5.072021e+001 -5.860606e-001
      vertex -5.065753e-002  5.072034e+001 -5.580397e-001
      vertex -8.782209e-002  5.067364e+001 -5.926341e-001
    endloop
  endfacet
  facet normal  4.166043e-001  3.032888e-001 -8.570045e-001
    outer loop
      vertex -8.782209e-002  5.067364e+001 -5.926341e-001
      vertex -5.065753e-002  5.072034e+001 -5.580397e-001
      vertex -1.811560e-002  5.067387e+001 -5.586662e-001
    endloop
  endfacet
  facet normal  4.886889e-002  9.866775e-001 -1.551753e-001
    outer loop
      vertex -3.855680e-002  5.080000e+001 -4.334442e-001
      vertex -1.220196e-004  5.079115e+001 -4.775889e-001
      vertex -1.120698e-001  5.080000e+001 -4.565954e-001
    endloop
  endfacet
  facet normal  3.843455e-002  9.775884e-001 -2.069867e-001
    outer loop
      vertex -1.120698e-001  5.080000e+001 -4.565954e-001
      vertex -1.220196e-004  5.079115e+001 -4.775889e-001
      vertex -7.717449e-002  5.079115e+001 -4.919145e-001
    endloop
  endfacet
  facet normal  1.017612e-001  9.840318e-001 -1.460342e-001
    outer loop
      vertex -1.120698e-001  5.080000e+001 -4.565954e-001
      vertex -7.717449e-002  5.079115e+001 -4.919145e-001
      vertex -1.756442e-001  5.080000e+001 -5.008960e-001
    endloop
  endfacet
  facet normal  1.028311e-001  9.817433e-001 -1.600187e-001
    outer loop
      vertex -1.756442e-001  5.080000e+001 -5.008960e-001
      vertex -7.717449e-002  5.079115e+001 -4.919145e-001
      vertex -1.434072e-001  5.079113e+001 -5.345705e-001
    endloop
  endfacet
  facet normal  2.998449e-001  8.320832e-001 -4.666160e-001
    outer loop
      vertex -1.137005e-001  5.076303e+001 -5.656018e-001
      vertex -1.434072e-001  5.079113e+001 -5.345705e-001
      vertex -6.119943e-002  5.076309e+001 -5.317492e-001
    endloop
  endfacet
  facet normal  2.999303e-001  8.323952e-001 -4.660043e-001
    outer loop
      vertex -6.119943e-002  5.076309e+001 -5.317492e-001
      vertex -1.434072e-001  5.079113e+001 -5.345705e-001
      vertex -7.717449e-002  5.079115e+001 -4.919145e-001
    endloop
  endfacet
  facet normal  1.011653e-001  8.320163e-001 -5.454488e-001
    outer loop
      vertex -6.119943e-002  5.076309e+001 -5.317492e-001
      vertex -7.717449e-002  5.079115e+001 -4.919145e-001
      vertex -9.670487e-005  5.076311e+001 -5.203815e-001
    endloop
  endfacet
  facet normal  1.013194e-001  8.321711e-001 -5.451840e-001
    outer loop
      vertex -9.670487e-005  5.076311e+001 -5.203815e-001
      vertex -7.717449e-002  5.079115e+001 -4.919145e-001
      vertex -1.220196e-004  5.079115e+001 -4.775889e-001
    endloop
  endfacet
  facet normal -9.988945e-002  8.322375e-001 -5.453466e-001
    outer loop
      vertex -9.670487e-005  5.076311e+001 -5.203815e-001
      vertex -1.220196e-004  5.079115e+001 -4.775889e-001
      vertex  6.105431e-002  5.076309e+001 -5.316173e-001
    endloop
  endfacet
  facet normal -1.001277e-001  8.320842e-001 -5.455368e-001
    outer loop
      vertex  6.105431e-002  5.076309e+001 -5.316173e-001
      vertex -1.220196e-004  5.079115e+001 -4.775889e-001
      vertex  7.699140e-002  5.079115e+001 -4.917481e-001
    endloop
  endfacet
  facet normal -3.046435e-001  8.319685e-001 -4.637034e-001
    outer loop
      vertex  6.105431e-002  5.076309e+001 -5.316173e-001
      vertex  7.699140e-002  5.079115e+001 -4.917481e-001
      vertex  1.420977e-001  5.079036e+001 -5.359383e-001
    endloop
  endfacet
  facet normal -1.513313e-001  5.448959e-001 -8.247347e-001
    outer loop
      vertex  6.105431e-002  5.076309e+001 -5.316173e-001
      vertex  5.053739e-002  5.072034e+001 -5.579305e-001
      vertex -9.670487e-005  5.076311e+001 -5.203815e-001
    endloop
  endfacet
  facet normal -1.510803e-001  5.451095e-001 -8.246396e-001
    outer loop
      vertex -9.670487e-005  5.076311e+001 -5.203815e-001
      vertex  5.053739e-002  5.072034e+001 -5.579305e-001
      vertex -8.006601e-005  5.072039e+001 -5.486292e-001
    endloop
  endfacet
  facet normal  1.531546e-001  5.450158e-001 -8.243187e-001
    outer loop
      vertex -9.670487e-005  5.076311e+001 -5.203815e-001
      vertex -8.006601e-005  5.072039e+001 -5.486292e-001
      vertex -6.119943e-002  5.076309e+001 -5.317492e-001
    endloop
  endfacet
  facet normal  1.529550e-001  5.448009e-001 -8.244978e-001
    outer loop
      vertex -6.119943e-002  5.076309e+001 -5.317492e-001
      vertex -8.006601e-005  5.072039e+001 -5.486292e-001
      vertex -5.065753e-002  5.072034e+001 -5.580397e-001
    endloop
  endfacet
  facet normal  4.537596e-001  5.453466e-001 -7.047690e-001
    outer loop
      vertex -6.119943e-002  5.076309e+001 -5.317492e-001
      vertex -5.065753e-002  5.072034e+001 -5.580397e-001
      vertex -1.137005e-001  5.076303e+001 -5.656018e-001
    endloop
  endfacet
  facet normal  4.533283e-001  5.445518e-001 -7.056605e-001
    outer loop
      vertex -1.137005e-001  5.076303e+001 -5.656018e-001
      vertex -5.065753e-002  5.072034e+001 -5.580397e-001
      vertex -9.411500e-002  5.072021e+001 -5.860606e-001
    endloop
  endfacet
  facet normal -1.394416e-001  3.205876e-001 -9.368989e-001
    outer loop
      vertex  2.230069e-002  4.105706e+001 -2.528006e+000
      vertex  3.268114e-002  4.106928e+001 -2.525370e+000
      vertex  4.994775e-002  4.104617e+001 -2.535846e+000
    endloop
  endfacet
  facet normal -1.544083e-001  2.883989e-001 -9.449784e-001
    outer loop
      vertex  4.994775e-002  4.104617e+001 -2.535846e+000
      vertex  2.609825e-002  4.102954e+001 -2.537025e+000
      vertex  2.230069e-002  4.105706e+001 -2.528006e+000
    endloop
  endfacet
  facet normal -7.402220e-002  3.013465e-001 -9.506372e-001
    outer loop
      vertex  2.230069e-002  4.105706e+001 -2.528006e+000
      vertex  2.609825e-002  4.102954e+001 -2.537025e+000
      vertex  1.295140e-002  4.105035e+001 -2.529403e+000
    endloop
  endfacet
  facet normal -6.055561e-002  3.092697e-001 -9.490445e-001
    outer loop
      vertex  1.295140e-002  4.105035e+001 -2.529403e+000
      vertex  2.609825e-002  4.102954e+001 -2.537025e+000
      vertex -1.286468e-005  4.102300e+001 -2.537491e+000
    endloop
  endfacet
  facet normal -2.987911e-002  2.963750e-001 -9.546042e-001
    outer loop
      vertex  1.295140e-002  4.105035e+001 -2.529403e+000
      vertex -1.286468e-005  4.102300e+001 -2.537491e+000
      vertex  2.195035e-004  4.104747e+001 -2.529899e+000
    endloop
  endfacet
  facet normal -3.122782e-003  2.962741e-001 -9.550979e-001
    outer loop
      vertex -2.741184e-003  4.104785e+001 -2.529773e+000
      vertex  2.195035e-004  4.104747e+001 -2.529899e+000
      vertex -1.286468e-005  4.102300e+001 -2.537491e+000
    endloop
  endfacet
  facet normal  5.823242e-002  3.019107e-001 -9.515560e-001
    outer loop
      vertex -1.286468e-005  4.102300e+001 -2.537491e+000
      vertex -2.608451e-002  4.102948e+001 -2.537029e+000
      vertex -2.741184e-003  4.104785e+001 -2.529773e+000
    endloop
  endfacet
  facet normal  4.269873e-002  3.196833e-001 -9.465618e-001
    outer loop
      vertex -2.608451e-002  4.102948e+001 -2.537029e+000
      vertex -1.486833e-002  4.105227e+001 -2.528829e+000
      vertex -2.741184e-003  4.104785e+001 -2.529773e+000
    endloop
  endfacet
  facet normal  8.634111e-002  2.994994e-001 -9.501817e-001
    outer loop
      vertex -2.351588e-002  4.105843e+001 -2.527673e+000
      vertex -1.486833e-002  4.105227e+001 -2.528829e+000
      vertex -2.608451e-002  4.102948e+001 -2.537029e+000
    endloop
  endfacet
  facet normal  1.566958e-001  2.911760e-001 -9.437495e-001
    outer loop
      vertex -2.608451e-002  4.102948e+001 -2.537029e+000
      vertex -4.989697e-002  4.104612e+001 -2.535850e+000
      vertex -2.351588e-002  4.105843e+001 -2.527673e+000
    endloop
  endfacet
  facet normal -1.258056e-001  1.145171e-001 -9.854231e-001
    outer loop
      vertex  1.319279e-001  4.121599e+001 -2.524238e+000
      vertex  1.848849e-001  4.119651e+001 -2.533262e+000
      vertex  8.610711e-002  4.109540e+001 -2.532402e+000
    endloop
  endfacet
  facet normal -9.053109e-002  7.999398e-002 -9.926757e-001
    outer loop
      vertex  8.610711e-002  4.109540e+001 -2.532402e+000
      vertex  1.848849e-001  4.119651e+001 -2.533262e+000
      vertex  1.185986e-001  4.107226e+001 -2.537230e+000
    endloop
  endfacet
  facet normal -6.811094e-002  1.112158e-001 -9.914595e-001
    outer loop
      vertex  8.610711e-002  4.109540e+001 -2.532402e+000
      vertex  1.185986e-001  4.107226e+001 -2.537230e+000
      vertex  6.972961e-002  4.106893e+001 -2.534246e+000
    endloop
  endfacet
  facet normal -6.714547e-002  9.550475e-002 -9.931619e-001
    outer loop
      vertex  6.972961e-002  4.106893e+001 -2.534246e+000
      vertex  1.185986e-001  4.107226e+001 -2.537230e+000
      vertex  8.769967e-002  4.103748e+001 -2.538486e+000
    endloop
  endfacet
  facet normal -4.445442e-002  1.084601e-001 -9.931064e-001
    outer loop
      vertex  6.972961e-002  4.106893e+001 -2.534246e+000
      vertex  8.769967e-002  4.103748e+001 -2.538486e+000
      vertex  4.994775e-002  4.104617e+001 -2.535846e+000
    endloop
  endfacet
  facet normal -4.739909e-002  9.602571e-002 -9.942497e-001
    outer loop
      vertex  4.994775e-002  4.104617e+001 -2.535846e+000
      vertex  8.769967e-002  4.103748e+001 -2.538486e+000
      vertex  6.827956e-002  4.102171e+001 -2.539082e+000
    endloop
  endfacet
  facet normal -2.794906e-002  1.105014e-001 -9.934829e-001
    outer loop
      vertex  4.994775e-002  4.104617e+001 -2.535846e+000
      vertex  6.827956e-002  4.102171e+001 -2.539082e+000
      vertex  2.609825e-002  4.102954e+001 -2.537025e+000
    endloop
  endfacet
  facet normal -2.966596e-002  1.014891e-001 -9.943942e-001
    outer loop
      vertex  2.609825e-002  4.102954e+001 -2.537025e+000
      vertex  6.827956e-002  4.102171e+001 -2.539082e+000
      vertex  2.411353e-002  4.100093e+001 -2.539886e+000
    endloop
  endfacet
  facet normal -7.301924e-003  9.999437e-002 -9.949613e-001
    outer loop
      vertex  2.609825e-002  4.102954e+001 -2.537025e+000
      vertex  2.411353e-002  4.100093e+001 -2.539886e+000
      vertex -1.286468e-005  4.102300e+001 -2.537491e+000
    endloop
  endfacet
  facet normal -7.829145e-003  9.942374e-002 -9.950144e-001
    outer loop
      vertex -1.286468e-005  4.102300e+001 -2.537491e+000
      vertex  2.411353e-002  4.100093e+001 -2.539886e+000
      vertex  3.110603e-016  4.099789e+001 -2.540000e+000
    endloop
  endfacet
  facet normal  7.098150e-003  9.943184e-002 -9.950191e-001
    outer loop
      vertex -1.286468e-005  4.102300e+001 -2.537491e+000
      vertex  3.110603e-016  4.099789e+001 -2.540000e+000
      vertex -2.608451e-002  4.102948e+001 -2.537029e+000
    endloop
  endfacet
  facet normal  6.126033e-003  9.863737e-002 -9.951045e-001
    outer loop
      vertex -2.608451e-002  4.102948e+001 -2.537029e+000
      vertex  3.110603e-016  4.099789e+001 -2.540000e+000
      vertex -1.896284e-002  4.099978e+001 -2.539929e+000
    endloop
  endfacet
  facet normal  2.415527e-002  1.028910e-001 -9.943992e-001
    outer loop
      vertex -2.608451e-002  4.102948e+001 -2.537029e+000
      vertex -1.896284e-002  4.099978e+001 -2.539929e+000
      vertex -5.466569e-002  4.101316e+001 -2.539412e+000
    endloop
  endfacet
  facet normal  1.307913e-001  1.013303e-001 -9.862180e-001
    outer loop
      vertex -1.848849e-001  4.119651e+001 -2.533262e+000
      vertex -1.319279e-001  4.121599e+001 -2.524238e+000
      vertex -1.185853e-001  4.107232e+001 -2.537230e+000
    endloop
  endfacet
  facet normal  7.860696e-002  9.702258e-002 -9.921733e-001
    outer loop
      vertex -1.185853e-001  4.107232e+001 -2.537230e+000
      vertex -1.319279e-001  4.121599e+001 -2.524238e+000
      vertex -8.619054e-002  4.109556e+001 -2.532391e+000
    endloop
  endfacet
  facet normal  7.467086e-002  1.024580e-001 -9.919307e-001
    outer loop
      vertex -1.185853e-001  4.107232e+001 -2.537230e+000
      vertex -8.619054e-002  4.109556e+001 -2.532391e+000
      vertex -8.675608e-002  4.103665e+001 -2.538518e+000
    endloop
  endfacet
  facet normal  5.426145e-002  1.027883e-001 -9.932222e-001
    outer loop
      vertex -8.675608e-002  4.103665e+001 -2.538518e+000
      vertex -8.619054e-002  4.109556e+001 -2.532391e+000
      vertex -6.973125e-002  4.106897e+001 -2.534243e+000
    endloop
  endfacet
  facet normal  4.943761e-002  1.053272e-001 -9.932079e-001
    outer loop
      vertex -8.675608e-002  4.103665e+001 -2.538518e+000
      vertex -6.973125e-002  4.106897e+001 -2.534243e+000
      vertex -5.466569e-002  4.101316e+001 -2.539412e+000
    endloop
  endfacet
  facet normal  3.708748e-002  1.020748e-001 -9.940851e-001
    outer loop
      vertex -5.466569e-002  4.101316e+001 -2.539412e+000
      vertex -6.973125e-002  4.106897e+001 -2.534243e+000
      vertex -4.989697e-002  4.104612e+001 -2.535850e+000
    endloop
  endfacet
  facet normal  2.347484e-002  1.040669e-001 -9.942932e-001
    outer loop
      vertex -5.466569e-002  4.101316e+001 -2.539412e+000
      vertex -4.989697e-002  4.104612e+001 -2.535850e+000
      vertex -2.608451e-002  4.102948e+001 -2.537029e+000
    endloop
  endfacet
  facet normal -5.071564e-001  2.818235e-001 -8.144740e-001
    outer loop
      vertex  8.782034e-002  4.123152e+001 -2.491398e+000
      vertex  1.319279e-001  4.121599e+001 -2.524238e+000
      vertex  7.699311e-002  4.118313e+001 -2.501401e+000
    endloop
  endfacet
  facet normal -4.930466e-001  2.438871e-001 -8.351191e-001
    outer loop
      vertex  7.699311e-002  4.118313e+001 -2.501401e+000
      vertex  1.319279e-001  4.121599e+001 -2.524238e+000
      vertex  8.610711e-002  4.109540e+001 -2.532402e+000
    endloop
  endfacet
  facet normal -3.086937e-001  2.882410e-001 -9.064354e-001
    outer loop
      vertex  7.699311e-002  4.118313e+001 -2.501401e+000
      vertex  8.610711e-002  4.109540e+001 -2.532402e+000
      vertex  5.297123e-002  4.110745e+001 -2.517286e+000
    endloop
  endfacet
  facet normal -2.226960e-001  2.596330e-001 -9.396793e-001
    outer loop
      vertex  4.994775e-002  4.104617e+001 -2.535846e+000
      vertex  3.268114e-002  4.106928e+001 -2.525370e+000
      vertex  6.972961e-002  4.106893e+001 -2.534246e+000
    endloop
  endfacet
  facet normal -2.185906e-001  3.120063e-001 -9.245919e-001
    outer loop
      vertex  6.972961e-002  4.106893e+001 -2.534246e+000
      vertex  3.268114e-002  4.106928e+001 -2.525370e+000
      vertex  5.297123e-002  4.110745e+001 -2.517286e+000
    endloop
  endfacet
  facet normal -3.202453e-001  2.615751e-001 -9.105061e-001
    outer loop
      vertex  6.972961e-002  4.106893e+001 -2.534246e+000
      vertex  5.297123e-002  4.110745e+001 -2.517286e+000
      vertex  8.610711e-002  4.109540e+001 -2.532402e+000
    endloop
  endfacet
  facet normal  5.190894e-001  2.524244e-001 -8.165954e-001
    outer loop
      vertex -1.319279e-001  4.121599e+001 -2.524238e+000
      vertex -8.782034e-002  4.123152e+001 -2.491398e+000
      vertex -8.619054e-002  4.109556e+001 -2.532391e+000
    endloop
  endfacet
  facet normal  3.642831e-001  2.728292e-001 -8.904281e-001
    outer loop
      vertex -8.619054e-002  4.109556e+001 -2.532391e+000
      vertex -8.782034e-002  4.123152e+001 -2.491398e+000
      vertex -6.917506e-002  4.115411e+001 -2.507490e+000
    endloop
  endfacet
  facet normal  3.496481e-001  2.787888e-001 -8.944401e-001
    outer loop
      vertex -8.619054e-002  4.109556e+001 -2.532391e+000
      vertex -6.917506e-002  4.115411e+001 -2.507490e+000
      vertex -6.973125e-002  4.106897e+001 -2.534243e+000
    endloop
  endfacet
  facet normal  2.582606e-001  2.880847e-001 -9.221218e-001
    outer loop
      vertex -6.973125e-002  4.106897e+001 -2.534243e+000
      vertex -6.917506e-002  4.115411e+001 -2.507490e+000
      vertex -4.708029e-002  4.109489e+001 -2.519801e+000
    endloop
  endfacet
  facet normal  2.577552e-001  2.885278e-001 -9.221247e-001
    outer loop
      vertex -6.973125e-002  4.106897e+001 -2.534243e+000
      vertex -4.708029e-002  4.109489e+001 -2.519801e+000
      vertex -4.989697e-002  4.104612e+001 -2.535850e+000
    endloop
  endfacet
  facet normal  1.632532e-001  2.998396e-001 -9.399173e-001
    outer loop
      vertex -4.989697e-002  4.104612e+001 -2.535850e+000
      vertex -4.708029e-002  4.109489e+001 -2.519801e+000
      vertex -3.071988e-002  4.106622e+001 -2.526108e+000
    endloop
  endfacet
  facet normal  1.415803e-001  3.191423e-001 -9.370717e-001
    outer loop
      vertex -4.989697e-002  4.104612e+001 -2.535850e+000
      vertex -3.071988e-002  4.106622e+001 -2.526108e+000
      vertex -2.351588e-002  4.105843e+001 -2.527673e+000
    endloop
  endfacet
  facet normal -8.200049e-001  1.235942e-001  5.588526e-001
    outer loop
      vertex -1.894707e+000  4.743565e+001 -1.195955e+000
      vertex -7.970995e-001  5.067300e+001 -3.013999e-001
      vertex -1.915039e+000  4.745081e+001 -1.229141e+000
    endloop
  endfacet
  facet normal -8.003500e-001  1.078796e-001  5.897472e-001
    outer loop
      vertex -1.915039e+000  4.745081e+001 -1.229141e+000
      vertex -7.970995e-001  5.067300e+001 -3.013999e-001
      vertex -8.176047e-001  5.069015e+001 -3.323642e-001
    endloop
  endfacet
  facet normal -9.335586e-001  2.434488e-001  2.630606e-001
    outer loop
      vertex -1.915039e+000  4.745081e+001 -1.229141e+000
      vertex -8.176047e-001  5.069015e+001 -3.323642e-001
      vertex -1.923439e+000  4.746355e+001 -1.270742e+000
    endloop
  endfacet
  facet normal -9.065840e-001  3.556566e-001 -2.271869e-001
    outer loop
      vertex -8.073861e-001  5.072350e+001 -4.455237e-001
      vertex -1.009095e+000  5.007575e+001 -6.546396e-001
      vertex -8.262877e-001  5.071128e+001 -3.892252e-001
    endloop
  endfacet
  facet normal -8.769240e-001  3.768354e-001 -2.983275e-001
    outer loop
      vertex -8.262877e-001  5.071128e+001 -3.892252e-001
      vertex -1.009095e+000  5.007575e+001 -6.546396e-001
      vertex -1.083294e+000  4.990479e+001 -6.524876e-001
    endloop
  endfacet
  facet normal -9.466277e-001  2.269485e-001  2.288893e-001
    outer loop
      vertex -8.262877e-001  5.071128e+001 -3.892252e-001
      vertex -1.083294e+000  4.990479e+001 -6.524876e-001
      vertex -8.176047e-001  5.069015e+001 -3.323642e-001
    endloop
  endfacet
  facet normal -9.421548e-001  3.332744e-001 -3.567213e-002
    outer loop
      vertex -8.176047e-001  5.069015e+001 -3.323642e-001
      vertex -1.083294e+000  4.990479e+001 -6.524876e-001
      vertex -1.923439e+000  4.746355e+001 -1.270742e+000
    endloop
  endfacet
  facet normal -8.794860e-001  3.780639e-001 -2.890883e-001
    outer loop
      vertex -1.009095e+000  5.007575e+001 -6.546396e-001
      vertex -1.898820e+000  4.747325e+001 -1.351346e+000
      vertex -1.083294e+000  4.990479e+001 -6.524876e-001
    endloop
  endfacet
  facet normal -8.329302e-001  3.917073e-001 -3.908872e-001
    outer loop
      vertex -1.083294e+000  4.990479e+001 -6.524876e-001
      vertex -1.898820e+000  4.747325e+001 -1.351346e+000
      vertex -1.917283e+000  4.747133e+001 -1.313931e+000
    endloop
  endfacet
  facet normal -9.373304e-001  3.408729e-001 -7.223134e-002
    outer loop
      vertex -1.083294e+000  4.990479e+001 -6.524876e-001
      vertex -1.917283e+000  4.747133e+001 -1.313931e+000
      vertex -1.923439e+000  4.746355e+001 -1.270742e+000
    endloop
  endfacet
  facet normal -1.349535e-001  9.823934e-001  1.291928e-001
    outer loop
      vertex -7.053591e-001  5.080000e+001 -3.892242e-001
      vertex -5.345705e-001  5.079113e+001 -1.434072e-001
      vertex -5.008960e-001  5.080000e+001 -1.756442e-001
    endloop
  endfacet
  facet normal -2.988399e-001  9.233891e-001  2.409297e-001
    outer loop
      vertex -7.053591e-001  5.080000e+001 -3.892242e-001
      vertex -7.702286e-001  5.076280e+001 -3.271238e-001
      vertex -5.345705e-001  5.079113e+001 -1.434072e-001
    endloop
  endfacet
  facet normal -6.895836e-001  3.824967e-001  6.149560e-001
    outer loop
      vertex -7.970995e-001  5.067300e+001 -3.013999e-001
      vertex -5.860606e-001  5.072021e+001 -9.411500e-002
      vertex -7.702286e-001  5.076280e+001 -3.271238e-001
    endloop
  endfacet
  facet normal -7.092274e-001  1.917804e-001  6.783926e-001
    outer loop
      vertex -7.970995e-001  5.067300e+001 -3.013999e-001
      vertex -5.926324e-001  5.067364e+001 -8.782034e-002
      vertex -5.860606e-001  5.072021e+001 -9.411500e-002
    endloop
  endfacet
  facet normal -3.956411e-001  8.368049e-001  3.784518e-001
    outer loop
      vertex -7.702286e-001  5.076280e+001 -3.271238e-001
      vertex -5.656018e-001  5.076303e+001 -1.137005e-001
      vertex -5.345705e-001  5.079113e+001 -1.434072e-001
    endloop
  endfacet
  facet normal -6.023215e-001  5.517055e-001  5.769141e-001
    outer loop
      vertex -7.702286e-001  5.076280e+001 -3.271238e-001
      vertex -5.860606e-001  5.072021e+001 -9.411500e-002
      vertex -5.656018e-001  5.076303e+001 -1.137005e-001
    endloop
  endfacet
  facet normal -6.779309e-001  1.951283e-001 -7.087556e-001
    outer loop
      vertex  3.013999e-001  5.067300e+001 -7.970995e-001
      vertex  8.782034e-002  5.067364e+001 -5.926324e-001
      vertex  3.080862e-001  5.072160e+001 -7.901151e-001
    endloop
  endfacet
  facet normal -6.778420e-001  2.002055e-001 -7.074235e-001
    outer loop
      vertex  3.080862e-001  5.072160e+001 -7.901151e-001
      vertex  8.782034e-002  5.067364e+001 -5.926324e-001
      vertex  9.466308e-002  5.072205e+001 -5.854880e-001
    endloop
  endfacet
  facet normal -5.748274e-001  5.555627e-001 -6.007691e-001
    outer loop
      vertex  3.080862e-001  5.072160e+001 -7.901151e-001
      vertex  9.466308e-002  5.072205e+001 -5.854880e-001
      vertex  3.271238e-001  5.076280e+001 -7.702286e-001
    endloop
  endfacet
  facet normal -5.715272e-001  5.657601e-001 -5.943670e-001
    outer loop
      vertex  3.271238e-001  5.076280e+001 -7.702286e-001
      vertex  9.466308e-002  5.072205e+001 -5.854880e-001
      vertex  1.139338e-001  5.076267e+001 -5.653580e-001
    endloop
  endfacet
  facet normal -3.852300e-001  8.314641e-001 -4.003316e-001
    outer loop
      vertex  3.271238e-001  5.076280e+001 -7.702286e-001
      vertex  1.139338e-001  5.076267e+001 -5.653580e-001
      vertex  3.556157e-001  5.079033e+001 -7.404662e-001
    endloop
  endfacet
  facet normal -3.888826e-001  8.269618e-001 -4.060842e-001
    outer loop
      vertex  3.556157e-001  5.079033e+001 -7.404662e-001
      vertex  1.139338e-001  5.076267e+001 -5.653580e-001
      vertex  1.420977e-001  5.079036e+001 -5.359383e-001
    endloop
  endfacet
  facet normal -1.348764e-001  9.807885e-001 -1.409330e-001
    outer loop
      vertex  3.556157e-001  5.079033e+001 -7.404662e-001
      vertex  1.420977e-001  5.079036e+001 -5.359383e-001
      vertex  3.892242e-001  5.080000e+001 -7.053591e-001
    endloop
  endfacet
  facet normal -1.347785e-001  9.808228e-001 -1.407882e-001
    outer loop
      vertex  3.892242e-001  5.080000e+001 -7.053591e-001
      vertex  1.420977e-001  5.079036e+001 -5.359383e-001
      vertex  1.756442e-001  5.080000e+001 -5.008960e-001
    endloop
  endfacet
  facet normal -2.620578e-001  1.377429e-001 -9.551715e-001
    outer loop
      vertex  1.319279e-001  4.121599e+001 -2.524238e+000
      vertex  8.889108e-001  4.381466e+001 -2.357174e+000
      vertex  5.931142e-001  4.249691e+001 -2.466049e+000
    endloop
  endfacet
  facet normal  2.363290e-001  1.892128e-002 -9.714889e-001
    outer loop
      vertex  9.607934e-001  4.379770e+001 -2.351271e+000
      vertex  5.931142e-001  4.249691e+001 -2.466049e+000
      vertex  9.262751e-001  4.380695e+001 -2.359488e+000
    endloop
  endfacet
  facet normal  2.420693e-001  4.224079e-002 -9.693390e-001
    outer loop
      vertex  1.216703e+000  4.512265e+001 -2.229626e+000
      vertex  9.607934e-001  4.379770e+001 -2.351271e+000
      vertex  9.262751e-001  4.380695e+001 -2.359488e+000
    endloop
  endfacet
  facet normal -4.268719e-002  9.178004e-002 -9.948639e-001
    outer loop
      vertex  5.931142e-001  4.249691e+001 -2.466049e+000
      vertex  8.889108e-001  4.381466e+001 -2.357174e+000
      vertex  9.262751e-001  4.380695e+001 -2.359488e+000
    endloop
  endfacet
  facet normal -5.628633e-001  1.414135e-001 -8.143631e-001
    outer loop
      vertex  1.063702e+000  4.511535e+001 -2.209940e+000
      vertex  1.247540e+000  4.647986e+001 -2.100057e+000
      vertex  1.281644e+000  4.647782e+001 -2.123983e+000
    endloop
  endfacet
  facet normal -5.267687e-001  3.067026e-002  8.494552e-001
    outer loop
      vertex  1.063702e+000  4.511535e+001 -2.209940e+000
      vertex  1.281644e+000  4.647782e+001 -2.123983e+000
      vertex  5.303678e-001  4.251310e+001 -2.446718e+000
    endloop
  endfacet
  facet normal -4.548574e-001  1.727169e-001 -8.736553e-001
    outer loop
      vertex  1.063702e+000  4.511535e+001 -2.209940e+000
      vertex  5.303678e-001  4.251310e+001 -2.446718e+000
      vertex  4.002926e-001  4.215842e+001 -2.449113e+000
    endloop
  endfacet
  facet normal -1.333911e-001  9.441827e-002 -9.865556e-001
    outer loop
      vertex  1.848849e-001  4.119651e+001 -2.533262e+000
      vertex  1.319279e-001  4.121599e+001 -2.524238e+000
      vertex  4.819168e-001  4.202781e+001 -2.493864e+000
    endloop
  endfacet
  facet normal -1.116250e-001  8.516701e-002 -9.900942e-001
    outer loop
      vertex  4.819168e-001  4.202781e+001 -2.493864e+000
      vertex  1.319279e-001  4.121599e+001 -2.524238e+000
      vertex  5.931142e-001  4.249691e+001 -2.466049e+000
    endloop
  endfacet
  facet normal  5.342183e-001 -7.671797e-002 -8.418581e-001
    outer loop
      vertex  4.819168e-001  4.202781e+001 -2.493864e+000
      vertex  5.931142e-001  4.249691e+001 -2.466049e+000
      vertex  9.607934e-001  4.379770e+001 -2.351271e+000
    endloop
  endfacet
  facet normal -5.326838e-001  2.168952e-001 -8.180492e-001
    outer loop
      vertex  8.782034e-002  4.123152e+001 -2.491398e+000
      vertex  4.002926e-001  4.215842e+001 -2.449113e+000
      vertex  1.319279e-001  4.121599e+001 -2.524238e+000
    endloop
  endfacet
  facet normal -6.451086e-001  2.414859e-001 -7.249271e-001
    outer loop
      vertex  1.319279e-001  4.121599e+001 -2.524238e+000
      vertex  4.002926e-001  4.215842e+001 -2.449113e+000
      vertex  5.303678e-001  4.251310e+001 -2.446718e+000
    endloop
  endfacet
  facet normal  2.713293e-001 -1.402535e-001  9.522129e-001
    outer loop
      vertex  1.319279e-001  4.121599e+001 -2.524238e+000
      vertex  5.303678e-001  4.251310e+001 -2.446718e+000
      vertex  8.889108e-001  4.381466e+001 -2.357174e+000
    endloop
  endfacet
  facet normal -1.442019e-001  1.073999e-001 -9.837027e-001
    outer loop
      vertex  5.303678e-001  4.251310e+001 -2.446718e+000
      vertex  1.281644e+000  4.647782e+001 -2.123983e+000
      vertex  8.889108e-001  4.381466e+001 -2.357174e+000
    endloop
  endfacet
  facet normal -2.574112e-001  1.218952e-001 -9.585829e-001
    outer loop
      vertex  8.889108e-001  4.381466e+001 -2.357174e+000
      vertex  1.281644e+000  4.647782e+001 -2.123983e+000
      vertex  1.324083e+000  4.647396e+001 -2.135870e+000
    endloop
  endfacet
  facet normal -4.309338e-002  8.985639e-002 -9.950220e-001
    outer loop
      vertex  8.889108e-001  4.381466e+001 -2.357174e+000
      vertex  1.324083e+000  4.647396e+001 -2.135870e+000
      vertex  9.262751e-001  4.380695e+001 -2.359488e+000
    endloop
  endfacet
  facet normal  8.564425e-002  7.055342e-002 -9.938245e-001
    outer loop
      vertex  9.262751e-001  4.380695e+001 -2.359488e+000
      vertex  1.324083e+000  4.647396e+001 -2.135870e+000
      vertex  1.367891e+000  4.646880e+001 -2.132461e+000
    endloop
  endfacet
  facet normal  2.373703e-001  4.338770e-002 -9.704498e-001
    outer loop
      vertex  9.262751e-001  4.380695e+001 -2.359488e+000
      vertex  1.367891e+000  4.646880e+001 -2.132461e+000
      vertex  1.216703e+000  4.512265e+001 -2.229626e+000
    endloop
  endfacet
  facet normal  4.100966e-001  1.975726e-002 -9.118281e-001
    outer loop
      vertex  1.216703e+000  4.512265e+001 -2.229626e+000
      vertex  1.367891e+000  4.646880e+001 -2.132461e+000
      vertex  1.405645e+000  4.646333e+001 -2.115600e+000
    endloop
  endfacet
  facet normal -8.806892e-001  2.118199e-001 -4.236968e-001
    outer loop
      vertex -2.115600e+000  4.646333e+001 -1.405645e+000
      vertex -1.917283e+000  4.747133e+001 -1.313931e+000
      vertex -1.898820e+000  4.747325e+001 -1.351346e+000
    endloop
  endfacet
  facet normal -9.493625e-001  1.903206e-001  2.499775e-001
    outer loop
      vertex -1.915039e+000  4.745081e+001 -1.229141e+000
      vertex -1.923439e+000  4.746355e+001 -1.270742e+000
      vertex -2.135870e+000  4.647396e+001 -1.324083e+000
    endloop
  endfacet
  facet normal -9.741954e-001  2.010068e-001 -1.026628e-001
    outer loop
      vertex -1.917283e+000  4.747133e+001 -1.313931e+000
      vertex -2.115600e+000  4.646333e+001 -1.405645e+000
      vertex -1.923439e+000  4.746355e+001 -1.270742e+000
    endloop
  endfacet
  facet normal -8.769109e-001  2.257052e-001 -4.243637e-001
    outer loop
      vertex -1.923439e+000  4.746355e+001 -1.270742e+000
      vertex -2.115600e+000  4.646333e+001 -1.405645e+000
      vertex -2.132461e+000  4.646880e+001 -1.367891e+000
    endloop
  endfacet
  facet normal -9.716185e-001  2.140052e-001 -1.007923e-001
    outer loop
      vertex -1.923439e+000  4.746355e+001 -1.270742e+000
      vertex -2.132461e+000  4.646880e+001 -1.367891e+000
      vertex -2.135870e+000  4.647396e+001 -1.324083e+000
    endloop
  endfacet
  facet normal -8.177685e-001  1.303838e-001  5.605841e-001
    outer loop
      vertex -1.915039e+000  4.745081e+001 -1.229141e+000
      vertex -2.135870e+000  4.647396e+001 -1.324083e+000
      vertex -1.894707e+000  4.743565e+001 -1.195955e+000
    endloop
  endfacet
  facet normal -9.472339e-001  2.046693e-001  2.466953e-001
    outer loop
      vertex -1.894707e+000  4.743565e+001 -1.195955e+000
      vertex -2.135870e+000  4.647396e+001 -1.324083e+000
      vertex -2.123983e+000  4.647782e+001 -1.281644e+000
    endloop
  endfacet
  facet normal -8.140795e-001  1.445462e-001  5.624774e-001
    outer loop
      vertex -1.894707e+000  4.743565e+001 -1.195955e+000
      vertex -2.123983e+000  4.647782e+001 -1.281644e+000
      vertex -2.100057e+000  4.647986e+001 -1.247540e+000
    endloop
  endfacet
  facet normal -8.826535e-001  1.909751e-001 -4.294780e-001
    outer loop
      vertex -5.926341e-001  5.067364e+001  8.782209e-002
      vertex -5.854880e-001  5.072205e+001  9.466308e-002
      vertex -5.586662e-001  5.067387e+001  1.811560e-002
    endloop
  endfacet
  facet normal -7.842123e-001  3.629799e-001 -5.032461e-001
    outer loop
      vertex -5.586662e-001  5.067387e+001  1.811560e-002
      vertex -5.854880e-001  5.072205e+001  9.466308e-002
      vertex -5.580397e-001  5.072034e+001  5.065753e-002
    endloop
  endfacet
  facet normal -9.734826e-001  1.398807e-001 -1.810113e-001
    outer loop
      vertex -5.586662e-001  5.067387e+001  1.811560e-002
      vertex -5.580397e-001  5.072034e+001  5.065753e-002
      vertex -5.486292e-001  5.072039e+001  8.006601e-005
    endloop
  endfacet
  facet normal -1.617723e-001  9.803684e-001 -1.127280e-001
    outer loop
      vertex -5.008960e-001  5.080000e+001  1.756442e-001
      vertex -4.565954e-001  5.080000e+001  1.120698e-001
      vertex -5.359383e-001  5.079036e+001  1.420977e-001
    endloop
  endfacet
  facet normal -1.546646e-001  9.835883e-001 -9.291361e-002
    outer loop
      vertex -5.359383e-001  5.079036e+001  1.420977e-001
      vertex -4.565954e-001  5.080000e+001  1.120698e-001
      vertex -4.919145e-001  5.079115e+001  7.717449e-002
    endloop
  endfacet
  facet normal -4.752747e-001  8.225559e-001 -3.122751e-001
    outer loop
      vertex -5.359383e-001  5.079036e+001  1.420977e-001
      vertex -4.919145e-001  5.079115e+001  7.717449e-002
      vertex -5.653580e-001  5.076267e+001  1.139338e-001
    endloop
  endfacet
  facet normal -4.694677e-001  8.330886e-001 -2.925122e-001
    outer loop
      vertex -5.653580e-001  5.076267e+001  1.139338e-001
      vertex -4.919145e-001  5.079115e+001  7.717449e-002
      vertex -5.317492e-001  5.076309e+001  6.119943e-002
    endloop
  endfacet
  facet normal -7.018459e-001  5.579622e-001 -4.428209e-001
    outer loop
      vertex -5.653580e-001  5.076267e+001  1.139338e-001
      vertex -5.317492e-001  5.076309e+001  6.119943e-002
      vertex -5.854880e-001  5.072205e+001  9.466308e-002
    endloop
  endfacet
  facet normal -8.253759e-001  1.884130e-001  5.322173e-001
    outer loop
      vertex -5.860606e-001  5.072021e+001 -9.411500e-002
      vertex -5.926324e-001  5.067364e+001 -8.782034e-002
      vertex -5.579305e-001  5.072034e+001 -5.053739e-002
    endloop
  endfacet
  facet normal -8.079497e-001  1.442469e-001  5.713231e-001
    outer loop
      vertex -5.579305e-001  5.072034e+001 -5.053739e-002
      vertex -5.926324e-001  5.067364e+001 -8.782034e-002
      vertex -5.710430e-001  5.067379e+001 -5.732676e-002
    endloop
  endfacet
  facet normal -9.540445e-001  2.431785e-001  1.751095e-001
    outer loop
      vertex -5.579305e-001  5.072034e+001 -5.053739e-002
      vertex -5.710430e-001  5.067379e+001 -5.732676e-002
      vertex -5.486292e-001  5.072039e+001  8.006601e-005
    endloop
  endfacet
  facet normal -9.513838e-001  2.657066e-001  1.557848e-001
    outer loop
      vertex -5.486292e-001  5.072039e+001  8.006601e-005
      vertex -5.710430e-001  5.067379e+001 -5.732676e-002
      vertex -5.586662e-001  5.067387e+001  1.811560e-002
    endloop
  endfacet
  facet normal -1.551946e-001  9.819701e-001  1.079327e-001
    outer loop
      vertex -5.008960e-001  5.080000e+001 -1.756442e-001
      vertex -5.345705e-001  5.079113e+001 -1.434072e-001
      vertex -4.566797e-001  5.080000e+001 -1.120663e-001
    endloop
  endfacet
  facet normal -1.510676e-001  9.837353e-001  9.717676e-002
    outer loop
      vertex -4.566797e-001  5.080000e+001 -1.120663e-001
      vertex -5.345705e-001  5.079113e+001 -1.434072e-001
      vertex -4.917481e-001  5.079115e+001 -7.699140e-002
    endloop
  endfacet
  facet normal -1.879588e-001  9.803764e-001  5.944500e-002
    outer loop
      vertex -4.566797e-001  5.080000e+001 -1.120663e-001
      vertex -4.917481e-001  5.079115e+001 -7.699140e-002
      vertex -4.333766e-001  5.080000e+001 -3.838419e-002
    endloop
  endfacet
  facet normal -1.699430e-001  9.849612e-001  3.115542e-002
    outer loop
      vertex -4.333766e-001  5.080000e+001 -3.838419e-002
      vertex -4.917481e-001  5.079115e+001 -7.699140e-002
      vertex -4.775889e-001  5.079115e+001  1.220196e-004
    endloop
  endfacet
  facet normal -1.963422e-001  9.805354e-001 -1.725606e-004
    outer loop
      vertex -4.333766e-001  5.080000e+001 -3.838419e-002
      vertex -4.775889e-001  5.079115e+001  1.220196e-004
      vertex -4.334442e-001  5.080000e+001  3.855680e-002
    endloop
  endfacet
  facet normal -2.069867e-001  9.775884e-001 -3.843455e-002
    outer loop
      vertex -4.919145e-001  5.079115e+001  7.717449e-002
      vertex -4.565954e-001  5.080000e+001  1.120698e-001
      vertex -4.775889e-001  5.079115e+001  1.220196e-004
    endloop
  endfacet
  facet normal -1.551753e-001  9.866775e-001 -4.886889e-002
    outer loop
      vertex -4.775889e-001  5.079115e+001  1.220196e-004
      vertex -4.565954e-001  5.080000e+001  1.120698e-001
      vertex -4.334442e-001  5.080000e+001  3.855680e-002
    endloop
  endfacet
  facet normal -4.661649e-001  8.321450e-001  3.003745e-001
    outer loop
      vertex -5.345705e-001  5.079113e+001 -1.434072e-001
      vertex -5.656018e-001  5.076303e+001 -1.137005e-001
      vertex -4.917481e-001  5.079115e+001 -7.699140e-002
    endloop
  endfacet
  facet normal -4.659896e-001  8.324564e-001  2.997832e-001
    outer loop
      vertex -4.917481e-001  5.079115e+001 -7.699140e-002
      vertex -5.656018e-001  5.076303e+001 -1.137005e-001
      vertex -5.316173e-001  5.076309e+001 -6.105431e-002
    endloop
  endfacet
  facet normal -5.455368e-001  8.320842e-001  1.001277e-001
    outer loop
      vertex -4.917481e-001  5.079115e+001 -7.699140e-002
      vertex -5.316173e-001  5.076309e+001 -6.105431e-002
      vertex -4.775889e-001  5.079115e+001  1.220196e-004
    endloop
  endfacet
  facet normal -5.453466e-001  8.322375e-001  9.988945e-002
    outer loop
      vertex -4.775889e-001  5.079115e+001  1.220196e-004
      vertex -5.316173e-001  5.076309e+001 -6.105431e-002
      vertex -5.203815e-001  5.076311e+001  9.670487e-005
    endloop
  endfacet
  facet normal -5.451840e-001  8.321711e-001 -1.013194e-001
    outer loop
      vertex -4.775889e-001  5.079115e+001  1.220196e-004
      vertex -5.203815e-001  5.076311e+001  9.670487e-005
      vertex -4.919145e-001  5.079115e+001  7.717449e-002
    endloop
  endfacet
  facet normal -5.454488e-001  8.320163e-001 -1.011653e-001
    outer loop
      vertex -4.919145e-001  5.079115e+001  7.717449e-002
      vertex -5.203815e-001  5.076311e+001  9.670487e-005
      vertex -5.317492e-001  5.076309e+001  6.119943e-002
    endloop
  endfacet
  facet normal -7.049060e-001  5.446653e-001  4.543646e-001
    outer loop
      vertex -5.656018e-001  5.076303e+001 -1.137005e-001
      vertex -5.860606e-001  5.072021e+001 -9.411500e-002
      vertex -5.316173e-001  5.076309e+001 -6.105431e-002
    endloop
  endfacet
  facet normal -7.049299e-001  5.454599e-001  4.533733e-001
    outer loop
      vertex -5.316173e-001  5.076309e+001 -6.105431e-002
      vertex -5.860606e-001  5.072021e+001 -9.411500e-002
      vertex -5.579305e-001  5.072034e+001 -5.053739e-002
    endloop
  endfacet
  facet normal -8.247347e-001  5.448959e-001  1.513313e-001
    outer loop
      vertex -5.316173e-001  5.076309e+001 -6.105431e-002
      vertex -5.579305e-001  5.072034e+001 -5.053739e-002
      vertex -5.203815e-001  5.076311e+001  9.670487e-005
    endloop
  endfacet
  facet normal -8.246396e-001  5.451095e-001  1.510803e-001
    outer loop
      vertex -5.203815e-001  5.076311e+001  9.670487e-005
      vertex -5.579305e-001  5.072034e+001 -5.053739e-002
      vertex -5.486292e-001  5.072039e+001  8.006601e-005
    endloop
  endfacet
  facet normal -8.243188e-001  5.450159e-001 -1.531546e-001
    outer loop
      vertex -5.203815e-001  5.076311e+001  9.670487e-005
      vertex -5.486292e-001  5.072039e+001  8.006601e-005
      vertex -5.317492e-001  5.076309e+001  6.119943e-002
    endloop
  endfacet
  facet normal -8.244978e-001  5.448009e-001 -1.529550e-001
    outer loop
      vertex -5.317492e-001  5.076309e+001  6.119943e-002
      vertex -5.486292e-001  5.072039e+001  8.006601e-005
      vertex -5.580397e-001  5.072034e+001  5.065753e-002
    endloop
  endfacet
  facet normal -7.018318e-001  5.448136e-001 -4.589231e-001
    outer loop
      vertex -5.317492e-001  5.076309e+001  6.119943e-002
      vertex -5.580397e-001  5.072034e+001  5.065753e-002
      vertex -5.854880e-001  5.072205e+001  9.466308e-002
    endloop
  endfacet
  facet normal  5.125070e-002  9.492164e-001 -3.104219e-001
    outer loop
      vertex  3.892242e-001  5.080000e+001 -7.053591e-001
      vertex  3.892242e-001  5.077546e+001 -7.803980e-001
      vertex  3.556157e-001  5.079033e+001 -7.404662e-001
    endloop
  endfacet
  facet normal -3.047026e-001  4.825183e-001 -8.211775e-001
    outer loop
      vertex  3.892252e-001  5.071128e+001 -8.262877e-001
      vertex  3.323642e-001  5.069015e+001 -8.176047e-001
      vertex  3.080862e-001  5.072160e+001 -7.901151e-001
    endloop
  endfacet
  facet normal -6.141640e-001  1.944177e-001 -7.648557e-001
    outer loop
      vertex  3.013999e-001  5.067300e+001 -7.970995e-001
      vertex  3.080862e-001  5.072160e+001 -7.901151e-001
      vertex  3.323642e-001  5.069015e+001 -8.176047e-001
    endloop
  endfacet
  facet normal -2.773340e-001  5.587999e-001 -7.815552e-001
    outer loop
      vertex  3.892252e-001  5.071128e+001 -8.262877e-001
      vertex  3.080862e-001  5.072160e+001 -7.901151e-001
      vertex  3.892242e-001  5.077546e+001 -7.803980e-001
    endloop
  endfacet
  facet normal -2.391973e-001  5.094702e-001 -8.265741e-001
    outer loop
      vertex  3.892242e-001  5.077546e+001 -7.803980e-001
      vertex  3.080862e-001  5.072160e+001 -7.901151e-001
      vertex  3.271238e-001  5.076280e+001 -7.702286e-001
    endloop
  endfacet
  facet normal -2.514150e-001  8.185523e-001 -5.164907e-001
    outer loop
      vertex  3.892242e-001  5.077546e+001 -7.803980e-001
      vertex  3.271238e-001  5.076280e+001 -7.702286e-001
      vertex  3.556157e-001  5.079033e+001 -7.404662e-001
    endloop
  endfacet
  facet normal  1.250827e-001  6.208448e-001 -7.738901e-001
    outer loop
      vertex  4.455237e-001  5.072350e+001 -8.073861e-001
      vertex  3.892252e-001  5.071128e+001 -8.262877e-001
      vertex  4.228984e-001  5.077916e+001 -7.663841e-001
    endloop
  endfacet
  facet normal  2.647579e-001  5.608649e-001 -7.844321e-001
    outer loop
      vertex  4.228984e-001  5.077916e+001 -7.663841e-001
      vertex  3.892252e-001  5.071128e+001 -8.262877e-001
      vertex  3.892242e-001  5.077546e+001 -7.803980e-001
    endloop
  endfacet
  facet normal  2.479977e-002  9.501731e-001 -3.107348e-001
    outer loop
      vertex  4.228984e-001  5.077916e+001 -7.663841e-001
      vertex  3.892242e-001  5.077546e+001 -7.803980e-001
      vertex  3.892242e-001  5.080000e+001 -7.053591e-001
    endloop
  endfacet
  facet normal  4.189593e-001  2.120397e-001 -8.828999e-001
    outer loop
      vertex  1.405645e+000  4.646333e+001 -2.115600e+000
      vertex  1.312673e+000  4.747118e+001 -1.917669e+000
      vertex  1.351346e+000  4.747325e+001 -1.898820e+000
    endloop
  endfacet
  facet normal -2.389971e-001  1.917383e-001 -9.519017e-001
    outer loop
      vertex  1.230296e+000  4.745124e+001 -1.915472e+000
      vertex  1.270765e+000  4.746346e+001 -1.923171e+000
      vertex  1.324083e+000  4.647396e+001 -2.135870e+000
    endloop
  endfacet
  facet normal  9.123772e-002  2.000013e-001 -9.755384e-001
    outer loop
      vertex  1.312673e+000  4.747118e+001 -1.917669e+000
      vertex  1.405645e+000  4.646333e+001 -2.115600e+000
      vertex  1.270765e+000  4.746346e+001 -1.923171e+000
    endloop
  endfacet
  facet normal  4.243696e-001  2.259397e-001 -8.768476e-001
    outer loop
      vertex  1.270765e+000  4.746346e+001 -1.923171e+000
      vertex  1.405645e+000  4.646333e+001 -2.115600e+000
      vertex  1.367891e+000  4.646880e+001 -2.132461e+000
    endloop
  endfacet
  facet normal  1.008191e-001  2.142738e-001 -9.715566e-001
    outer loop
      vertex  1.270765e+000  4.746346e+001 -1.923171e+000
      vertex  1.367891e+000  4.646880e+001 -2.132461e+000
      vertex  1.324083e+000  4.647396e+001 -2.135870e+000
    endloop
  endfacet
  facet normal -5.560235e-001  1.317174e-001 -8.206635e-001
    outer loop
      vertex  1.230296e+000  4.745124e+001 -1.915472e+000
      vertex  1.324083e+000  4.647396e+001 -2.135870e+000
      vertex  1.195955e+000  4.743565e+001 -1.894707e+000
    endloop
  endfacet
  facet normal -2.466952e-001  2.046693e-001 -9.472337e-001
    outer loop
      vertex  1.195955e+000  4.743565e+001 -1.894707e+000
      vertex  1.324083e+000  4.647396e+001 -2.135870e+000
      vertex  1.281644e+000  4.647782e+001 -2.123983e+000
    endloop
  endfacet
  facet normal -5.624774e-001  1.445462e-001 -8.140795e-001
    outer loop
      vertex  1.195955e+000  4.743565e+001 -1.894707e+000
      vertex  1.281644e+000  4.647782e+001 -2.123983e+000
      vertex  1.247540e+000  4.647986e+001 -2.100057e+000
    endloop
  endfacet
  facet normal -9.551715e-001  1.377429e-001  2.620578e-001
    outer loop
      vertex -2.524238e+000  4.121599e+001 -1.319279e-001
      vertex -2.357174e+000  4.381466e+001 -8.889108e-001
      vertex -2.466049e+000  4.249691e+001 -5.931142e-001
    endloop
  endfacet
  facet normal -9.714889e-001  1.892128e-002 -2.363290e-001
    outer loop
      vertex -2.351271e+000  4.379770e+001 -9.607934e-001
      vertex -2.466049e+000  4.249691e+001 -5.931142e-001
      vertex -2.359488e+000  4.380695e+001 -9.262751e-001
    endloop
  endfacet
  facet normal -9.693390e-001  4.224079e-002 -2.420693e-001
    outer loop
      vertex -2.229626e+000  4.512265e+001 -1.216703e+000
      vertex -2.351271e+000  4.379770e+001 -9.607934e-001
      vertex -2.359488e+000  4.380695e+001 -9.262751e-001
    endloop
  endfacet
  facet normal -9.948639e-001  9.178004e-002  4.268719e-002
    outer loop
      vertex -2.466049e+000  4.249691e+001 -5.931142e-001
      vertex -2.357174e+000  4.381466e+001 -8.889108e-001
      vertex -2.359488e+000  4.380695e+001 -9.262751e-001
    endloop
  endfacet
  facet normal -8.143631e-001  1.414135e-001  5.628633e-001
    outer loop
      vertex -2.209940e+000  4.511535e+001 -1.063702e+000
      vertex -2.100057e+000  4.647986e+001 -1.247540e+000
      vertex -2.123983e+000  4.647782e+001 -1.281644e+000
    endloop
  endfacet
  facet normal  8.494552e-001  3.067026e-002  5.267687e-001
    outer loop
      vertex -2.209940e+000  4.511535e+001 -1.063702e+000
      vertex -2.123983e+000  4.647782e+001 -1.281644e+000
      vertex -2.446718e+000  4.251310e+001 -5.303678e-001
    endloop
  endfacet
  facet normal -8.736553e-001  1.727169e-001  4.548574e-001
    outer loop
      vertex -2.209940e+000  4.511535e+001 -1.063702e+000
      vertex -2.446718e+000  4.251310e+001 -5.303678e-001
      vertex -2.449113e+000  4.215842e+001 -4.002926e-001
    endloop
  endfacet
  facet normal -9.865556e-001  9.441827e-002  1.333911e-001
    outer loop
      vertex -2.533262e+000  4.119651e+001 -1.848849e-001
      vertex -2.524238e+000  4.121599e+001 -1.319279e-001
      vertex -2.493864e+000  4.202781e+001 -4.819168e-001
    endloop
  endfacet
  facet normal -9.900942e-001  8.516701e-002  1.116250e-001
    outer loop
      vertex -2.493864e+000  4.202781e+001 -4.819168e-001
      vertex -2.524238e+000  4.121599e+001 -1.319279e-001
      vertex -2.466049e+000  4.249691e+001 -5.931142e-001
    endloop
  endfacet
  facet normal -8.418583e-001 -7.671798e-002 -5.342183e-001
    outer loop
      vertex -2.493864e+000  4.202781e+001 -4.819168e-001
      vertex -2.466049e+000  4.249691e+001 -5.931142e-001
      vertex -2.351271e+000  4.379770e+001 -9.607934e-001
    endloop
  endfacet
  facet normal -8.180492e-001  2.168952e-001  5.326838e-001
    outer loop
      vertex -2.491398e+000  4.123152e+001 -8.782034e-002
      vertex -2.449113e+000  4.215842e+001 -4.002926e-001
      vertex -2.524238e+000  4.121599e+001 -1.319279e-001
    endloop
  endfacet
  facet normal -7.249271e-001  2.414859e-001  6.451086e-001
    outer loop
      vertex -2.524238e+000  4.121599e+001 -1.319279e-001
      vertex -2.449113e+000  4.215842e+001 -4.002926e-001
      vertex -2.446718e+000  4.251310e+001 -5.303678e-001
    endloop
  endfacet
  facet normal  9.522129e-001 -1.402535e-001 -2.713293e-001
    outer loop
      vertex -2.524238e+000  4.121599e+001 -1.319279e-001
      vertex -2.446718e+000  4.251310e+001 -5.303678e-001
      vertex -2.357174e+000  4.381466e+001 -8.889108e-001
    endloop
  endfacet
  facet normal -9.837027e-001  1.073999e-001  1.442019e-001
    outer loop
      vertex -2.446718e+000  4.251310e+001 -5.303678e-001
      vertex -2.123983e+000  4.647782e+001 -1.281644e+000
      vertex -2.357174e+000  4.381466e+001 -8.889108e-001
    endloop
  endfacet
  facet normal -9.585829e-001  1.218952e-001  2.574112e-001
    outer loop
      vertex -2.357174e+000  4.381466e+001 -8.889108e-001
      vertex -2.123983e+000  4.647782e+001 -1.281644e+000
      vertex -2.135870e+000  4.647396e+001 -1.324083e+000
    endloop
  endfacet
  facet normal -9.950220e-001  8.985639e-002  4.309338e-002
    outer loop
      vertex -2.357174e+000  4.381466e+001 -8.889108e-001
      vertex -2.135870e+000  4.647396e+001 -1.324083e+000
      vertex -2.359488e+000  4.380695e+001 -9.262751e-001
    endloop
  endfacet
  facet normal -9.938245e-001  7.055342e-002 -8.564425e-002
    outer loop
      vertex -2.359488e+000  4.380695e+001 -9.262751e-001
      vertex -2.135870e+000  4.647396e+001 -1.324083e+000
      vertex -2.132461e+000  4.646880e+001 -1.367891e+000
    endloop
  endfacet
  facet normal -9.704498e-001  4.338770e-002 -2.373703e-001
    outer loop
      vertex -2.359488e+000  4.380695e+001 -9.262751e-001
      vertex -2.132461e+000  4.646880e+001 -1.367891e+000
      vertex -2.229626e+000  4.512265e+001 -1.216703e+000
    endloop
  endfacet
  facet normal -9.118281e-001  1.975726e-002 -4.100966e-001
    outer loop
      vertex -2.229626e+000  4.512265e+001 -1.216703e+000
      vertex -2.132461e+000  4.646880e+001 -1.367891e+000
      vertex -2.115600e+000  4.646333e+001 -1.405645e+000
    endloop
  endfacet
  facet normal -2.988610e-001  9.233882e-001 -2.409070e-001
    outer loop
      vertex -7.053591e-001  5.080000e+001  3.892242e-001
      vertex -5.359383e-001  5.079036e+001  1.420977e-001
      vertex -7.702286e-001  5.076280e+001  3.271238e-001
    endloop
  endfacet
  facet normal -1.407882e-001  9.808228e-001 -1.347785e-001
    outer loop
      vertex -7.053591e-001  5.080000e+001  3.892242e-001
      vertex -5.008960e-001  5.080000e+001  1.756442e-001
      vertex -5.359383e-001  5.079036e+001  1.420977e-001
    endloop
  endfacet
  facet normal -7.080237e-001  2.002053e-001 -6.772152e-001
    outer loop
      vertex -7.970995e-001  5.067300e+001  3.013999e-001
      vertex -5.854880e-001  5.072205e+001  9.466308e-002
      vertex -5.926341e-001  5.067364e+001  8.782209e-002
    endloop
  endfacet
  facet normal -6.895222e-001  3.824978e-001 -6.150240e-001
    outer loop
      vertex -7.970995e-001  5.067300e+001  3.013999e-001
      vertex -7.702286e-001  5.076280e+001  3.271238e-001
      vertex -5.854880e-001  5.072205e+001  9.466308e-002
    endloop
  endfacet
  facet normal -5.943670e-001  5.657602e-001 -5.715271e-001
    outer loop
      vertex -7.702286e-001  5.076280e+001  3.271238e-001
      vertex -5.653580e-001  5.076267e+001  1.139338e-001
      vertex -5.854880e-001  5.072205e+001  9.466308e-002
    endloop
  endfacet
  facet normal -4.051501e-001  8.269610e-001 -3.898577e-001
    outer loop
      vertex -7.702286e-001  5.076280e+001  3.271238e-001
      vertex -5.359383e-001  5.079036e+001  1.420977e-001
      vertex -5.653580e-001  5.076267e+001  1.139338e-001
    endloop
  endfacet
  facet normal  2.100865e-001  9.548442e-001 -2.100865e-001
    outer loop
      vertex  3.892242e-001  5.080000e+001 -7.053591e-001
      vertex  7.053591e-001  5.080000e+001 -3.892242e-001
      vertex  4.228984e-001  5.077916e+001 -7.663841e-001
    endloop
  endfacet
  facet normal  2.100865e-001  9.548441e-001 -2.100865e-001
    outer loop
      vertex  4.228984e-001  5.077916e+001 -7.663841e-001
      vertex  7.053591e-001  5.080000e+001 -3.892242e-001
      vertex  7.663841e-001  5.077916e+001 -4.228984e-001
    endloop
  endfacet
  facet normal  5.499482e-001  6.285809e-001 -5.499482e-001
    outer loop
      vertex  4.228984e-001  5.077916e+001 -7.663841e-001
      vertex  7.663841e-001  5.077916e+001 -4.228984e-001
      vertex  4.455237e-001  5.072350e+001 -8.073861e-001
    endloop
  endfacet
  facet normal  5.499483e-001  6.285807e-001 -5.499483e-001
    outer loop
      vertex  4.455237e-001  5.072350e+001 -8.073861e-001
      vertex  7.663841e-001  5.077916e+001 -4.228984e-001
      vertex  8.073861e-001  5.072350e+001 -4.455237e-001
    endloop
  endfacet
  facet normal -5.544876e-001  1.256950e-001 -8.226447e-001
    outer loop
      vertex  1.195955e+000  4.743565e+001 -1.894707e+000
      vertex  3.013999e-001  5.067300e+001 -7.970995e-001
      vertex  1.230296e+000  4.745124e+001 -1.915472e+000
    endloop
  endfacet
  facet normal -5.897245e-001  1.078069e-001 -8.003765e-001
    outer loop
      vertex  1.230296e+000  4.745124e+001 -1.915472e+000
      vertex  3.013999e-001  5.067300e+001 -7.970995e-001
      vertex  3.323642e-001  5.069015e+001 -8.176047e-001
    endloop
  endfacet
  facet normal -2.525898e-001  2.470718e-001 -9.354966e-001
    outer loop
      vertex  1.230296e+000  4.745124e+001 -1.915472e+000
      vertex  3.323642e-001  5.069015e+001 -8.176047e-001
      vertex  1.270765e+000  4.746346e+001 -1.923171e+000
    endloop
  endfacet
  facet normal  2.271869e-001  3.556566e-001 -9.065840e-001
    outer loop
      vertex  4.455237e-001  5.072350e+001 -8.073861e-001
      vertex  6.546396e-001  5.007575e+001 -1.009095e+000
      vertex  3.892252e-001  5.071128e+001 -8.262877e-001
    endloop
  endfacet
  facet normal  2.983271e-001  3.768354e-001 -8.769242e-001
    outer loop
      vertex  3.892252e-001  5.071128e+001 -8.262877e-001
      vertex  6.546396e-001  5.007575e+001 -1.009095e+000
      vertex  6.524878e-001  4.990479e+001 -1.083294e+000
    endloop
  endfacet
  facet normal -2.288892e-001  2.269482e-001 -9.466279e-001
    outer loop
      vertex  3.892252e-001  5.071128e+001 -8.262877e-001
      vertex  6.524878e-001  4.990479e+001 -1.083294e+000
      vertex  3.323642e-001  5.069015e+001 -8.176047e-001
    endloop
  endfacet
  facet normal  3.492958e-002  3.330123e-001 -9.422753e-001
    outer loop
      vertex  3.323642e-001  5.069015e+001 -8.176047e-001
      vertex  6.524878e-001  4.990479e+001 -1.083294e+000
      vertex  1.270765e+000  4.746346e+001 -1.923171e+000
    endloop
  endfacet
  facet normal  2.890881e-001  3.780637e-001 -8.794862e-001
    outer loop
      vertex  6.546396e-001  5.007575e+001 -1.009095e+000
      vertex  1.351346e+000  4.747325e+001 -1.898820e+000
      vertex  6.524878e-001  4.990479e+001 -1.083294e+000
    endloop
  endfacet
  facet normal  3.861974e-001  3.911754e-001 -8.353643e-001
    outer loop
      vertex  6.524878e-001  4.990479e+001 -1.083294e+000
      vertex  1.351346e+000  4.747325e+001 -1.898820e+000
      vertex  1.312673e+000  4.747118e+001 -1.917669e+000
    endloop
  endfacet
  facet normal  6.094247e-002  3.384735e-001 -9.390004e-001
    outer loop
      vertex  6.524878e-001  4.990479e+001 -1.083294e+000
      vertex  1.312673e+000  4.747118e+001 -1.917669e+000
      vertex  1.270765e+000  4.746346e+001 -1.923171e+000
    endloop
  endfacet
  facet normal -9.368989e-001  3.205876e-001  1.394416e-001
    outer loop
      vertex -2.528006e+000  4.105706e+001 -2.230069e-002
      vertex -2.525370e+000  4.106928e+001 -3.268114e-002
      vertex -2.535846e+000  4.104617e+001 -4.994775e-002
    endloop
  endfacet
  facet normal -9.449784e-001  2.883989e-001  1.544083e-001
    outer loop
      vertex -2.535846e+000  4.104617e+001 -4.994775e-002
      vertex -2.537025e+000  4.102954e+001 -2.609825e-002
      vertex -2.528006e+000  4.105706e+001 -2.230069e-002
    endloop
  endfacet
  facet normal -9.506372e-001  3.013465e-001  7.402220e-002
    outer loop
      vertex -2.528006e+000  4.105706e+001 -2.230069e-002
      vertex -2.537025e+000  4.102954e+001 -2.609825e-002
      vertex -2.529403e+000  4.105035e+001 -1.295140e-002
    endloop
  endfacet
  facet normal -9.490445e-001  3.092697e-001  6.055561e-002
    outer loop
      vertex -2.529403e+000  4.105035e+001 -1.295140e-002
      vertex -2.537025e+000  4.102954e+001 -2.609825e-002
      vertex -2.537491e+000  4.102300e+001  1.286468e-005
    endloop
  endfacet
  facet normal -9.546042e-001  2.963750e-001  2.987911e-002
    outer loop
      vertex -2.529403e+000  4.105035e+001 -1.295140e-002
      vertex -2.537491e+000  4.102300e+001  1.286468e-005
      vertex -2.529899e+000  4.104747e+001 -2.195035e-004
    endloop
  endfacet
  facet normal -9.550979e-001  2.962741e-001  3.122782e-003
    outer loop
      vertex -2.529773e+000  4.104785e+001  2.741184e-003
      vertex -2.529899e+000  4.104747e+001 -2.195035e-004
      vertex -2.537491e+000  4.102300e+001  1.286468e-005
    endloop
  endfacet
  facet normal -9.515560e-001  3.019107e-001 -5.823242e-002
    outer loop
      vertex -2.537491e+000  4.102300e+001  1.286468e-005
      vertex -2.537029e+000  4.102948e+001  2.608451e-002
      vertex -2.529773e+000  4.104785e+001  2.741184e-003
    endloop
  endfacet
  facet normal -9.465618e-001  3.196833e-001 -4.269873e-002
    outer loop
      vertex -2.537029e+000  4.102948e+001  2.608451e-002
      vertex -2.528829e+000  4.105227e+001  1.486833e-002
      vertex -2.529773e+000  4.104785e+001  2.741184e-003
    endloop
  endfacet
  facet normal -9.501817e-001  2.994994e-001 -8.634111e-002
    outer loop
      vertex -2.527673e+000  4.105843e+001  2.351588e-002
      vertex -2.528829e+000  4.105227e+001  1.486833e-002
      vertex -2.537029e+000  4.102948e+001  2.608451e-002
    endloop
  endfacet
  facet normal -9.437495e-001  2.911760e-001 -1.566958e-001
    outer loop
      vertex -2.537029e+000  4.102948e+001  2.608451e-002
      vertex -2.535850e+000  4.104612e+001  4.989697e-002
      vertex -2.527673e+000  4.105843e+001  2.351588e-002
    endloop
  endfacet
  facet normal -9.854231e-001  1.145171e-001  1.258056e-001
    outer loop
      vertex -2.524238e+000  4.121599e+001 -1.319279e-001
      vertex -2.533262e+000  4.119651e+001 -1.848849e-001
      vertex -2.532402e+000  4.109540e+001 -8.610711e-002
    endloop
  endfacet
  facet normal -9.947329e-001  6.717097e-002  7.742343e-002
    outer loop
      vertex -2.532402e+000  4.109540e+001 -8.610711e-002
      vertex -2.533262e+000  4.119651e+001 -1.848849e-001
      vertex -2.535813e+000  4.111366e+001 -1.457811e-001
    endloop
  endfacet
  facet normal -9.871695e-001  1.279115e-001  9.557832e-002
    outer loop
      vertex -2.532402e+000  4.109540e+001 -8.610711e-002
      vertex -2.535813e+000  4.111366e+001 -1.457811e-001
      vertex -2.534246e+000  4.106893e+001 -6.972961e-002
    endloop
  endfacet
  facet normal -9.936269e-001  8.701132e-002  7.165524e-002
    outer loop
      vertex -2.534246e+000  4.106893e+001 -6.972961e-002
      vertex -2.535813e+000  4.111366e+001 -1.457811e-001
      vertex -2.538196e+000  4.104523e+001 -9.572645e-002
    endloop
  endfacet
  facet normal -9.925094e-001  1.120642e-001  4.864904e-002
    outer loop
      vertex -2.534246e+000  4.106893e+001 -6.972961e-002
      vertex -2.538196e+000  4.104523e+001 -9.572645e-002
      vertex -2.535846e+000  4.104617e+001 -4.994775e-002
    endloop
  endfacet
  facet normal -9.937043e-001  1.007794e-001  4.894169e-002
    outer loop
      vertex -2.535846e+000  4.104617e+001 -4.994775e-002
      vertex -2.538196e+000  4.104523e+001 -9.572645e-002
      vertex -2.539424e+000  4.101290e+001 -5.408327e-002
    endloop
  endfacet
  facet normal -9.943003e-001  1.040193e-001  2.338823e-002
    outer loop
      vertex -2.535846e+000  4.104617e+001 -4.994775e-002
      vertex -2.539424e+000  4.101290e+001 -5.408327e-002
      vertex -2.537025e+000  4.102954e+001 -2.609825e-002
    endloop
  endfacet
  facet normal -9.862227e-001  1.012398e-001 -1.308254e-001
    outer loop
      vertex -2.533262e+000  4.119651e+001  1.848849e-001
      vertex -2.524238e+000  4.121599e+001  1.319279e-001
      vertex -2.537224e+000  4.107241e+001  1.187187e-001
    endloop
  endfacet
  facet normal -9.921926e-001  9.696002e-002 -7.843879e-002
    outer loop
      vertex -2.537224e+000  4.107241e+001  1.187187e-001
      vertex -2.524238e+000  4.121599e+001  1.319279e-001
      vertex -2.532391e+000  4.109556e+001  8.619054e-002
    endloop
  endfacet
  facet normal -9.919576e-001  1.021897e-001 -7.468291e-002
    outer loop
      vertex -2.537224e+000  4.107241e+001  1.187187e-001
      vertex -2.532391e+000  4.109556e+001  8.619054e-002
      vertex -2.538516e+000  4.103656e+001  8.681603e-002
    endloop
  endfacet
  facet normal -9.932687e-001  1.025465e-001 -5.386578e-002
    outer loop
      vertex -2.538516e+000  4.103656e+001  8.681603e-002
      vertex -2.532391e+000  4.109556e+001  8.619054e-002
      vertex -2.534243e+000  4.106897e+001  6.973125e-002
    endloop
  endfacet
  facet normal -9.932669e-001  1.033313e-001 -5.237654e-002
    outer loop
      vertex -2.538516e+000  4.103656e+001  8.681603e-002
      vertex -2.534243e+000  4.106897e+001  6.973125e-002
      vertex -2.539110e+000  4.102093e+001  6.724537e-002
    endloop
  endfacet
  facet normal -9.940009e-001  1.026491e-001 -3.775600e-002
    outer loop
      vertex -2.539110e+000  4.102093e+001  6.724537e-002
      vertex -2.534243e+000  4.106897e+001  6.973125e-002
      vertex -2.535850e+000  4.104612e+001  4.989697e-002
    endloop
  endfacet
  facet normal -9.938683e-001  1.052076e-001 -3.401636e-002
    outer loop
      vertex -2.539110e+000  4.102093e+001  6.724537e-002
      vertex -2.535850e+000  4.104612e+001  4.989697e-002
      vertex -2.539773e+000  4.100391e+001  3.397370e-002
    endloop
  endfacet
  facet normal -9.947376e-001  1.003144e-001 -2.083132e-002
    outer loop
      vertex -2.539773e+000  4.100391e+001  3.397370e-002
      vertex -2.535850e+000  4.104612e+001  4.989697e-002
      vertex -2.537029e+000  4.102948e+001  2.608451e-002
    endloop
  endfacet
  facet normal -9.945995e-001  1.031316e-001 -1.165115e-002
    outer loop
      vertex -2.539773e+000  4.100391e+001  3.397370e-002
      vertex -2.537029e+000  4.102948e+001  2.608451e-002
      vertex -2.540000e+000  4.099789e+001  1.202915e-004
    endloop
  endfacet
  facet normal -9.950194e-001  9.942810e-002 -7.097216e-003
    outer loop
      vertex -2.540000e+000  4.099789e+001  1.202915e-004
      vertex -2.537029e+000  4.102948e+001  2.608451e-002
      vertex -2.537491e+000  4.102300e+001  1.286468e-005
    endloop
  endfacet
  facet normal -9.950186e-001  9.948563e-002  6.363257e-003
    outer loop
      vertex -2.540000e+000  4.099789e+001  1.202915e-004
      vertex -2.537491e+000  4.102300e+001  1.286468e-005
      vertex -2.539932e+000  4.099977e+001 -1.861996e-002
    endloop
  endfacet
  facet normal -9.950675e-001  9.894928e-002  7.038176e-003
    outer loop
      vertex -2.539932e+000  4.099977e+001 -1.861996e-002
      vertex -2.537491e+000  4.102300e+001  1.286468e-005
      vertex -2.537025e+000  4.102954e+001 -2.609825e-002
    endloop
  endfacet
  facet normal -9.943805e-001  1.031252e-001  2.392687e-002
    outer loop
      vertex -2.539932e+000  4.099977e+001 -1.861996e-002
      vertex -2.537025e+000  4.102954e+001 -2.609825e-002
      vertex -2.539424e+000  4.101290e+001 -5.408327e-002
    endloop
  endfacet
  facet normal -8.144740e-001  2.818235e-001  5.071564e-001
    outer loop
      vertex -2.491398e+000  4.123152e+001 -8.782034e-002
      vertex -2.524238e+000  4.121599e+001 -1.319279e-001
      vertex -2.501401e+000  4.118313e+001 -7.699311e-002
    endloop
  endfacet
  facet normal -8.351191e-001  2.438871e-001  4.930466e-001
    outer loop
      vertex -2.501401e+000  4.118313e+001 -7.699311e-002
      vertex -2.524238e+000  4.121599e+001 -1.319279e-001
      vertex -2.532402e+000  4.109540e+001 -8.610711e-002
    endloop
  endfacet
  facet normal -9.064354e-001  2.882410e-001  3.086937e-001
    outer loop
      vertex -2.501401e+000  4.118313e+001 -7.699311e-002
      vertex -2.532402e+000  4.109540e+001 -8.610711e-002
      vertex -2.517286e+000  4.110745e+001 -5.297123e-002
    endloop
  endfacet
  facet normal -9.396793e-001  2.596330e-001  2.226960e-001
    outer loop
      vertex -2.535846e+000  4.104617e+001 -4.994775e-002
      vertex -2.525370e+000  4.106928e+001 -3.268114e-002
      vertex -2.534246e+000  4.106893e+001 -6.972961e-002
    endloop
  endfacet
  facet normal -9.245919e-001  3.120063e-001  2.185906e-001
    outer loop
      vertex -2.534246e+000  4.106893e+001 -6.972961e-002
      vertex -2.525370e+000  4.106928e+001 -3.268114e-002
      vertex -2.517286e+000  4.110745e+001 -5.297123e-002
    endloop
  endfacet
  facet normal -9.105061e-001  2.615751e-001  3.202453e-001
    outer loop
      vertex -2.534246e+000  4.106893e+001 -6.972961e-002
      vertex -2.517286e+000  4.110745e+001 -5.297123e-002
      vertex -2.532402e+000  4.109540e+001 -8.610711e-002
    endloop
  endfacet
  facet normal -8.165954e-001  2.524244e-001 -5.190894e-001
    outer loop
      vertex -2.524238e+000  4.121599e+001  1.319279e-001
      vertex -2.491398e+000  4.123152e+001  8.782034e-002
      vertex -2.532391e+000  4.109556e+001  8.619054e-002
    endloop
  endfacet
  facet normal -8.904281e-001  2.728291e-001 -3.642831e-001
    outer loop
      vertex -2.532391e+000  4.109556e+001  8.619054e-002
      vertex -2.491398e+000  4.123152e+001  8.782034e-002
      vertex -2.507490e+000  4.115411e+001  6.917506e-002
    endloop
  endfacet
  facet normal -8.944401e-001  2.787888e-001 -3.496481e-001
    outer loop
      vertex -2.532391e+000  4.109556e+001  8.619054e-002
      vertex -2.507490e+000  4.115411e+001  6.917506e-002
      vertex -2.534243e+000  4.106897e+001  6.973125e-002
    endloop
  endfacet
  facet normal -9.221218e-001  2.880847e-001 -2.582606e-001
    outer loop
      vertex -2.534243e+000  4.106897e+001  6.973125e-002
      vertex -2.507490e+000  4.115411e+001  6.917506e-002
      vertex -2.519801e+000  4.109489e+001  4.708029e-002
    endloop
  endfacet
  facet normal -9.221247e-001  2.885278e-001 -2.577552e-001
    outer loop
      vertex -2.534243e+000  4.106897e+001  6.973125e-002
      vertex -2.519801e+000  4.109489e+001  4.708029e-002
      vertex -2.535850e+000  4.104612e+001  4.989697e-002
    endloop
  endfacet
  facet normal -9.399173e-001  2.998396e-001 -1.632532e-001
    outer loop
      vertex -2.535850e+000  4.104612e+001  4.989697e-002
      vertex -2.519801e+000  4.109489e+001  4.708029e-002
      vertex -2.526108e+000  4.106622e+001  3.071988e-002
    endloop
  endfacet
  facet normal -9.370717e-001  3.191423e-001 -1.415803e-001
    outer loop
      vertex -2.535850e+000  4.104612e+001  4.989697e-002
      vertex -2.526108e+000  4.106622e+001  3.071988e-002
      vertex -2.527673e+000  4.105843e+001  2.351588e-002
    endloop
  endfacet
  facet normal -8.055282e-001  5.744779e-001  1.452565e-001
    outer loop
      vertex -8.262979e-001  5.071124e+001  3.891059e-001
      vertex -8.073861e-001  5.072350e+001  4.455237e-001
      vertex -7.805691e-001  5.077533e+001  3.892242e-001
    endloop
  endfacet
  facet normal -7.338559e-001  6.367279e-001  2.367129e-001
    outer loop
      vertex -7.805691e-001  5.077533e+001  3.892242e-001
      vertex -8.073861e-001  5.072350e+001  4.455237e-001
      vertex -7.663841e-001  5.077916e+001  4.228984e-001
    endloop
  endfacet
  facet normal -3.115447e-001  9.499484e-001  2.319297e-002
    outer loop
      vertex -7.805691e-001  5.077533e+001  3.892242e-001
      vertex -7.663841e-001  5.077916e+001  4.228984e-001
      vertex -7.053591e-001  5.080000e+001  3.892242e-001
    endloop
  endfacet
  facet normal -6.585405e-001  3.826699e-001 -6.479879e-001
    outer loop
      vertex -7.702286e-001  5.076280e+001  3.271238e-001
      vertex -7.970995e-001  5.067300e+001  3.013999e-001
      vertex -8.176037e-001  5.069014e+001  3.323619e-001
    endloop
  endfacet
  facet normal -8.063042e-001  5.033316e-001 -3.106940e-001
    outer loop
      vertex -7.702286e-001  5.076280e+001  3.271238e-001
      vertex -8.176037e-001  5.069014e+001  3.323619e-001
      vertex -8.262979e-001  5.071124e+001  3.891059e-001
    endloop
  endfacet
  facet normal -7.889980e-001  5.634039e-001 -2.450679e-001
    outer loop
      vertex -7.702286e-001  5.076280e+001  3.271238e-001
      vertex -8.262979e-001  5.071124e+001  3.891059e-001
      vertex -7.805691e-001  5.077533e+001  3.892242e-001
    endloop
  endfacet
  facet normal -3.027723e-001  9.231999e-001 -2.367085e-001
    outer loop
      vertex -7.702286e-001  5.076280e+001  3.271238e-001
      vertex -7.805691e-001  5.077533e+001  3.892242e-001
      vertex -7.053591e-001  5.080000e+001  3.892242e-001
    endloop
  endfacet
  facet normal  3.112173e-001  9.489486e-001 -5.138491e-002
    outer loop
      vertex  7.053591e-001  5.080000e+001 -3.892242e-001
      vertex  7.405051e-001  5.079029e+001 -3.555785e-001
      vertex  7.805690e-001  5.077533e+001 -3.892242e-001
    endloop
  endfacet
  facet normal  5.209523e-001  8.134705e-001  2.586010e-001
    outer loop
      vertex  7.405051e-001  5.079029e+001 -3.555785e-001
      vertex  7.699814e-001  5.076245e+001 -3.273604e-001
      vertex  7.805690e-001  5.077533e+001 -3.892242e-001
    endloop
  endfacet
  facet normal  7.645367e-001  1.951198e-001  6.143386e-001
    outer loop
      vertex  7.970995e-001  5.067300e+001 -3.013999e-001
      vertex  8.176037e-001  5.069014e+001 -3.323619e-001
      vertex  7.900858e-001  5.072162e+001 -3.081142e-001
    endloop
  endfacet
  facet normal  7.875583e-001  5.623908e-001  2.519296e-001
    outer loop
      vertex  7.805690e-001  5.077533e+001 -3.892242e-001
      vertex  7.699814e-001  5.076245e+001 -3.273604e-001
      vertex  8.262979e-001  5.071124e+001 -3.891059e-001
    endloop
  endfacet
  facet normal  7.978523e-001  5.291112e-001  2.889169e-001
    outer loop
      vertex  8.262979e-001  5.071124e+001 -3.891059e-001
      vertex  7.699814e-001  5.076245e+001 -3.273604e-001
      vertex  7.900858e-001  5.072162e+001 -3.081142e-001
    endloop
  endfacet
  facet normal  8.209630e-001  4.825585e-001  3.052160e-001
    outer loop
      vertex  8.262979e-001  5.071124e+001 -3.891059e-001
      vertex  7.900858e-001  5.072162e+001 -3.081142e-001
      vertex  8.176037e-001  5.069014e+001 -3.323619e-001
    endloop
  endfacet
  facet normal  8.055275e-001  5.744790e-001 -1.452561e-001
    outer loop
      vertex  8.262979e-001  5.071124e+001 -3.891059e-001
      vertex  8.073861e-001  5.072350e+001 -4.455237e-001
      vertex  7.805690e-001  5.077533e+001 -3.892242e-001
    endloop
  endfacet
  facet normal  7.338569e-001  6.367278e-001 -2.367108e-001
    outer loop
      vertex  7.805690e-001  5.077533e+001 -3.892242e-001
      vertex  8.073861e-001  5.072350e+001 -4.455237e-001
      vertex  7.663841e-001  5.077916e+001 -4.228984e-001
    endloop
  endfacet
  facet normal  3.115451e-001  9.499483e-001 -2.319208e-002
    outer loop
      vertex  7.805690e-001  5.077533e+001 -3.892242e-001
      vertex  7.663841e-001  5.077916e+001 -4.228984e-001
      vertex  7.053591e-001  5.080000e+001 -3.892242e-001
    endloop
  endfacet
  facet normal -9.311459e-001  1.558895e-001 -3.296453e-001
    outer loop
      vertex -2.343800e+000  4.381929e+001  8.533521e-001
      vertex -2.524238e+000  4.121599e+001  1.319279e-001
      vertex -2.357305e+000  4.381301e+001  8.885302e-001
    endloop
  endfacet
  facet normal -8.180492e-001  2.168890e-001 -5.326864e-001
    outer loop
      vertex -2.449135e+000  4.215843e+001  4.003161e-001
      vertex -2.491398e+000  4.123152e+001  8.782034e-002
      vertex -2.524238e+000  4.121599e+001  1.319279e-001
    endloop
  endfacet
  facet normal  5.843124e-001  1.788602e-001 -7.915731e-001
    outer loop
      vertex -2.449135e+000  4.215843e+001  4.003161e-001
      vertex -2.524238e+000  4.121599e+001  1.319279e-001
      vertex -2.343800e+000  4.381929e+001  8.533521e-001
    endloop
  endfacet
  facet normal -9.299251e-001  1.505031e-001 -3.355412e-001
    outer loop
      vertex -2.449135e+000  4.215843e+001  4.003161e-001
      vertex -2.343800e+000  4.381929e+001  8.533521e-001
      vertex -2.209941e+000  4.511535e+001  1.063703e+000
    endloop
  endfacet
  facet normal -9.938250e-001  7.054818e-002  8.564406e-002
    outer loop
      vertex -2.132461e+000  4.646880e+001  1.367891e+000
      vertex -2.135870e+000  4.647396e+001  1.324083e+000
      vertex -2.359623e+000  4.380532e+001  9.258899e-001
    endloop
  endfacet
  facet normal -9.950154e-001  8.987434e-002 -4.320848e-002
    outer loop
      vertex -2.359623e+000  4.380532e+001  9.258899e-001
      vertex -2.135870e+000  4.647396e+001  1.324083e+000
      vertex -2.357305e+000  4.381301e+001  8.885302e-001
    endloop
  endfacet
  facet normal -9.948557e-001  9.181722e-002 -4.279823e-002
    outer loop
      vertex -2.359623e+000  4.380532e+001  9.258899e-001
      vertex -2.357305e+000  4.381301e+001  8.885302e-001
      vertex -2.466092e+000  4.249656e+001  5.930559e-001
    endloop
  endfacet
  facet normal -9.551420e-001  1.377688e-001 -2.621518e-001
    outer loop
      vertex -2.466092e+000  4.249656e+001  5.930559e-001
      vertex -2.357305e+000  4.381301e+001  8.885302e-001
      vertex -2.524238e+000  4.121599e+001  1.319279e-001
    endloop
  endfacet
  facet normal -9.990631e-001  4.258032e-002  7.729454e-003
    outer loop
      vertex -2.466092e+000  4.249656e+001  5.930559e-001
      vertex -2.524238e+000  4.121599e+001  1.319279e-001
      vertex -2.472846e+000  4.234042e+001  5.802000e-001
    endloop
  endfacet
  facet normal -9.863991e-001  9.776052e-002 -1.321352e-001
    outer loop
      vertex -2.472846e+000  4.234042e+001  5.802000e-001
      vertex -2.524238e+000  4.121599e+001  1.319279e-001
      vertex -2.533262e+000  4.119651e+001  1.848849e-001
    endloop
  endfacet
  facet normal -8.143631e-001  1.414136e-001 -5.628632e-001
    outer loop
      vertex -2.100057e+000  4.647986e+001  1.247540e+000
      vertex -2.209941e+000  4.511535e+001  1.063703e+000
      vertex -2.123983e+000  4.647782e+001  1.281644e+000
    endloop
  endfacet
  facet normal  5.744904e-002  1.541559e-001 -9.863749e-001
    outer loop
      vertex -2.123983e+000  4.647782e+001  1.281644e+000
      vertex -2.209941e+000  4.511535e+001  1.063703e+000
      vertex -2.343800e+000  4.381929e+001  8.533521e-001
    endloop
  endfacet
  facet normal -9.586906e-001  1.207591e-001 -2.575449e-001
    outer loop
      vertex -2.123983e+000  4.647782e+001  1.281644e+000
      vertex -2.343800e+000  4.381929e+001  8.533521e-001
      vertex -2.135870e+000  4.647396e+001  1.324083e+000
    endloop
  endfacet
  facet normal -9.330270e-001  1.324050e-001 -3.345588e-001
    outer loop
      vertex -2.135870e+000  4.647396e+001  1.324083e+000
      vertex -2.343800e+000  4.381929e+001  8.533521e-001
      vertex -2.357305e+000  4.381301e+001  8.885302e-001
    endloop
  endfacet
  facet normal -9.118285e-001  1.975102e-002  4.100960e-001
    outer loop
      vertex -2.115600e+000  4.646333e+001  1.405645e+000
      vertex -2.132461e+000  4.646880e+001  1.367891e+000
      vertex -2.229785e+000  4.512093e+001  1.216412e+000
    endloop
  endfacet
  facet normal -9.705318e-001  4.344002e-002  2.370257e-001
    outer loop
      vertex -2.229785e+000  4.512093e+001  1.216412e+000
      vertex -2.132461e+000  4.646880e+001  1.367891e+000
      vertex -2.359623e+000  4.380532e+001  9.258899e-001
    endloop
  endfacet
  facet normal -9.694363e-001  4.230680e-002  2.416678e-001
    outer loop
      vertex -2.229785e+000  4.512093e+001  1.216412e+000
      vertex -2.359623e+000  4.380532e+001  9.258899e-001
      vertex -2.351484e+000  4.379541e+001  9.602717e-001
    endloop
  endfacet
  facet normal -9.760434e-001  2.441974e-002  2.162011e-001
    outer loop
      vertex -2.466092e+000  4.249656e+001  5.930559e-001
      vertex -2.472846e+000  4.234042e+001  5.802000e-001
      vertex -2.359623e+000  4.380532e+001  9.258899e-001
    endloop
  endfacet
  facet normal -9.716502e-001  1.949829e-002  2.356173e-001
    outer loop
      vertex -2.359623e+000  4.380532e+001  9.258899e-001
      vertex -2.472846e+000  4.234042e+001  5.802000e-001
      vertex -2.351484e+000  4.379541e+001  9.602717e-001
    endloop
  endfacet
  facet normal -8.710505e-001  3.740340e-001  3.183862e-001
    outer loop
      vertex -1.009095e+000  5.007575e+001  6.546396e-001
      vertex -8.073861e-001  5.072350e+001  4.455237e-001
      vertex -1.083294e+000  4.990479e+001  6.524876e-001
    endloop
  endfacet
  facet normal -9.047903e-001  3.617301e-001  2.247349e-001
    outer loop
      vertex -1.083294e+000  4.990479e+001  6.524876e-001
      vertex -8.073861e-001  5.072350e+001  4.455237e-001
      vertex -8.262979e-001  5.071124e+001  3.891059e-001
    endloop
  endfacet
  facet normal -8.745821e-001  3.779193e-001  3.037812e-001
    outer loop
      vertex -1.083294e+000  4.990479e+001  6.524876e-001
      vertex -8.262979e-001  5.071124e+001  3.891059e-001
      vertex -1.923439e+000  4.746355e+001  1.270742e+000
    endloop
  endfacet
  facet normal -9.380096e-001  2.523896e-001 -2.375656e-001
    outer loop
      vertex -1.923439e+000  4.746355e+001  1.270742e+000
      vertex -8.262979e-001  5.071124e+001  3.891059e-001
      vertex -8.176037e-001  5.069014e+001  3.323619e-001
    endloop
  endfacet
  facet normal -9.335588e-001  2.434497e-001 -2.630591e-001
    outer loop
      vertex -1.923439e+000  4.746355e+001  1.270742e+000
      vertex -8.176037e-001  5.069014e+001  3.323619e-001
      vertex -1.915039e+000  4.745081e+001  1.229141e+000
    endloop
  endfacet
  facet normal -8.001943e-001  1.083039e-001 -5.898808e-001
    outer loop
      vertex -7.970995e-001  5.067300e+001  3.013999e-001
      vertex -1.894707e+000  4.743565e+001  1.195955e+000
      vertex -8.176037e-001  5.069014e+001  3.323619e-001
    endloop
  endfacet
  facet normal -8.201435e-001  1.231689e-001 -5.587432e-001
    outer loop
      vertex -8.176037e-001  5.069014e+001  3.323619e-001
      vertex -1.894707e+000  4.743565e+001  1.195955e+000
      vertex -1.915039e+000  4.745081e+001  1.229141e+000
    endloop
  endfacet
  facet normal -8.336335e-001  3.897598e-001  3.913343e-001
    outer loop
      vertex -1.898820e+000  4.747325e+001  1.351346e+000
      vertex -1.009095e+000  5.007575e+001  6.546396e-001
      vertex -1.917283e+000  4.747133e+001  1.313931e+000
    endloop
  endfacet
  facet normal -8.811668e-001  3.788723e-001  2.828444e-001
    outer loop
      vertex -1.917283e+000  4.747133e+001  1.313931e+000
      vertex -1.009095e+000  5.007575e+001  6.546396e-001
      vertex -1.083294e+000  4.990479e+001  6.524876e-001
    endloop
  endfacet
  facet normal -9.373303e-001  3.408732e-001  7.223106e-002
    outer loop
      vertex -1.917283e+000  4.747133e+001  1.313931e+000
      vertex -1.083294e+000  4.990479e+001  6.524876e-001
      vertex -1.923439e+000  4.746355e+001  1.270742e+000
    endloop
  endfacet
  facet normal -2.100865e-001  9.548442e-001  2.100865e-001
    outer loop
      vertex -3.892242e-001  5.080000e+001  7.053591e-001
      vertex -7.053591e-001  5.080000e+001  3.892242e-001
      vertex -4.228984e-001  5.077916e+001  7.663841e-001
    endloop
  endfacet
  facet normal -2.100865e-001  9.548441e-001  2.100865e-001
    outer loop
      vertex -4.228984e-001  5.077916e+001  7.663841e-001
      vertex -7.053591e-001  5.080000e+001  3.892242e-001
      vertex -7.663841e-001  5.077916e+001  4.228984e-001
    endloop
  endfacet
  facet normal -5.499482e-001  6.285809e-001  5.499482e-001
    outer loop
      vertex -4.228984e-001  5.077916e+001  7.663841e-001
      vertex -7.663841e-001  5.077916e+001  4.228984e-001
      vertex -4.455237e-001  5.072350e+001  8.073861e-001
    endloop
  endfacet
  facet normal -5.499483e-001  6.285807e-001  5.499483e-001
    outer loop
      vertex -4.455237e-001  5.072350e+001  8.073861e-001
      vertex -7.663841e-001  5.077916e+001  4.228984e-001
      vertex -8.073861e-001  5.072350e+001  4.455237e-001
    endloop
  endfacet
  facet normal  7.092274e-001  1.917805e-001  6.783927e-001
    outer loop
      vertex  5.926341e-001  5.067364e+001 -8.782209e-002
      vertex  7.970995e-001  5.067300e+001 -3.013999e-001
      vertex  5.860606e-001  5.072021e+001 -9.411500e-002
    endloop
  endfacet
  facet normal  7.091135e-001  1.958270e-001  6.773551e-001
    outer loop
      vertex  5.860606e-001  5.072021e+001 -9.411500e-002
      vertex  7.970995e-001  5.067300e+001 -3.013999e-001
      vertex  7.900858e-001  5.072162e+001 -3.081142e-001
    endloop
  endfacet
  facet normal  6.018341e-001  5.517052e-001  5.774228e-001
    outer loop
      vertex  5.860606e-001  5.072021e+001 -9.411500e-002
      vertex  7.900858e-001  5.072162e+001 -3.081142e-001
      vertex  5.656018e-001  5.076303e+001 -1.137005e-001
    endloop
  endfacet
  facet normal  5.978403e-001  5.632887e-001  5.703443e-001
    outer loop
      vertex  5.656018e-001  5.076303e+001 -1.137005e-001
      vertex  7.900858e-001  5.072162e+001 -3.081142e-001
      vertex  7.699814e-001  5.076245e+001 -3.273604e-001
    endloop
  endfacet
  facet normal  1.412968e-001  9.806827e-001  1.352653e-001
    outer loop
      vertex  7.053591e-001  5.080000e+001 -3.892242e-001
      vertex  5.008960e-001  5.080000e+001 -1.756442e-001
      vertex  7.405051e-001  5.079029e+001 -3.555785e-001
    endloop
  endfacet
  facet normal  1.359915e-001  9.823923e-001  1.281082e-001
    outer loop
      vertex  7.405051e-001  5.079029e+001 -3.555785e-001
      vertex  5.008960e-001  5.080000e+001 -1.756442e-001
      vertex  5.345705e-001  5.079113e+001 -1.434072e-001
    endloop
  endfacet
  facet normal  4.061162e-001  8.259890e-001  3.909115e-001
    outer loop
      vertex  7.405051e-001  5.079029e+001 -3.555785e-001
      vertex  5.345705e-001  5.079113e+001 -1.434072e-001
      vertex  7.699814e-001  5.076245e+001 -3.273604e-001
    endloop
  endfacet
  facet normal  3.967729e-001  8.368034e-001  3.772681e-001
    outer loop
      vertex  7.699814e-001  5.076245e+001 -3.273604e-001
      vertex  5.345705e-001  5.079113e+001 -1.434072e-001
      vertex  5.656018e-001  5.076303e+001 -1.137005e-001
    endloop
  endfacet
  facet normal  8.710505e-001  3.740340e-001 -3.183862e-001
    outer loop
      vertex  1.009095e+000  5.007575e+001 -6.546396e-001
      vertex  8.073861e-001  5.072350e+001 -4.455237e-001
      vertex  1.083294e+000  4.990479e+001 -6.524876e-001
    endloop
  endfacet
  facet normal  9.047903e-001  3.617301e-001 -2.247349e-001
    outer loop
      vertex  1.083294e+000  4.990479e+001 -6.524876e-001
      vertex  8.073861e-001  5.072350e+001 -4.455237e-001
      vertex  8.262979e-001  5.071124e+001 -3.891059e-001
    endloop
  endfacet
  facet normal  8.745821e-001  3.779193e-001 -3.037812e-001
    outer loop
      vertex  1.083294e+000  4.990479e+001 -6.524876e-001
      vertex  8.262979e-001  5.071124e+001 -3.891059e-001
      vertex  1.923439e+000  4.746355e+001 -1.270742e+000
    endloop
  endfacet
  facet normal  9.380096e-001  2.523896e-001  2.375656e-001
    outer loop
      vertex  1.923439e+000  4.746355e+001 -1.270742e+000
      vertex  8.262979e-001  5.071124e+001 -3.891059e-001
      vertex  8.176037e-001  5.069014e+001 -3.323619e-001
    endloop
  endfacet
  facet normal  9.335588e-001  2.434497e-001  2.630591e-001
    outer loop
      vertex  1.923439e+000  4.746355e+001 -1.270742e+000
      vertex  8.176037e-001  5.069014e+001 -3.323619e-001
      vertex  1.915039e+000  4.745081e+001 -1.229141e+000
    endloop
  endfacet
  facet normal  8.001943e-001  1.083039e-001  5.898808e-001
    outer loop
      vertex  7.970995e-001  5.067300e+001 -3.013999e-001
      vertex  1.894707e+000  4.743565e+001 -1.195955e+000
      vertex  8.176037e-001  5.069014e+001 -3.323619e-001
    endloop
  endfacet
  facet normal  8.201435e-001  1.231689e-001  5.587432e-001
    outer loop
      vertex  8.176037e-001  5.069014e+001 -3.323619e-001
      vertex  1.894707e+000  4.743565e+001 -1.195955e+000
      vertex  1.915039e+000  4.745081e+001 -1.229141e+000
    endloop
  endfacet
  facet normal  8.336335e-001  3.897598e-001 -3.913343e-001
    outer loop
      vertex  1.898820e+000  4.747325e+001 -1.351346e+000
      vertex  1.009095e+000  5.007575e+001 -6.546396e-001
      vertex  1.917283e+000  4.747133e+001 -1.313931e+000
    endloop
  endfacet
  facet normal  8.811668e-001  3.788723e-001 -2.828444e-001
    outer loop
      vertex  1.917283e+000  4.747133e+001 -1.313931e+000
      vertex  1.009095e+000  5.007575e+001 -6.546396e-001
      vertex  1.083294e+000  4.990479e+001 -6.524876e-001
    endloop
  endfacet
  facet normal  9.373303e-001  3.408732e-001 -7.223106e-002
    outer loop
      vertex  1.917283e+000  4.747133e+001 -1.313931e+000
      vertex  1.083294e+000  4.990479e+001 -6.524876e-001
      vertex  1.923439e+000  4.746355e+001 -1.270742e+000
    endloop
  endfacet
  facet normal -8.805574e-001  2.118067e-001  4.239771e-001
    outer loop
      vertex -1.898820e+000  4.747325e+001  1.351346e+000
      vertex -2.132461e+000  4.646880e+001  1.367891e+000
      vertex -2.115600e+000  4.646333e+001  1.405645e+000
    endloop
  endfacet
  facet normal -9.496773e-001  1.904585e-001 -2.486737e-001
    outer loop
      vertex -2.123983e+000  4.647782e+001  1.281644e+000
      vertex -2.135870e+000  4.647396e+001  1.324083e+000
      vertex -1.923439e+000  4.746355e+001  1.270742e+000
    endloop
  endfacet
  facet normal -9.685376e-001  2.269692e-001  1.020777e-001
    outer loop
      vertex -2.132461e+000  4.646880e+001  1.367891e+000
      vertex -1.898820e+000  4.747325e+001  1.351346e+000
      vertex -2.135870e+000  4.647396e+001  1.324083e+000
    endloop
  endfacet
  facet normal -8.830302e-001  1.978596e-001  4.255692e-001
    outer loop
      vertex -2.135870e+000  4.647396e+001  1.324083e+000
      vertex -1.898820e+000  4.747325e+001  1.351346e+000
      vertex -1.917283e+000  4.747133e+001  1.313931e+000
    endloop
  endfacet
  facet normal -9.717087e-001  2.139804e-001  9.997304e-002
    outer loop
      vertex -2.135870e+000  4.647396e+001  1.324083e+000
      vertex -1.917283e+000  4.747133e+001  1.313931e+000
      vertex -1.923439e+000  4.746355e+001  1.270742e+000
    endloop
  endfacet
  facet normal -8.126505e-001  1.591312e-001 -5.606036e-001
    outer loop
      vertex -2.123983e+000  4.647782e+001  1.281644e+000
      vertex -1.923439e+000  4.746355e+001  1.270742e+000
      vertex -2.100057e+000  4.647986e+001  1.247540e+000
    endloop
  endfacet
  facet normal -9.528442e-001  1.768952e-001 -2.465686e-001
    outer loop
      vertex -2.100057e+000  4.647986e+001  1.247540e+000
      vertex -1.923439e+000  4.746355e+001  1.270742e+000
      vertex -1.915039e+000  4.745081e+001  1.229141e+000
    endloop
  endfacet
  facet normal -8.130587e-001  1.442431e-001 -5.640297e-001
    outer loop
      vertex -2.100057e+000  4.647986e+001  1.247540e+000
      vertex -1.915039e+000  4.745081e+001  1.229141e+000
      vertex -1.894707e+000  4.743565e+001  1.195955e+000
    endloop
  endfacet
  facet normal  2.376165e-001  9.232432e-001  3.019279e-001
    outer loop
      vertex -3.892242e-001  5.080000e+001  7.053591e-001
      vertex -3.892242e-001  5.077546e+001  7.803980e-001
      vertex -3.271238e-001  5.076280e+001  7.702286e-001
    endloop
  endfacet
  facet normal  2.441369e-001  5.640157e-001  7.888495e-001
    outer loop
      vertex -3.892242e-001  5.077546e+001  7.803980e-001
      vertex -3.892252e-001  5.071128e+001  8.262877e-001
      vertex -3.271238e-001  5.076280e+001  7.702286e-001
    endloop
  endfacet
  facet normal  3.102280e-001  5.034583e-001  8.064045e-001
    outer loop
      vertex -3.271238e-001  5.076280e+001  7.702286e-001
      vertex -3.892252e-001  5.071128e+001  8.262877e-001
      vertex -3.323642e-001  5.069015e+001  8.176047e-001
    endloop
  endfacet
  facet normal  6.480000e-001  3.826697e-001  6.585286e-001
    outer loop
      vertex -3.271238e-001  5.076280e+001  7.702286e-001
      vertex -3.323642e-001  5.069015e+001  8.176047e-001
      vertex -3.013999e-001  5.067300e+001  7.970995e-001
    endloop
  endfacet
  facet normal -1.250827e-001  6.208448e-001  7.738901e-001
    outer loop
      vertex -4.455237e-001  5.072350e+001  8.073861e-001
      vertex -3.892252e-001  5.071128e+001  8.262877e-001
      vertex -4.228984e-001  5.077916e+001  7.663841e-001
    endloop
  endfacet
  facet normal -2.647579e-001  5.608649e-001  7.844321e-001
    outer loop
      vertex -4.228984e-001  5.077916e+001  7.663841e-001
      vertex -3.892252e-001  5.071128e+001  8.262877e-001
      vertex -3.892242e-001  5.077546e+001  7.803980e-001
    endloop
  endfacet
  facet normal -2.479977e-002  9.501731e-001  3.107348e-001
    outer loop
      vertex -4.228984e-001  5.077916e+001  7.663841e-001
      vertex -3.892242e-001  5.077546e+001  7.803980e-001
      vertex -3.892242e-001  5.080000e+001  7.053591e-001
    endloop
  endfacet
  facet normal  1.618983e-001  9.803629e-001 -1.125949e-001
    outer loop
      vertex  5.008960e-001  5.080000e+001  1.756442e-001
      vertex  5.359383e-001  5.079036e+001  1.420977e-001
      vertex  4.566797e-001  5.080000e+001  1.120663e-001
    endloop
  endfacet
  facet normal  1.549481e-001  9.835127e-001 -9.324089e-002
    outer loop
      vertex  4.566797e-001  5.080000e+001  1.120663e-001
      vertex  5.359383e-001  5.079036e+001  1.420977e-001
      vertex  4.917481e-001  5.079115e+001  7.699140e-002
    endloop
  endfacet
  facet normal  1.879588e-001  9.803764e-001 -5.944500e-002
    outer loop
      vertex  4.566797e-001  5.080000e+001  1.120663e-001
      vertex  4.917481e-001  5.079115e+001  7.699140e-002
      vertex  4.333766e-001  5.080000e+001  3.838419e-002
    endloop
  endfacet
  facet normal  1.699430e-001  9.849612e-001 -3.115542e-002
    outer loop
      vertex  4.333766e-001  5.080000e+001  3.838419e-002
      vertex  4.917481e-001  5.079115e+001  7.699140e-002
      vertex  4.775889e-001  5.079115e+001 -1.220196e-004
    endloop
  endfacet
  facet normal  1.963422e-001  9.805354e-001  1.725606e-004
    outer loop
      vertex  4.333766e-001  5.080000e+001  3.838419e-002
      vertex  4.775889e-001  5.079115e+001 -1.220196e-004
      vertex  4.334442e-001  5.080000e+001 -3.855680e-002
    endloop
  endfacet
  facet normal  8.004365e-001  1.980870e-001 -5.657411e-001
    outer loop
      vertex  5.926324e-001  5.067364e+001  8.782034e-002
      vertex  5.710430e-001  5.067379e+001  5.732676e-002
      vertex  5.854880e-001  5.072205e+001  9.466308e-002
    endloop
  endfacet
  facet normal  8.347356e-001  1.581913e-001 -5.274391e-001
    outer loop
      vertex  5.854880e-001  5.072205e+001  9.466308e-002
      vertex  5.710430e-001  5.067379e+001  5.732676e-002
      vertex  5.579305e-001  5.072034e+001  5.053739e-002
    endloop
  endfacet
  facet normal  6.932219e-001  5.592740e-001 -4.545943e-001
    outer loop
      vertex  5.854880e-001  5.072205e+001  9.466308e-002
      vertex  5.579305e-001  5.072034e+001  5.053739e-002
      vertex  5.653580e-001  5.076267e+001  1.139338e-001
    endloop
  endfacet
  facet normal  7.082149e-001  5.460411e-001 -4.475164e-001
    outer loop
      vertex  5.653580e-001  5.076267e+001  1.139338e-001
      vertex  5.579305e-001  5.072034e+001  5.053739e-002
      vertex  5.316173e-001  5.076309e+001  6.105431e-002
    endloop
  endfacet
  facet normal  4.838365e-001  8.213474e-001 -3.021433e-001
    outer loop
      vertex  5.653580e-001  5.076267e+001  1.139338e-001
      vertex  5.316173e-001  5.076309e+001  6.105431e-002
      vertex  5.359383e-001  5.079036e+001  1.420977e-001
    endloop
  endfacet
  facet normal  9.540445e-001  2.431785e-001 -1.751095e-001
    outer loop
      vertex  5.579305e-001  5.072034e+001  5.053739e-002
      vertex  5.710430e-001  5.067379e+001  5.732676e-002
      vertex  5.486292e-001  5.072039e+001 -8.006601e-005
    endloop
  endfacet
  facet normal  9.513838e-001  2.657066e-001 -1.557848e-001
    outer loop
      vertex  5.486292e-001  5.072039e+001 -8.006601e-005
      vertex  5.710430e-001  5.067379e+001  5.732676e-002
      vertex  5.586662e-001  5.067387e+001 -1.811560e-002
    endloop
  endfacet
  facet normal  9.734826e-001  1.398807e-001  1.810113e-001
    outer loop
      vertex  5.486292e-001  5.072039e+001 -8.006601e-005
      vertex  5.586662e-001  5.067387e+001 -1.811560e-002
      vertex  5.580397e-001  5.072034e+001 -5.065753e-002
    endloop
  endfacet
  facet normal  8.256521e-001  1.884041e-001  5.317917e-001
    outer loop
      vertex  5.860606e-001  5.072021e+001 -9.411500e-002
      vertex  5.580397e-001  5.072034e+001 -5.065753e-002
      vertex  5.926341e-001  5.067364e+001 -8.782209e-002
    endloop
  endfacet
  facet normal  8.570045e-001  3.032888e-001  4.166043e-001
    outer loop
      vertex  5.926341e-001  5.067364e+001 -8.782209e-002
      vertex  5.580397e-001  5.072034e+001 -5.065753e-002
      vertex  5.586662e-001  5.067387e+001 -1.811560e-002
    endloop
  endfacet
  facet normal  1.551753e-001  9.866775e-001  4.886889e-002
    outer loop
      vertex  4.334442e-001  5.080000e+001 -3.855680e-002
      vertex  4.775889e-001  5.079115e+001 -1.220196e-004
      vertex  4.565954e-001  5.080000e+001 -1.120698e-001
    endloop
  endfacet
  facet normal  2.069867e-001  9.775884e-001  3.843455e-002
    outer loop
      vertex  4.565954e-001  5.080000e+001 -1.120698e-001
      vertex  4.775889e-001  5.079115e+001 -1.220196e-004
      vertex  4.919145e-001  5.079115e+001 -7.717449e-002
    endloop
  endfacet
  facet normal  1.460342e-001  9.840318e-001  1.017612e-001
    outer loop
      vertex  4.565954e-001  5.080000e+001 -1.120698e-001
      vertex  4.919145e-001  5.079115e+001 -7.717449e-002
      vertex  5.008960e-001  5.080000e+001 -1.756442e-001
    endloop
  endfacet
  facet normal  1.600187e-001  9.817433e-001  1.028311e-001
    outer loop
      vertex  5.008960e-001  5.080000e+001 -1.756442e-001
      vertex  4.919145e-001  5.079115e+001 -7.717449e-002
      vertex  5.345705e-001  5.079113e+001 -1.434072e-001
    endloop
  endfacet
  facet normal  4.666160e-001  8.320832e-001  2.998449e-001
    outer loop
      vertex  5.656018e-001  5.076303e+001 -1.137005e-001
      vertex  5.345705e-001  5.079113e+001 -1.434072e-001
      vertex  5.317492e-001  5.076309e+001 -6.119943e-002
    endloop
  endfacet
  facet normal  4.660043e-001  8.323952e-001  2.999303e-001
    outer loop
      vertex  5.317492e-001  5.076309e+001 -6.119943e-002
      vertex  5.345705e-001  5.079113e+001 -1.434072e-001
      vertex  4.919145e-001  5.079115e+001 -7.717449e-002
    endloop
  endfacet
  facet normal  5.454488e-001  8.320163e-001  1.011653e-001
    outer loop
      vertex  5.317492e-001  5.076309e+001 -6.119943e-002
      vertex  4.919145e-001  5.079115e+001 -7.717449e-002
      vertex  5.203815e-001  5.076311e+001 -9.670487e-005
    endloop
  endfacet
  facet normal  5.451840e-001  8.321711e-001  1.013194e-001
    outer loop
      vertex  5.203815e-001  5.076311e+001 -9.670487e-005
      vertex  4.919145e-001  5.079115e+001 -7.717449e-002
      vertex  4.775889e-001  5.079115e+001 -1.220196e-004
    endloop
  endfacet
  facet normal  5.453466e-001  8.322375e-001 -9.988945e-002
    outer loop
      vertex  5.203815e-001  5.076311e+001 -9.670487e-005
      vertex  4.775889e-001  5.079115e+001 -1.220196e-004
      vertex  5.316173e-001  5.076309e+001  6.105431e-002
    endloop
  endfacet
  facet normal  5.455368e-001  8.320842e-001 -1.001277e-001
    outer loop
      vertex  5.316173e-001  5.076309e+001  6.105431e-002
      vertex  4.775889e-001  5.079115e+001 -1.220196e-004
      vertex  4.917481e-001  5.079115e+001  7.699140e-002
    endloop
  endfacet
  facet normal  4.637034e-001  8.319685e-001 -3.046435e-001
    outer loop
      vertex  5.316173e-001  5.076309e+001  6.105431e-002
      vertex  4.917481e-001  5.079115e+001  7.699140e-002
      vertex  5.359383e-001  5.079036e+001  1.420977e-001
    endloop
  endfacet
  facet normal  8.247347e-001  5.448959e-001 -1.513313e-001
    outer loop
      vertex  5.316173e-001  5.076309e+001  6.105431e-002
      vertex  5.579305e-001  5.072034e+001  5.053739e-002
      vertex  5.203815e-001  5.076311e+001 -9.670487e-005
    endloop
  endfacet
  facet normal  8.246396e-001  5.451095e-001 -1.510803e-001
    outer loop
      vertex  5.203815e-001  5.076311e+001 -9.670487e-005
      vertex  5.579305e-001  5.072034e+001  5.053739e-002
      vertex  5.486292e-001  5.072039e+001 -8.006601e-005
    endloop
  endfacet
  facet normal  8.243188e-001  5.450159e-001  1.531546e-001
    outer loop
      vertex  5.203815e-001  5.076311e+001 -9.670487e-005
      vertex  5.486292e-001  5.072039e+001 -8.006601e-005
      vertex  5.317492e-001  5.076309e+001 -6.119943e-002
    endloop
  endfacet
  facet normal  8.244978e-001  5.448009e-001  1.529550e-001
    outer loop
      vertex  5.317492e-001  5.076309e+001 -6.119943e-002
      vertex  5.486292e-001  5.072039e+001 -8.006601e-005
      vertex  5.580397e-001  5.072034e+001 -5.065753e-002
    endloop
  endfacet
  facet normal  7.047690e-001  5.453466e-001  4.537596e-001
    outer loop
      vertex  5.317492e-001  5.076309e+001 -6.119943e-002
      vertex  5.580397e-001  5.072034e+001 -5.065753e-002
      vertex  5.656018e-001  5.076303e+001 -1.137005e-001
    endloop
  endfacet
  facet normal  7.056605e-001  5.445518e-001  4.533283e-001
    outer loop
      vertex  5.656018e-001  5.076303e+001 -1.137005e-001
      vertex  5.580397e-001  5.072034e+001 -5.065753e-002
      vertex  5.860606e-001  5.072021e+001 -9.411500e-002
    endloop
  endfacet
  facet normal  8.805574e-001  2.118067e-001 -4.239771e-001
    outer loop
      vertex  1.898820e+000  4.747325e+001 -1.351346e+000
      vertex  2.132461e+000  4.646880e+001 -1.367891e+000
      vertex  2.115600e+000  4.646333e+001 -1.405645e+000
    endloop
  endfacet
  facet normal  9.496773e-001  1.904585e-001  2.486737e-001
    outer loop
      vertex  2.123983e+000  4.647782e+001 -1.281644e+000
      vertex  2.135870e+000  4.647396e+001 -1.324083e+000
      vertex  1.923439e+000  4.746355e+001 -1.270742e+000
    endloop
  endfacet
  facet normal  9.685376e-001  2.269692e-001 -1.020777e-001
    outer loop
      vertex  2.132461e+000  4.646880e+001 -1.367891e+000
      vertex  1.898820e+000  4.747325e+001 -1.351346e+000
      vertex  2.135870e+000  4.647396e+001 -1.324083e+000
    endloop
  endfacet
  facet normal  8.830302e-001  1.978596e-001 -4.255692e-001
    outer loop
      vertex  2.135870e+000  4.647396e+001 -1.324083e+000
      vertex  1.898820e+000  4.747325e+001 -1.351346e+000
      vertex  1.917283e+000  4.747133e+001 -1.313931e+000
    endloop
  endfacet
  facet normal  9.717087e-001  2.139804e-001 -9.997304e-002
    outer loop
      vertex  2.135870e+000  4.647396e+001 -1.324083e+000
      vertex  1.917283e+000  4.747133e+001 -1.313931e+000
      vertex  1.923439e+000  4.746355e+001 -1.270742e+000
    endloop
  endfacet
  facet normal  8.126505e-001  1.591312e-001  5.606036e-001
    outer loop
      vertex  2.123983e+000  4.647782e+001 -1.281644e+000
      vertex  1.923439e+000  4.746355e+001 -1.270742e+000
      vertex  2.100057e+000  4.647986e+001 -1.247540e+000
    endloop
  endfacet
  facet normal  9.528442e-001  1.768952e-001  2.465686e-001
    outer loop
      vertex  2.100057e+000  4.647986e+001 -1.247540e+000
      vertex  1.923439e+000  4.746355e+001 -1.270742e+000
      vertex  1.915039e+000  4.745081e+001 -1.229141e+000
    endloop
  endfacet
  facet normal  8.130587e-001  1.442431e-001  5.640297e-001
    outer loop
      vertex  2.100057e+000  4.647986e+001 -1.247540e+000
      vertex  1.915039e+000  4.745081e+001 -1.229141e+000
      vertex  1.894707e+000  4.743565e+001 -1.195955e+000
    endloop
  endfacet
  facet normal  5.588526e-001  1.235942e-001  8.200049e-001
    outer loop
      vertex -1.195955e+000  4.743565e+001  1.894707e+000
      vertex -3.013999e-001  5.067300e+001  7.970995e-001
      vertex -1.229141e+000  4.745081e+001  1.915039e+000
    endloop
  endfacet
  facet normal  5.897472e-001  1.078796e-001  8.003500e-001
    outer loop
      vertex -1.229141e+000  4.745081e+001  1.915039e+000
      vertex -3.013999e-001  5.067300e+001  7.970995e-001
      vertex -3.323642e-001  5.069015e+001  8.176047e-001
    endloop
  endfacet
  facet normal  2.630606e-001  2.434488e-001  9.335586e-001
    outer loop
      vertex -1.229141e+000  4.745081e+001  1.915039e+000
      vertex -3.323642e-001  5.069015e+001  8.176047e-001
      vertex -1.270742e+000  4.746355e+001  1.923439e+000
    endloop
  endfacet
  facet normal -2.271869e-001  3.556566e-001  9.065840e-001
    outer loop
      vertex -4.455237e-001  5.072350e+001  8.073861e-001
      vertex -6.546396e-001  5.007575e+001  1.009095e+000
      vertex -3.892252e-001  5.071128e+001  8.262877e-001
    endloop
  endfacet
  facet normal -2.983275e-001  3.768354e-001  8.769240e-001
    outer loop
      vertex -3.892252e-001  5.071128e+001  8.262877e-001
      vertex -6.546396e-001  5.007575e+001  1.009095e+000
      vertex -6.524876e-001  4.990479e+001  1.083294e+000
    endloop
  endfacet
  facet normal  2.288893e-001  2.269485e-001  9.466277e-001
    outer loop
      vertex -3.892252e-001  5.071128e+001  8.262877e-001
      vertex -6.524876e-001  4.990479e+001  1.083294e+000
      vertex -3.323642e-001  5.069015e+001  8.176047e-001
    endloop
  endfacet
  facet normal -3.567213e-002  3.332744e-001  9.421548e-001
    outer loop
      vertex -3.323642e-001  5.069015e+001  8.176047e-001
      vertex -6.524876e-001  4.990479e+001  1.083294e+000
      vertex -1.270742e+000  4.746355e+001  1.923439e+000
    endloop
  endfacet
  facet normal -2.890883e-001  3.780639e-001  8.794860e-001
    outer loop
      vertex -6.546396e-001  5.007575e+001  1.009095e+000
      vertex -1.351346e+000  4.747325e+001  1.898820e+000
      vertex -6.524876e-001  4.990479e+001  1.083294e+000
    endloop
  endfacet
  facet normal -3.908872e-001  3.917073e-001  8.329302e-001
    outer loop
      vertex -6.524876e-001  4.990479e+001  1.083294e+000
      vertex -1.351346e+000  4.747325e+001  1.898820e+000
      vertex -1.313931e+000  4.747133e+001  1.917283e+000
    endloop
  endfacet
  facet normal -7.223134e-002  3.408729e-001  9.373304e-001
    outer loop
      vertex -6.524876e-001  4.990479e+001  1.083294e+000
      vertex -1.313931e+000  4.747133e+001  1.917283e+000
      vertex -1.270742e+000  4.746355e+001  1.923439e+000
    endloop
  endfacet
  facet normal  1.291928e-001  9.823934e-001  1.349535e-001
    outer loop
      vertex -3.892242e-001  5.080000e+001  7.053591e-001
      vertex -1.434072e-001  5.079113e+001  5.345705e-001
      vertex -1.756442e-001  5.080000e+001  5.008960e-001
    endloop
  endfacet
  facet normal  2.409297e-001  9.233891e-001  2.988399e-001
    outer loop
      vertex -3.892242e-001  5.080000e+001  7.053591e-001
      vertex -3.271238e-001  5.076280e+001  7.702286e-001
      vertex -1.434072e-001  5.079113e+001  5.345705e-001
    endloop
  endfacet
  facet normal  6.149560e-001  3.824967e-001  6.895836e-001
    outer loop
      vertex -3.013999e-001  5.067300e+001  7.970995e-001
      vertex -9.411500e-002  5.072021e+001  5.860606e-001
      vertex -3.271238e-001  5.076280e+001  7.702286e-001
    endloop
  endfacet
  facet normal  6.783926e-001  1.917804e-001  7.092274e-001
    outer loop
      vertex -3.013999e-001  5.067300e+001  7.970995e-001
      vertex -8.782034e-002  5.067364e+001  5.926324e-001
      vertex -9.411500e-002  5.072021e+001  5.860606e-001
    endloop
  endfacet
  facet normal  3.784518e-001  8.368049e-001  3.956411e-001
    outer loop
      vertex -3.271238e-001  5.076280e+001  7.702286e-001
      vertex -1.137005e-001  5.076303e+001  5.656018e-001
      vertex -1.434072e-001  5.079113e+001  5.345705e-001
    endloop
  endfacet
  facet normal  5.769141e-001  5.517055e-001  6.023215e-001
    outer loop
      vertex -3.271238e-001  5.076280e+001  7.702286e-001
      vertex -9.411500e-002  5.072021e+001  5.860606e-001
      vertex -1.137005e-001  5.076303e+001  5.656018e-001
    endloop
  endfacet
  facet normal  7.087556e-001  1.951283e-001 -6.779309e-001
    outer loop
      vertex  7.970995e-001  5.067300e+001  3.013999e-001
      vertex  5.926324e-001  5.067364e+001  8.782034e-002
      vertex  7.901151e-001  5.072160e+001  3.080862e-001
    endloop
  endfacet
  facet normal  7.074235e-001  2.002055e-001 -6.778420e-001
    outer loop
      vertex  7.901151e-001  5.072160e+001  3.080862e-001
      vertex  5.926324e-001  5.067364e+001  8.782034e-002
      vertex  5.854880e-001  5.072205e+001  9.466308e-002
    endloop
  endfacet
  facet normal  6.007691e-001  5.555627e-001 -5.748274e-001
    outer loop
      vertex  7.901151e-001  5.072160e+001  3.080862e-001
      vertex  5.854880e-001  5.072205e+001  9.466308e-002
      vertex  7.702286e-001  5.076280e+001  3.271238e-001
    endloop
  endfacet
  facet normal  5.943670e-001  5.657601e-001 -5.715272e-001
    outer loop
      vertex  7.702286e-001  5.076280e+001  3.271238e-001
      vertex  5.854880e-001  5.072205e+001  9.466308e-002
      vertex  5.653580e-001  5.076267e+001  1.139338e-001
    endloop
  endfacet
  facet normal  4.003316e-001  8.314641e-001 -3.852300e-001
    outer loop
      vertex  7.702286e-001  5.076280e+001  3.271238e-001
      vertex  5.653580e-001  5.076267e+001  1.139338e-001
      vertex  7.404662e-001  5.079033e+001  3.556157e-001
    endloop
  endfacet
  facet normal  4.060842e-001  8.269619e-001 -3.888827e-001
    outer loop
      vertex  7.404662e-001  5.079033e+001  3.556157e-001
      vertex  5.653580e-001  5.076267e+001  1.139338e-001
      vertex  5.359383e-001  5.079036e+001  1.420977e-001
    endloop
  endfacet
  facet normal  1.409330e-001  9.807885e-001 -1.348764e-001
    outer loop
      vertex  7.404662e-001  5.079033e+001  3.556157e-001
      vertex  5.359383e-001  5.079036e+001  1.420977e-001
      vertex  7.053591e-001  5.080000e+001  3.892242e-001
    endloop
  endfacet
  facet normal  1.407882e-001  9.808228e-001 -1.347785e-001
    outer loop
      vertex  7.053591e-001  5.080000e+001  3.892242e-001
      vertex  5.359383e-001  5.079036e+001  1.420977e-001
      vertex  5.008960e-001  5.080000e+001  1.756442e-001
    endloop
  endfacet
  facet normal  9.311459e-001  1.558895e-001  3.296453e-001
    outer loop
      vertex  2.343800e+000  4.381929e+001 -8.533521e-001
      vertex  2.524238e+000  4.121599e+001 -1.319279e-001
      vertex  2.357305e+000  4.381301e+001 -8.885302e-001
    endloop
  endfacet
  facet normal  8.180492e-001  2.168890e-001  5.326864e-001
    outer loop
      vertex  2.449135e+000  4.215843e+001 -4.003161e-001
      vertex  2.491398e+000  4.123152e+001 -8.782034e-002
      vertex  2.524238e+000  4.121599e+001 -1.319279e-001
    endloop
  endfacet
  facet normal -5.843124e-001  1.788602e-001  7.915731e-001
    outer loop
      vertex  2.449135e+000  4.215843e+001 -4.003161e-001
      vertex  2.524238e+000  4.121599e+001 -1.319279e-001
      vertex  2.343800e+000  4.381929e+001 -8.533521e-001
    endloop
  endfacet
  facet normal  9.299251e-001  1.505031e-001  3.355412e-001
    outer loop
      vertex  2.449135e+000  4.215843e+001 -4.003161e-001
      vertex  2.343800e+000  4.381929e+001 -8.533521e-001
      vertex  2.209941e+000  4.511535e+001 -1.063703e+000
    endloop
  endfacet
  facet normal  9.938250e-001  7.054818e-002 -8.564406e-002
    outer loop
      vertex  2.132461e+000  4.646880e+001 -1.367891e+000
      vertex  2.135870e+000  4.647396e+001 -1.324083e+000
      vertex  2.359623e+000  4.380532e+001 -9.258899e-001
    endloop
  endfacet
  facet normal  9.950154e-001  8.987434e-002  4.320848e-002
    outer loop
      vertex  2.359623e+000  4.380532e+001 -9.258899e-001
      vertex  2.135870e+000  4.647396e+001 -1.324083e+000
      vertex  2.357305e+000  4.381301e+001 -8.885302e-001
    endloop
  endfacet
  facet normal  9.948557e-001  9.181722e-002  4.279823e-002
    outer loop
      vertex  2.359623e+000  4.380532e+001 -9.258899e-001
      vertex  2.357305e+000  4.381301e+001 -8.885302e-001
      vertex  2.466092e+000  4.249656e+001 -5.930559e-001
    endloop
  endfacet
  facet normal  9.551420e-001  1.377688e-001  2.621518e-001
    outer loop
      vertex  2.466092e+000  4.249656e+001 -5.930559e-001
      vertex  2.357305e+000  4.381301e+001 -8.885302e-001
      vertex  2.524238e+000  4.121599e+001 -1.319279e-001
    endloop
  endfacet
  facet normal  9.990631e-001  4.258032e-002 -7.729454e-003
    outer loop
      vertex  2.466092e+000  4.249656e+001 -5.930559e-001
      vertex  2.524238e+000  4.121599e+001 -1.319279e-001
      vertex  2.472846e+000  4.234042e+001 -5.802000e-001
    endloop
  endfacet
  facet normal  9.863991e-001  9.776052e-002  1.321352e-001
    outer loop
      vertex  2.472846e+000  4.234042e+001 -5.802000e-001
      vertex  2.524238e+000  4.121599e+001 -1.319279e-001
      vertex  2.533262e+000  4.119651e+001 -1.848849e-001
    endloop
  endfacet
  facet normal  8.143631e-001  1.414136e-001  5.628632e-001
    outer loop
      vertex  2.100057e+000  4.647986e+001 -1.247540e+000
      vertex  2.209941e+000  4.511535e+001 -1.063703e+000
      vertex  2.123983e+000  4.647782e+001 -1.281644e+000
    endloop
  endfacet
  facet normal -5.744904e-002  1.541559e-001  9.863749e-001
    outer loop
      vertex  2.123983e+000  4.647782e+001 -1.281644e+000
      vertex  2.209941e+000  4.511535e+001 -1.063703e+000
      vertex  2.343800e+000  4.381929e+001 -8.533521e-001
    endloop
  endfacet
  facet normal  9.586906e-001  1.207591e-001  2.575449e-001
    outer loop
      vertex  2.123983e+000  4.647782e+001 -1.281644e+000
      vertex  2.343800e+000  4.381929e+001 -8.533521e-001
      vertex  2.135870e+000  4.647396e+001 -1.324083e+000
    endloop
  endfacet
  facet normal  9.330270e-001  1.324050e-001  3.345588e-001
    outer loop
      vertex  2.135870e+000  4.647396e+001 -1.324083e+000
      vertex  2.343800e+000  4.381929e+001 -8.533521e-001
      vertex  2.357305e+000  4.381301e+001 -8.885302e-001
    endloop
  endfacet
  facet normal  9.118285e-001  1.975102e-002 -4.100960e-001
    outer loop
      vertex  2.115600e+000  4.646333e+001 -1.405645e+000
      vertex  2.132461e+000  4.646880e+001 -1.367891e+000
      vertex  2.229785e+000  4.512093e+001 -1.216412e+000
    endloop
  endfacet
  facet normal  9.705318e-001  4.344002e-002 -2.370257e-001
    outer loop
      vertex  2.229785e+000  4.512093e+001 -1.216412e+000
      vertex  2.132461e+000  4.646880e+001 -1.367891e+000
      vertex  2.359623e+000  4.380532e+001 -9.258899e-001
    endloop
  endfacet
  facet normal  9.694363e-001  4.230680e-002 -2.416678e-001
    outer loop
      vertex  2.229785e+000  4.512093e+001 -1.216412e+000
      vertex  2.359623e+000  4.380532e+001 -9.258899e-001
      vertex  2.351484e+000  4.379541e+001 -9.602717e-001
    endloop
  endfacet
  facet normal  9.760434e-001  2.441974e-002 -2.162011e-001
    outer loop
      vertex  2.466092e+000  4.249656e+001 -5.930559e-001
      vertex  2.472846e+000  4.234042e+001 -5.802000e-001
      vertex  2.359623e+000  4.380532e+001 -9.258899e-001
    endloop
  endfacet
  facet normal  9.716502e-001  1.949829e-002 -2.356173e-001
    outer loop
      vertex  2.359623e+000  4.380532e+001 -9.258899e-001
      vertex  2.472846e+000  4.234042e+001 -5.802000e-001
      vertex  2.351484e+000  4.379541e+001 -9.602717e-001
    endloop
  endfacet
  facet normal -4.236968e-001  2.118199e-001  8.806892e-001
    outer loop
      vertex -1.405645e+000  4.646333e+001  2.115600e+000
      vertex -1.313931e+000  4.747133e+001  1.917283e+000
      vertex -1.351346e+000  4.747325e+001  1.898820e+000
    endloop
  endfacet
  facet normal  2.499775e-001  1.903206e-001  9.493625e-001
    outer loop
      vertex -1.229141e+000  4.745081e+001  1.915039e+000
      vertex -1.270742e+000  4.746355e+001  1.923439e+000
      vertex -1.324083e+000  4.647396e+001  2.135870e+000
    endloop
  endfacet
  facet normal -1.026628e-001  2.010068e-001  9.741954e-001
    outer loop
      vertex -1.313931e+000  4.747133e+001  1.917283e+000
      vertex -1.405645e+000  4.646333e+001  2.115600e+000
      vertex -1.270742e+000  4.746355e+001  1.923439e+000
    endloop
  endfacet
  facet normal -4.243637e-001  2.257052e-001  8.769109e-001
    outer loop
      vertex -1.270742e+000  4.746355e+001  1.923439e+000
      vertex -1.405645e+000  4.646333e+001  2.115600e+000
      vertex -1.367891e+000  4.646880e+001  2.132461e+000
    endloop
  endfacet
  facet normal -1.007923e-001  2.140052e-001  9.716185e-001
    outer loop
      vertex -1.270742e+000  4.746355e+001  1.923439e+000
      vertex -1.367891e+000  4.646880e+001  2.132461e+000
      vertex -1.324083e+000  4.647396e+001  2.135870e+000
    endloop
  endfacet
  facet normal  5.605842e-001  1.303838e-001  8.177686e-001
    outer loop
      vertex -1.229141e+000  4.745081e+001  1.915039e+000
      vertex -1.324083e+000  4.647396e+001  2.135870e+000
      vertex -1.195955e+000  4.743565e+001  1.894707e+000
    endloop
  endfacet
  facet normal  2.466952e-001  2.046693e-001  9.472337e-001
    outer loop
      vertex -1.195955e+000  4.743565e+001  1.894707e+000
      vertex -1.324083e+000  4.647396e+001  2.135870e+000
      vertex -1.281644e+000  4.647782e+001  2.123983e+000
    endloop
  endfacet
  facet normal  5.624774e-001  1.445462e-001  8.140795e-001
    outer loop
      vertex -1.195955e+000  4.743565e+001  1.894707e+000
      vertex -1.281644e+000  4.647782e+001  2.123983e+000
      vertex -1.247540e+000  4.647986e+001  2.100057e+000
    endloop
  endfacet
  facet normal -4.294780e-001  1.909751e-001  8.826535e-001
    outer loop
      vertex  8.782209e-002  5.067364e+001  5.926341e-001
      vertex  9.466308e-002  5.072205e+001  5.854880e-001
      vertex  1.811560e-002  5.067387e+001  5.586662e-001
    endloop
  endfacet
  facet normal -5.032461e-001  3.629799e-001  7.842124e-001
    outer loop
      vertex  1.811560e-002  5.067387e+001  5.586662e-001
      vertex  9.466308e-002  5.072205e+001  5.854880e-001
      vertex  5.065753e-002  5.072034e+001  5.580397e-001
    endloop
  endfacet
  facet normal -1.810113e-001  1.398807e-001  9.734826e-001
    outer loop
      vertex  1.811560e-002  5.067387e+001  5.586662e-001
      vertex  5.065753e-002  5.072034e+001  5.580397e-001
      vertex  8.006601e-005  5.072039e+001  5.486292e-001
    endloop
  endfacet
  facet normal -1.127280e-001  9.803684e-001  1.617723e-001
    outer loop
      vertex  1.756442e-001  5.080000e+001  5.008960e-001
      vertex  1.120698e-001  5.080000e+001  4.565954e-001
      vertex  1.420977e-001  5.079036e+001  5.359383e-001
    endloop
  endfacet
  facet normal -9.291361e-002  9.835883e-001  1.546646e-001
    outer loop
      vertex  1.420977e-001  5.079036e+001  5.359383e-001
      vertex  1.120698e-001  5.080000e+001  4.565954e-001
      vertex  7.717449e-002  5.079115e+001  4.919145e-001
    endloop
  endfacet
  facet normal -3.122751e-001  8.225559e-001  4.752747e-001
    outer loop
      vertex  1.420977e-001  5.079036e+001  5.359383e-001
      vertex  7.717449e-002  5.079115e+001  4.919145e-001
      vertex  1.139338e-001  5.076267e+001  5.653580e-001
    endloop
  endfacet
  facet normal -2.925122e-001  8.330886e-001  4.694677e-001
    outer loop
      vertex  1.139338e-001  5.076267e+001  5.653580e-001
      vertex  7.717449e-002  5.079115e+001  4.919145e-001
      vertex  6.119943e-002  5.076309e+001  5.317492e-001
    endloop
  endfacet
  facet normal -4.428209e-001  5.579622e-001  7.018459e-001
    outer loop
      vertex  1.139338e-001  5.076267e+001  5.653580e-001
      vertex  6.119943e-002  5.076309e+001  5.317492e-001
      vertex  9.466308e-002  5.072205e+001  5.854880e-001
    endloop
  endfacet
  facet normal  5.322173e-001  1.884130e-001  8.253759e-001
    outer loop
      vertex -9.411500e-002  5.072021e+001  5.860606e-001
      vertex -8.782034e-002  5.067364e+001  5.926324e-001
      vertex -5.053739e-002  5.072034e+001  5.579305e-001
    endloop
  endfacet
  facet normal  5.713231e-001  1.442469e-001  8.079497e-001
    outer loop
      vertex -5.053739e-002  5.072034e+001  5.579305e-001
      vertex -8.782034e-002  5.067364e+001  5.926324e-001
      vertex -5.732676e-002  5.067379e+001  5.710430e-001
    endloop
  endfacet
  facet normal  1.751095e-001  2.431785e-001  9.540445e-001
    outer loop
      vertex -5.053739e-002  5.072034e+001  5.579305e-001
      vertex -5.732676e-002  5.067379e+001  5.710430e-001
      vertex  8.006601e-005  5.072039e+001  5.486292e-001
    endloop
  endfacet
  facet normal  1.557848e-001  2.657066e-001  9.513838e-001
    outer loop
      vertex  8.006601e-005  5.072039e+001  5.486292e-001
      vertex -5.732676e-002  5.067379e+001  5.710430e-001
      vertex  1.811560e-002  5.067387e+001  5.586662e-001
    endloop
  endfacet
  facet normal  1.079327e-001  9.819701e-001  1.551946e-001
    outer loop
      vertex -1.756442e-001  5.080000e+001  5.008960e-001
      vertex -1.434072e-001  5.079113e+001  5.345705e-001
      vertex -1.120663e-001  5.080000e+001  4.566797e-001
    endloop
  endfacet
  facet normal  9.717676e-002  9.837353e-001  1.510676e-001
    outer loop
      vertex -1.120663e-001  5.080000e+001  4.566797e-001
      vertex -1.434072e-001  5.079113e+001  5.345705e-001
      vertex -7.699140e-002  5.079115e+001  4.917481e-001
    endloop
  endfacet
  facet normal  5.944500e-002  9.803764e-001  1.879588e-001
    outer loop
      vertex -1.120663e-001  5.080000e+001  4.566797e-001
      vertex -7.699140e-002  5.079115e+001  4.917481e-001
      vertex -3.838419e-002  5.080000e+001  4.333766e-001
    endloop
  endfacet
  facet normal  3.115542e-002  9.849612e-001  1.699430e-001
    outer loop
      vertex -3.838419e-002  5.080000e+001  4.333766e-001
      vertex -7.699140e-002  5.079115e+001  4.917481e-001
      vertex  1.220196e-004  5.079115e+001  4.775889e-001
    endloop
  endfacet
  facet normal -1.725606e-004  9.805354e-001  1.963422e-001
    outer loop
      vertex -3.838419e-002  5.080000e+001  4.333766e-001
      vertex  1.220196e-004  5.079115e+001  4.775889e-001
      vertex  3.855680e-002  5.080000e+001  4.334442e-001
    endloop
  endfacet
  facet normal -3.843455e-002  9.775884e-001  2.069867e-001
    outer loop
      vertex  7.717449e-002  5.079115e+001  4.919145e-001
      vertex  1.120698e-001  5.080000e+001  4.565954e-001
      vertex  1.220196e-004  5.079115e+001  4.775889e-001
    endloop
  endfacet
  facet normal -4.886889e-002  9.866775e-001  1.551753e-001
    outer loop
      vertex  1.220196e-004  5.079115e+001  4.775889e-001
      vertex  1.120698e-001  5.080000e+001  4.565954e-001
      vertex  3.855680e-002  5.080000e+001  4.334442e-001
    endloop
  endfacet
  facet normal  3.003745e-001  8.321450e-001  4.661649e-001
    outer loop
      vertex -1.434072e-001  5.079113e+001  5.345705e-001
      vertex -1.137005e-001  5.076303e+001  5.656018e-001
      vertex -7.699140e-002  5.079115e+001  4.917481e-001
    endloop
  endfacet
  facet normal  2.997832e-001  8.324564e-001  4.659896e-001
    outer loop
      vertex -7.699140e-002  5.079115e+001  4.917481e-001
      vertex -1.137005e-001  5.076303e+001  5.656018e-001
      vertex -6.105431e-002  5.076309e+001  5.316173e-001
    endloop
  endfacet
  facet normal  1.001277e-001  8.320842e-001  5.455368e-001
    outer loop
      vertex -7.699140e-002  5.079115e+001  4.917481e-001
      vertex -6.105431e-002  5.076309e+001  5.316173e-001
      vertex  1.220196e-004  5.079115e+001  4.775889e-001
    endloop
  endfacet
  facet normal  9.988945e-002  8.322375e-001  5.453466e-001
    outer loop
      vertex  1.220196e-004  5.079115e+001  4.775889e-001
      vertex -6.105431e-002  5.076309e+001  5.316173e-001
      vertex  9.670487e-005  5.076311e+001  5.203815e-001
    endloop
  endfacet
  facet normal -1.013194e-001  8.321711e-001  5.451840e-001
    outer loop
      vertex  1.220196e-004  5.079115e+001  4.775889e-001
      vertex  9.670487e-005  5.076311e+001  5.203815e-001
      vertex  7.717449e-002  5.079115e+001  4.919145e-001
    endloop
  endfacet
  facet normal -1.011653e-001  8.320163e-001  5.454488e-001
    outer loop
      vertex  7.717449e-002  5.079115e+001  4.919145e-001
      vertex  9.670487e-005  5.076311e+001  5.203815e-001
      vertex  6.119943e-002  5.076309e+001  5.317492e-001
    endloop
  endfacet
  facet normal  4.543646e-001  5.446653e-001  7.049060e-001
    outer loop
      vertex -1.137005e-001  5.076303e+001  5.656018e-001
      vertex -9.411500e-002  5.072021e+001  5.860606e-001
      vertex -6.105431e-002  5.076309e+001  5.316173e-001
    endloop
  endfacet
  facet normal  4.533733e-001  5.454599e-001  7.049299e-001
    outer loop
      vertex -6.105431e-002  5.076309e+001  5.316173e-001
      vertex -9.411500e-002  5.072021e+001  5.860606e-001
      vertex -5.053739e-002  5.072034e+001  5.579305e-001
    endloop
  endfacet
  facet normal  1.513313e-001  5.448959e-001  8.247347e-001
    outer loop
      vertex -6.105431e-002  5.076309e+001  5.316173e-001
      vertex -5.053739e-002  5.072034e+001  5.579305e-001
      vertex  9.670487e-005  5.076311e+001  5.203815e-001
    endloop
  endfacet
  facet normal  1.510803e-001  5.451095e-001  8.246396e-001
    outer loop
      vertex  9.670487e-005  5.076311e+001  5.203815e-001
      vertex -5.053739e-002  5.072034e+001  5.579305e-001
      vertex  8.006601e-005  5.072039e+001  5.486292e-001
    endloop
  endfacet
  facet normal -1.531546e-001  5.450158e-001  8.243187e-001
    outer loop
      vertex  9.670487e-005  5.076311e+001  5.203815e-001
      vertex  8.006601e-005  5.072039e+001  5.486292e-001
      vertex  6.119943e-002  5.076309e+001  5.317492e-001
    endloop
  endfacet
  facet normal -1.529550e-001  5.448009e-001  8.244978e-001
    outer loop
      vertex  6.119943e-002  5.076309e+001  5.317492e-001
      vertex  8.006601e-005  5.072039e+001  5.486292e-001
      vertex  5.065753e-002  5.072034e+001  5.580397e-001
    endloop
  endfacet
  facet normal -4.589231e-001  5.448136e-001  7.018318e-001
    outer loop
      vertex  6.119943e-002  5.076309e+001  5.317492e-001
      vertex  5.065753e-002  5.072034e+001  5.580397e-001
      vertex  9.466308e-002  5.072205e+001  5.854880e-001
    endloop
  endfacet
  facet normal  7.738901e-001  6.208448e-001  1.250827e-001
    outer loop
      vertex  8.073861e-001  5.072350e+001  4.455237e-001
      vertex  8.262877e-001  5.071128e+001  3.892252e-001
      vertex  7.663841e-001  5.077916e+001  4.228984e-001
    endloop
  endfacet
  facet normal  7.844321e-001  5.608642e-001  2.647594e-001
    outer loop
      vertex  7.663841e-001  5.077916e+001  4.228984e-001
      vertex  8.262877e-001  5.071128e+001  3.892252e-001
      vertex  7.803981e-001  5.077546e+001  3.892242e-001
    endloop
  endfacet
  facet normal  3.107346e-001  9.501733e-001  2.480021e-002
    outer loop
      vertex  7.663841e-001  5.077916e+001  4.228984e-001
      vertex  7.803981e-001  5.077546e+001  3.892242e-001
      vertex  7.053591e-001  5.080000e+001  3.892242e-001
    endloop
  endfacet
  facet normal  3.104216e-001  9.492164e-001  5.125044e-002
    outer loop
      vertex  7.053591e-001  5.080000e+001  3.892242e-001
      vertex  7.803981e-001  5.077546e+001  3.892242e-001
      vertex  7.404662e-001  5.079033e+001  3.556157e-001
    endloop
  endfacet
  facet normal  8.211775e-001  4.825183e-001 -3.047026e-001
    outer loop
      vertex  8.262877e-001  5.071128e+001  3.892252e-001
      vertex  8.176047e-001  5.069015e+001  3.323642e-001
      vertex  7.901151e-001  5.072160e+001  3.080862e-001
    endloop
  endfacet
  facet normal  7.648557e-001  1.944177e-001 -6.141640e-001
    outer loop
      vertex  7.970995e-001  5.067300e+001  3.013999e-001
      vertex  7.901151e-001  5.072160e+001  3.080862e-001
      vertex  8.176047e-001  5.069015e+001  3.323642e-001
    endloop
  endfacet
  facet normal  7.815556e-001  5.587994e-001 -2.773342e-001
    outer loop
      vertex  8.262877e-001  5.071128e+001  3.892252e-001
      vertex  7.901151e-001  5.072160e+001  3.080862e-001
      vertex  7.803981e-001  5.077546e+001  3.892242e-001
    endloop
  endfacet
  facet normal  8.265738e-001  5.094703e-001 -2.391980e-001
    outer loop
      vertex  7.803981e-001  5.077546e+001  3.892242e-001
      vertex  7.901151e-001  5.072160e+001  3.080862e-001
      vertex  7.702286e-001  5.076280e+001  3.271238e-001
    endloop
  endfacet
  facet normal  5.164904e-001  8.185524e-001 -2.514155e-001
    outer loop
      vertex  7.803981e-001  5.077546e+001  3.892242e-001
      vertex  7.702286e-001  5.076280e+001  3.271238e-001
      vertex  7.404662e-001  5.079033e+001  3.556157e-001
    endloop
  endfacet
  facet normal  9.368989e-001  3.205876e-001 -1.394416e-001
    outer loop
      vertex  2.528006e+000  4.105706e+001  2.230069e-002
      vertex  2.525370e+000  4.106928e+001  3.268114e-002
      vertex  2.535846e+000  4.104617e+001  4.994775e-002
    endloop
  endfacet
  facet normal  9.449784e-001  2.883989e-001 -1.544083e-001
    outer loop
      vertex  2.535846e+000  4.104617e+001  4.994775e-002
      vertex  2.537025e+000  4.102954e+001  2.609825e-002
      vertex  2.528006e+000  4.105706e+001  2.230069e-002
    endloop
  endfacet
  facet normal  9.506372e-001  3.013465e-001 -7.402220e-002
    outer loop
      vertex  2.528006e+000  4.105706e+001  2.230069e-002
      vertex  2.537025e+000  4.102954e+001  2.609825e-002
      vertex  2.529403e+000  4.105035e+001  1.295140e-002
    endloop
  endfacet
  facet normal  9.490445e-001  3.092697e-001 -6.055561e-002
    outer loop
      vertex  2.529403e+000  4.105035e+001  1.295140e-002
      vertex  2.537025e+000  4.102954e+001  2.609825e-002
      vertex  2.537491e+000  4.102300e+001 -1.286468e-005
    endloop
  endfacet
  facet normal  9.546042e-001  2.963750e-001 -2.987911e-002
    outer loop
      vertex  2.529403e+000  4.105035e+001  1.295140e-002
      vertex  2.537491e+000  4.102300e+001 -1.286468e-005
      vertex  2.529899e+000  4.104747e+001  2.195035e-004
    endloop
  endfacet
  facet normal  9.550979e-001  2.962741e-001 -3.122782e-003
    outer loop
      vertex  2.529773e+000  4.104785e+001 -2.741184e-003
      vertex  2.529899e+000  4.104747e+001  2.195035e-004
      vertex  2.537491e+000  4.102300e+001 -1.286468e-005
    endloop
  endfacet
  facet normal  9.515560e-001  3.019107e-001  5.823242e-002
    outer loop
      vertex  2.537491e+000  4.102300e+001 -1.286468e-005
      vertex  2.537029e+000  4.102948e+001 -2.608451e-002
      vertex  2.529773e+000  4.104785e+001 -2.741184e-003
    endloop
  endfacet
  facet normal  9.465618e-001  3.196833e-001  4.269873e-002
    outer loop
      vertex  2.537029e+000  4.102948e+001 -2.608451e-002
      vertex  2.528829e+000  4.105227e+001 -1.486833e-002
      vertex  2.529773e+000  4.104785e+001 -2.741184e-003
    endloop
  endfacet
  facet normal  9.501817e-001  2.994994e-001  8.634111e-002
    outer loop
      vertex  2.527673e+000  4.105843e+001 -2.351588e-002
      vertex  2.528829e+000  4.105227e+001 -1.486833e-002
      vertex  2.537029e+000  4.102948e+001 -2.608451e-002
    endloop
  endfacet
  facet normal  9.437495e-001  2.911760e-001  1.566958e-001
    outer loop
      vertex  2.537029e+000  4.102948e+001 -2.608451e-002
      vertex  2.535850e+000  4.104612e+001 -4.989697e-002
      vertex  2.527673e+000  4.105843e+001 -2.351588e-002
    endloop
  endfacet
  facet normal  9.854231e-001  1.145171e-001 -1.258056e-001
    outer loop
      vertex  2.524238e+000  4.121599e+001  1.319279e-001
      vertex  2.533262e+000  4.119651e+001  1.848849e-001
      vertex  2.532402e+000  4.109540e+001  8.610711e-002
    endloop
  endfacet
  facet normal  9.947329e-001  6.717097e-002 -7.742343e-002
    outer loop
      vertex  2.532402e+000  4.109540e+001  8.610711e-002
      vertex  2.533262e+000  4.119651e+001  1.848849e-001
      vertex  2.535813e+000  4.111366e+001  1.457811e-001
    endloop
  endfacet
  facet normal  9.871695e-001  1.279115e-001 -9.557832e-002
    outer loop
      vertex  2.532402e+000  4.109540e+001  8.610711e-002
      vertex  2.535813e+000  4.111366e+001  1.457811e-001
      vertex  2.534246e+000  4.106893e+001  6.972961e-002
    endloop
  endfacet
  facet normal  9.936269e-001  8.701132e-002 -7.165524e-002
    outer loop
      vertex  2.534246e+000  4.106893e+001  6.972961e-002
      vertex  2.535813e+000  4.111366e+001  1.457811e-001
      vertex  2.538196e+000  4.104523e+001  9.572645e-002
    endloop
  endfacet
  facet normal  9.925094e-001  1.120642e-001 -4.864904e-002
    outer loop
      vertex  2.534246e+000  4.106893e+001  6.972961e-002
      vertex  2.538196e+000  4.104523e+001  9.572645e-002
      vertex  2.535846e+000  4.104617e+001  4.994775e-002
    endloop
  endfacet
  facet normal  9.937043e-001  1.007794e-001 -4.894169e-002
    outer loop
      vertex  2.535846e+000  4.104617e+001  4.994775e-002
      vertex  2.538196e+000  4.104523e+001  9.572645e-002
      vertex  2.539424e+000  4.101290e+001  5.408327e-002
    endloop
  endfacet
  facet normal  9.943003e-001  1.040193e-001 -2.338823e-002
    outer loop
      vertex  2.535846e+000  4.104617e+001  4.994775e-002
      vertex  2.539424e+000  4.101290e+001  5.408327e-002
      vertex  2.537025e+000  4.102954e+001  2.609825e-002
    endloop
  endfacet
  facet normal  9.862227e-001  1.012398e-001  1.308254e-001
    outer loop
      vertex  2.533262e+000  4.119651e+001 -1.848849e-001
      vertex  2.524238e+000  4.121599e+001 -1.319279e-001
      vertex  2.537224e+000  4.107241e+001 -1.187187e-001
    endloop
  endfacet
  facet normal  9.921926e-001  9.696002e-002  7.843879e-002
    outer loop
      vertex  2.537224e+000  4.107241e+001 -1.187187e-001
      vertex  2.524238e+000  4.121599e+001 -1.319279e-001
      vertex  2.532391e+000  4.109556e+001 -8.619054e-002
    endloop
  endfacet
  facet normal  9.919576e-001  1.021897e-001  7.468291e-002
    outer loop
      vertex  2.537224e+000  4.107241e+001 -1.187187e-001
      vertex  2.532391e+000  4.109556e+001 -8.619054e-002
      vertex  2.538516e+000  4.103656e+001 -8.681603e-002
    endloop
  endfacet
  facet normal  9.932687e-001  1.025465e-001  5.386578e-002
    outer loop
      vertex  2.538516e+000  4.103656e+001 -8.681603e-002
      vertex  2.532391e+000  4.109556e+001 -8.619054e-002
      vertex  2.534243e+000  4.106897e+001 -6.973125e-002
    endloop
  endfacet
  facet normal  9.932669e-001  1.033313e-001  5.237654e-002
    outer loop
      vertex  2.538516e+000  4.103656e+001 -8.681603e-002
      vertex  2.534243e+000  4.106897e+001 -6.973125e-002
      vertex  2.539110e+000  4.102093e+001 -6.724537e-002
    endloop
  endfacet
  facet normal  9.940009e-001  1.026491e-001  3.775600e-002
    outer loop
      vertex  2.539110e+000  4.102093e+001 -6.724537e-002
      vertex  2.534243e+000  4.106897e+001 -6.973125e-002
      vertex  2.535850e+000  4.104612e+001 -4.989697e-002
    endloop
  endfacet
  facet normal  9.938683e-001  1.052076e-001  3.401636e-002
    outer loop
      vertex  2.539110e+000  4.102093e+001 -6.724537e-002
      vertex  2.535850e+000  4.104612e+001 -4.989697e-002
      vertex  2.539773e+000  4.100391e+001 -3.397370e-002
    endloop
  endfacet
  facet normal  9.947376e-001  1.003144e-001  2.083132e-002
    outer loop
      vertex  2.539773e+000  4.100391e+001 -3.397370e-002
      vertex  2.535850e+000  4.104612e+001 -4.989697e-002
      vertex  2.537029e+000  4.102948e+001 -2.608451e-002
    endloop
  endfacet
  facet normal  9.945995e-001  1.031316e-001  1.165115e-002
    outer loop
      vertex  2.539773e+000  4.100391e+001 -3.397370e-002
      vertex  2.537029e+000  4.102948e+001 -2.608451e-002
      vertex  2.540000e+000  4.099789e+001 -1.202915e-004
    endloop
  endfacet
  facet normal  9.950194e-001  9.942810e-002  7.097216e-003
    outer loop
      vertex  2.540000e+000  4.099789e+001 -1.202915e-004
      vertex  2.537029e+000  4.102948e+001 -2.608451e-002
      vertex  2.537491e+000  4.102300e+001 -1.286468e-005
    endloop
  endfacet
  facet normal  9.950186e-001  9.948563e-002 -6.363257e-003
    outer loop
      vertex  2.540000e+000  4.099789e+001 -1.202915e-004
      vertex  2.537491e+000  4.102300e+001 -1.286468e-005
      vertex  2.539932e+000  4.099977e+001  1.861996e-002
    endloop
  endfacet
  facet normal  9.950675e-001  9.894928e-002 -7.038176e-003
    outer loop
      vertex  2.539932e+000  4.099977e+001  1.861996e-002
      vertex  2.537491e+000  4.102300e+001 -1.286468e-005
      vertex  2.537025e+000  4.102954e+001  2.609825e-002
    endloop
  endfacet
  facet normal  9.943805e-001  1.031252e-001 -2.392687e-002
    outer loop
      vertex  2.539932e+000  4.099977e+001  1.861996e-002
      vertex  2.537025e+000  4.102954e+001  2.609825e-002
      vertex  2.539424e+000  4.101290e+001  5.408327e-002
    endloop
  endfacet
  facet normal  8.144740e-001  2.818235e-001 -5.071564e-001
    outer loop
      vertex  2.491398e+000  4.123152e+001  8.782034e-002
      vertex  2.524238e+000  4.121599e+001  1.319279e-001
      vertex  2.501401e+000  4.118313e+001  7.699311e-002
    endloop
  endfacet
  facet normal  8.351191e-001  2.438871e-001 -4.930466e-001
    outer loop
      vertex  2.501401e+000  4.118313e+001  7.699311e-002
      vertex  2.524238e+000  4.121599e+001  1.319279e-001
      vertex  2.532402e+000  4.109540e+001  8.610711e-002
    endloop
  endfacet
  facet normal  9.064354e-001  2.882410e-001 -3.086937e-001
    outer loop
      vertex  2.501401e+000  4.118313e+001  7.699311e-002
      vertex  2.532402e+000  4.109540e+001  8.610711e-002
      vertex  2.517286e+000  4.110745e+001  5.297123e-002
    endloop
  endfacet
  facet normal  9.396793e-001  2.596330e-001 -2.226960e-001
    outer loop
      vertex  2.535846e+000  4.104617e+001  4.994775e-002
      vertex  2.525370e+000  4.106928e+001  3.268114e-002
      vertex  2.534246e+000  4.106893e+001  6.972961e-002
    endloop
  endfacet
  facet normal  9.245919e-001  3.120063e-001 -2.185906e-001
    outer loop
      vertex  2.534246e+000  4.106893e+001  6.972961e-002
      vertex  2.525370e+000  4.106928e+001  3.268114e-002
      vertex  2.517286e+000  4.110745e+001  5.297123e-002
    endloop
  endfacet
  facet normal  9.105061e-001  2.615751e-001 -3.202453e-001
    outer loop
      vertex  2.534246e+000  4.106893e+001  6.972961e-002
      vertex  2.517286e+000  4.110745e+001  5.297123e-002
      vertex  2.532402e+000  4.109540e+001  8.610711e-002
    endloop
  endfacet
  facet normal  8.165954e-001  2.524244e-001  5.190894e-001
    outer loop
      vertex  2.524238e+000  4.121599e+001 -1.319279e-001
      vertex  2.491398e+000  4.123152e+001 -8.782034e-002
      vertex  2.532391e+000  4.109556e+001 -8.619054e-002
    endloop
  endfacet
  facet normal  8.904281e-001  2.728291e-001  3.642831e-001
    outer loop
      vertex  2.532391e+000  4.109556e+001 -8.619054e-002
      vertex  2.491398e+000  4.123152e+001 -8.782034e-002
      vertex  2.507490e+000  4.115411e+001 -6.917506e-002
    endloop
  endfacet
  facet normal  8.944401e-001  2.787888e-001  3.496481e-001
    outer loop
      vertex  2.532391e+000  4.109556e+001 -8.619054e-002
      vertex  2.507490e+000  4.115411e+001 -6.917506e-002
      vertex  2.534243e+000  4.106897e+001 -6.973125e-002
    endloop
  endfacet
  facet normal  9.221218e-001  2.880847e-001  2.582606e-001
    outer loop
      vertex  2.534243e+000  4.106897e+001 -6.973125e-002
      vertex  2.507490e+000  4.115411e+001 -6.917506e-002
      vertex  2.519801e+000  4.109489e+001 -4.708029e-002
    endloop
  endfacet
  facet normal  9.221247e-001  2.885278e-001  2.577552e-001
    outer loop
      vertex  2.534243e+000  4.106897e+001 -6.973125e-002
      vertex  2.519801e+000  4.109489e+001 -4.708029e-002
      vertex  2.535850e+000  4.104612e+001 -4.989697e-002
    endloop
  endfacet
  facet normal  9.399173e-001  2.998396e-001  1.632532e-001
    outer loop
      vertex  2.535850e+000  4.104612e+001 -4.989697e-002
      vertex  2.519801e+000  4.109489e+001 -4.708029e-002
      vertex  2.526108e+000  4.106622e+001 -3.071988e-002
    endloop
  endfacet
  facet normal  9.370717e-001  3.191423e-001  1.415803e-001
    outer loop
      vertex  2.535850e+000  4.104612e+001 -4.989697e-002
      vertex  2.526108e+000  4.106622e+001 -3.071988e-002
      vertex  2.527673e+000  4.105843e+001 -2.351588e-002
    endloop
  endfacet
  facet normal  2.620578e-001  1.377429e-001  9.551715e-001
    outer loop
      vertex -1.319279e-001  4.121599e+001  2.524238e+000
      vertex -8.889108e-001  4.381466e+001  2.357174e+000
      vertex -5.931142e-001  4.249691e+001  2.466049e+000
    endloop
  endfacet
  facet normal -2.363290e-001  1.892128e-002  9.714889e-001
    outer loop
      vertex -9.607934e-001  4.379770e+001  2.351271e+000
      vertex -5.931142e-001  4.249691e+001  2.466049e+000
      vertex -9.262751e-001  4.380695e+001  2.359488e+000
    endloop
  endfacet
  facet normal -4.100966e-001  1.975726e-002  9.118281e-001
    outer loop
      vertex -1.405645e+000  4.646333e+001  2.115600e+000
      vertex -1.216703e+000  4.512265e+001  2.229626e+000
      vertex -1.367891e+000  4.646880e+001  2.132461e+000
    endloop
  endfacet
  facet normal  4.268719e-002  9.178004e-002  9.948639e-001
    outer loop
      vertex -5.931142e-001  4.249691e+001  2.466049e+000
      vertex -8.889108e-001  4.381466e+001  2.357174e+000
      vertex -9.262751e-001  4.380695e+001  2.359488e+000
    endloop
  endfacet
  facet normal  5.628633e-001  1.414135e-001  8.143631e-001
    outer loop
      vertex -1.063702e+000  4.511535e+001  2.209940e+000
      vertex -1.247540e+000  4.647986e+001  2.100057e+000
      vertex -1.281644e+000  4.647782e+001  2.123983e+000
    endloop
  endfacet
  facet normal  5.267687e-001  3.067026e-002 -8.494552e-001
    outer loop
      vertex -1.063702e+000  4.511535e+001  2.209940e+000
      vertex -1.281644e+000  4.647782e+001  2.123983e+000
      vertex -5.303678e-001  4.251310e+001  2.446718e+000
    endloop
  endfacet
  facet normal  4.548574e-001  1.727169e-001  8.736553e-001
    outer loop
      vertex -1.063702e+000  4.511535e+001  2.209940e+000
      vertex -5.303678e-001  4.251310e+001  2.446718e+000
      vertex -4.002926e-001  4.215842e+001  2.449113e+000
    endloop
  endfacet
  facet normal  1.333911e-001  9.441827e-002  9.865556e-001
    outer loop
      vertex -1.848849e-001  4.119651e+001  2.533262e+000
      vertex -1.319279e-001  4.121599e+001  2.524238e+000
      vertex -4.819168e-001  4.202781e+001  2.493864e+000
    endloop
  endfacet
  facet normal  1.116250e-001  8.516701e-002  9.900942e-001
    outer loop
      vertex -4.819168e-001  4.202781e+001  2.493864e+000
      vertex -1.319279e-001  4.121599e+001  2.524238e+000
      vertex -5.931142e-001  4.249691e+001  2.466049e+000
    endloop
  endfacet
  facet normal -5.342183e-001 -7.671797e-002  8.418581e-001
    outer loop
      vertex -4.819168e-001  4.202781e+001  2.493864e+000
      vertex -5.931142e-001  4.249691e+001  2.466049e+000
      vertex -9.607934e-001  4.379770e+001  2.351271e+000
    endloop
  endfacet
  facet normal  5.326838e-001  2.168952e-001  8.180492e-001
    outer loop
      vertex -8.782034e-002  4.123152e+001  2.491398e+000
      vertex -4.002926e-001  4.215842e+001  2.449113e+000
      vertex -1.319279e-001  4.121599e+001  2.524238e+000
    endloop
  endfacet
  facet normal  6.451086e-001  2.414859e-001  7.249271e-001
    outer loop
      vertex -1.319279e-001  4.121599e+001  2.524238e+000
      vertex -4.002926e-001  4.215842e+001  2.449113e+000
      vertex -5.303678e-001  4.251310e+001  2.446718e+000
    endloop
  endfacet
  facet normal -2.713293e-001 -1.402535e-001 -9.522129e-001
    outer loop
      vertex -1.319279e-001  4.121599e+001  2.524238e+000
      vertex -5.303678e-001  4.251310e+001  2.446718e+000
      vertex -8.889108e-001  4.381466e+001  2.357174e+000
    endloop
  endfacet
  facet normal  1.442019e-001  1.073999e-001  9.837027e-001
    outer loop
      vertex -5.303678e-001  4.251310e+001  2.446718e+000
      vertex -1.281644e+000  4.647782e+001  2.123983e+000
      vertex -8.889108e-001  4.381466e+001  2.357174e+000
    endloop
  endfacet
  facet normal  2.574112e-001  1.218952e-001  9.585829e-001
    outer loop
      vertex -8.889108e-001  4.381466e+001  2.357174e+000
      vertex -1.281644e+000  4.647782e+001  2.123983e+000
      vertex -1.324083e+000  4.647396e+001  2.135870e+000
    endloop
  endfacet
  facet normal  4.309338e-002  8.985639e-002  9.950220e-001
    outer loop
      vertex -8.889108e-001  4.381466e+001  2.357174e+000
      vertex -1.324083e+000  4.647396e+001  2.135870e+000
      vertex -9.262751e-001  4.380695e+001  2.359488e+000
    endloop
  endfacet
  facet normal -8.564425e-002  7.055342e-002  9.938245e-001
    outer loop
      vertex -9.262751e-001  4.380695e+001  2.359488e+000
      vertex -1.324083e+000  4.647396e+001  2.135870e+000
      vertex -1.367891e+000  4.646880e+001  2.132461e+000
    endloop
  endfacet
  facet normal -2.421329e-001  4.250060e-002  9.693118e-001
    outer loop
      vertex -9.262751e-001  4.380695e+001  2.359488e+000
      vertex -1.367891e+000  4.646880e+001  2.132461e+000
      vertex -9.607934e-001  4.379770e+001  2.351271e+000
    endloop
  endfacet
  facet normal -2.357643e-001  4.359568e-002  9.708319e-001
    outer loop
      vertex -9.607934e-001  4.379770e+001  2.351271e+000
      vertex -1.367891e+000  4.646880e+001  2.132461e+000
      vertex -1.216703e+000  4.512265e+001  2.229626e+000
    endloop
  endfacet
  facet normal -2.409070e-001  9.233882e-001  2.988610e-001
    outer loop
      vertex  3.892242e-001  5.080000e+001  7.053591e-001
      vertex  1.420977e-001  5.079036e+001  5.359383e-001
      vertex  3.271238e-001  5.076280e+001  7.702286e-001
    endloop
  endfacet
  facet normal -1.347785e-001  9.808228e-001  1.407882e-001
    outer loop
      vertex  3.892242e-001  5.080000e+001  7.053591e-001
      vertex  1.756442e-001  5.080000e+001  5.008960e-001
      vertex  1.420977e-001  5.079036e+001  5.359383e-001
    endloop
  endfacet
  facet normal -6.772152e-001  2.002053e-001  7.080237e-001
    outer loop
      vertex  3.013999e-001  5.067300e+001  7.970995e-001
      vertex  9.466308e-002  5.072205e+001  5.854880e-001
      vertex  8.782209e-002  5.067364e+001  5.926341e-001
    endloop
  endfacet
  facet normal -6.150240e-001  3.824978e-001  6.895222e-001
    outer loop
      vertex  3.013999e-001  5.067300e+001  7.970995e-001
      vertex  3.271238e-001  5.076280e+001  7.702286e-001
      vertex  9.466308e-002  5.072205e+001  5.854880e-001
    endloop
  endfacet
  facet normal -5.715271e-001  5.657602e-001  5.943670e-001
    outer loop
      vertex  3.271238e-001  5.076280e+001  7.702286e-001
      vertex  1.139338e-001  5.076267e+001  5.653580e-001
      vertex  9.466308e-002  5.072205e+001  5.854880e-001
    endloop
  endfacet
  facet normal -3.898576e-001  8.269609e-001  4.051500e-001
    outer loop
      vertex  3.271238e-001  5.076280e+001  7.702286e-001
      vertex  1.420977e-001  5.079036e+001  5.359383e-001
      vertex  1.139338e-001  5.076267e+001  5.653580e-001
    endloop
  endfacet
  facet normal  2.100865e-001  9.548442e-001  2.100865e-001
    outer loop
      vertex  7.053591e-001  5.080000e+001  3.892242e-001
      vertex  3.892242e-001  5.080000e+001  7.053591e-001
      vertex  7.663841e-001  5.077916e+001  4.228984e-001
    endloop
  endfacet
  facet normal  2.100865e-001  9.548441e-001  2.100865e-001
    outer loop
      vertex  7.663841e-001  5.077916e+001  4.228984e-001
      vertex  3.892242e-001  5.080000e+001  7.053591e-001
      vertex  4.228984e-001  5.077916e+001  7.663841e-001
    endloop
  endfacet
  facet normal  5.499482e-001  6.285809e-001  5.499482e-001
    outer loop
      vertex  7.663841e-001  5.077916e+001  4.228984e-001
      vertex  4.228984e-001  5.077916e+001  7.663841e-001
      vertex  8.073861e-001  5.072350e+001  4.455237e-001
    endloop
  endfacet
  facet normal  5.499483e-001  6.285807e-001  5.499483e-001
    outer loop
      vertex  8.073861e-001  5.072350e+001  4.455237e-001
      vertex  4.228984e-001  5.077916e+001  7.663841e-001
      vertex  4.455237e-001  5.072350e+001  8.073861e-001
    endloop
  endfacet
  facet normal  8.200049e-001  1.235942e-001 -5.588526e-001
    outer loop
      vertex  1.894707e+000  4.743565e+001  1.195955e+000
      vertex  7.970995e-001  5.067300e+001  3.013999e-001
      vertex  1.915039e+000  4.745081e+001  1.229141e+000
    endloop
  endfacet
  facet normal  8.003500e-001  1.078796e-001 -5.897472e-001
    outer loop
      vertex  1.915039e+000  4.745081e+001  1.229141e+000
      vertex  7.970995e-001  5.067300e+001  3.013999e-001
      vertex  8.176047e-001  5.069015e+001  3.323642e-001
    endloop
  endfacet
  facet normal  9.335586e-001  2.434488e-001 -2.630606e-001
    outer loop
      vertex  1.915039e+000  4.745081e+001  1.229141e+000
      vertex  8.176047e-001  5.069015e+001  3.323642e-001
      vertex  1.923439e+000  4.746355e+001  1.270742e+000
    endloop
  endfacet
  facet normal  9.065840e-001  3.556566e-001  2.271869e-001
    outer loop
      vertex  8.073861e-001  5.072350e+001  4.455237e-001
      vertex  1.009095e+000  5.007575e+001  6.546396e-001
      vertex  8.262877e-001  5.071128e+001  3.892252e-001
    endloop
  endfacet
  facet normal  8.769240e-001  3.768354e-001  2.983275e-001
    outer loop
      vertex  8.262877e-001  5.071128e+001  3.892252e-001
      vertex  1.009095e+000  5.007575e+001  6.546396e-001
      vertex  1.083294e+000  4.990479e+001  6.524876e-001
    endloop
  endfacet
  facet normal  9.466277e-001  2.269485e-001 -2.288893e-001
    outer loop
      vertex  8.262877e-001  5.071128e+001  3.892252e-001
      vertex  1.083294e+000  4.990479e+001  6.524876e-001
      vertex  8.176047e-001  5.069015e+001  3.323642e-001
    endloop
  endfacet
  facet normal  9.421548e-001  3.332744e-001  3.567213e-002
    outer loop
      vertex  8.176047e-001  5.069015e+001  3.323642e-001
      vertex  1.083294e+000  4.990479e+001  6.524876e-001
      vertex  1.923439e+000  4.746355e+001  1.270742e+000
    endloop
  endfacet
  facet normal  8.794860e-001  3.780639e-001  2.890883e-001
    outer loop
      vertex  1.009095e+000  5.007575e+001  6.546396e-001
      vertex  1.898820e+000  4.747325e+001  1.351346e+000
      vertex  1.083294e+000  4.990479e+001  6.524876e-001
    endloop
  endfacet
  facet normal  8.329302e-001  3.917073e-001  3.908872e-001
    outer loop
      vertex  1.083294e+000  4.990479e+001  6.524876e-001
      vertex  1.898820e+000  4.747325e+001  1.351346e+000
      vertex  1.917283e+000  4.747133e+001  1.313931e+000
    endloop
  endfacet
  facet normal  9.373304e-001  3.408729e-001  7.223134e-002
    outer loop
      vertex  1.083294e+000  4.990479e+001  6.524876e-001
      vertex  1.917283e+000  4.747133e+001  1.313931e+000
      vertex  1.923439e+000  4.746355e+001  1.270742e+000
    endloop
  endfacet
  facet normal  9.551715e-001  1.377429e-001 -2.620578e-001
    outer loop
      vertex  2.524238e+000  4.121599e+001  1.319279e-001
      vertex  2.357174e+000  4.381466e+001  8.889108e-001
      vertex  2.466049e+000  4.249691e+001  5.931142e-001
    endloop
  endfacet
  facet normal  9.714889e-001  1.892128e-002  2.363290e-001
    outer loop
      vertex  2.351271e+000  4.379770e+001  9.607934e-001
      vertex  2.466049e+000  4.249691e+001  5.931142e-001
      vertex  2.359488e+000  4.380695e+001  9.262751e-001
    endloop
  endfacet
  facet normal  9.118281e-001  1.975726e-002  4.100966e-001
    outer loop
      vertex  2.115600e+000  4.646333e+001  1.405645e+000
      vertex  2.229626e+000  4.512265e+001  1.216703e+000
      vertex  2.132461e+000  4.646880e+001  1.367891e+000
    endloop
  endfacet
  facet normal  9.948639e-001  9.178004e-002 -4.268719e-002
    outer loop
      vertex  2.466049e+000  4.249691e+001  5.931142e-001
      vertex  2.357174e+000  4.381466e+001  8.889108e-001
      vertex  2.359488e+000  4.380695e+001  9.262751e-001
    endloop
  endfacet
  facet normal  8.143631e-001  1.414135e-001 -5.628633e-001
    outer loop
      vertex  2.209940e+000  4.511535e+001  1.063702e+000
      vertex  2.100057e+000  4.647986e+001  1.247540e+000
      vertex  2.123983e+000  4.647782e+001  1.281644e+000
    endloop
  endfacet
  facet normal -8.494552e-001  3.067026e-002 -5.267687e-001
    outer loop
      vertex  2.209940e+000  4.511535e+001  1.063702e+000
      vertex  2.123983e+000  4.647782e+001  1.281644e+000
      vertex  2.446718e+000  4.251310e+001  5.303678e-001
    endloop
  endfacet
  facet normal  8.736553e-001  1.727169e-001 -4.548574e-001
    outer loop
      vertex  2.209940e+000  4.511535e+001  1.063702e+000
      vertex  2.446718e+000  4.251310e+001  5.303678e-001
      vertex  2.449113e+000  4.215842e+001  4.002926e-001
    endloop
  endfacet
  facet normal  9.865556e-001  9.441827e-002 -1.333911e-001
    outer loop
      vertex  2.533262e+000  4.119651e+001  1.848849e-001
      vertex  2.524238e+000  4.121599e+001  1.319279e-001
      vertex  2.493864e+000  4.202781e+001  4.819168e-001
    endloop
  endfacet
  facet normal  9.900942e-001  8.516701e-002 -1.116250e-001
    outer loop
      vertex  2.493864e+000  4.202781e+001  4.819168e-001
      vertex  2.524238e+000  4.121599e+001  1.319279e-001
      vertex  2.466049e+000  4.249691e+001  5.931142e-001
    endloop
  endfacet
  facet normal  8.418583e-001 -7.671798e-002  5.342183e-001
    outer loop
      vertex  2.493864e+000  4.202781e+001  4.819168e-001
      vertex  2.466049e+000  4.249691e+001  5.931142e-001
      vertex  2.351271e+000  4.379770e+001  9.607934e-001
    endloop
  endfacet
  facet normal  8.180492e-001  2.168952e-001 -5.326838e-001
    outer loop
      vertex  2.491398e+000  4.123152e+001  8.782034e-002
      vertex  2.449113e+000  4.215842e+001  4.002926e-001
      vertex  2.524238e+000  4.121599e+001  1.319279e-001
    endloop
  endfacet
  facet normal  7.249271e-001  2.414859e-001 -6.451086e-001
    outer loop
      vertex  2.524238e+000  4.121599e+001  1.319279e-001
      vertex  2.449113e+000  4.215842e+001  4.002926e-001
      vertex  2.446718e+000  4.251310e+001  5.303678e-001
    endloop
  endfacet
  facet normal -9.522129e-001 -1.402535e-001  2.713293e-001
    outer loop
      vertex  2.524238e+000  4.121599e+001  1.319279e-001
      vertex  2.446718e+000  4.251310e+001  5.303678e-001
      vertex  2.357174e+000  4.381466e+001  8.889108e-001
    endloop
  endfacet
  facet normal  9.837027e-001  1.073999e-001 -1.442019e-001
    outer loop
      vertex  2.446718e+000  4.251310e+001  5.303678e-001
      vertex  2.123983e+000  4.647782e+001  1.281644e+000
      vertex  2.357174e+000  4.381466e+001  8.889108e-001
    endloop
  endfacet
  facet normal  9.585829e-001  1.218952e-001 -2.574112e-001
    outer loop
      vertex  2.357174e+000  4.381466e+001  8.889108e-001
      vertex  2.123983e+000  4.647782e+001  1.281644e+000
      vertex  2.135870e+000  4.647396e+001  1.324083e+000
    endloop
  endfacet
  facet normal  9.950220e-001  8.985639e-002 -4.309338e-002
    outer loop
      vertex  2.357174e+000  4.381466e+001  8.889108e-001
      vertex  2.135870e+000  4.647396e+001  1.324083e+000
      vertex  2.359488e+000  4.380695e+001  9.262751e-001
    endloop
  endfacet
  facet normal  9.938245e-001  7.055342e-002  8.564425e-002
    outer loop
      vertex  2.359488e+000  4.380695e+001  9.262751e-001
      vertex  2.135870e+000  4.647396e+001  1.324083e+000
      vertex  2.132461e+000  4.646880e+001  1.367891e+000
    endloop
  endfacet
  facet normal  9.693118e-001  4.250060e-002  2.421329e-001
    outer loop
      vertex  2.359488e+000  4.380695e+001  9.262751e-001
      vertex  2.132461e+000  4.646880e+001  1.367891e+000
      vertex  2.351271e+000  4.379770e+001  9.607934e-001
    endloop
  endfacet
  facet normal  9.708319e-001  4.359568e-002  2.357643e-001
    outer loop
      vertex  2.351271e+000  4.379770e+001  9.607934e-001
      vertex  2.132461e+000  4.646880e+001  1.367891e+000
      vertex  2.229626e+000  4.512265e+001  1.216703e+000
    endloop
  endfacet
  facet normal  1.394416e-001  3.205876e-001  9.368989e-001
    outer loop
      vertex -2.230069e-002  4.105706e+001  2.528006e+000
      vertex -3.268114e-002  4.106928e+001  2.525370e+000
      vertex -4.994775e-002  4.104617e+001  2.535846e+000
    endloop
  endfacet
  facet normal  1.544083e-001  2.883989e-001  9.449784e-001
    outer loop
      vertex -4.994775e-002  4.104617e+001  2.535846e+000
      vertex -2.609825e-002  4.102954e+001  2.537025e+000
      vertex -2.230069e-002  4.105706e+001  2.528006e+000
    endloop
  endfacet
  facet normal  7.402220e-002  3.013465e-001  9.506372e-001
    outer loop
      vertex -2.230069e-002  4.105706e+001  2.528006e+000
      vertex -2.609825e-002  4.102954e+001  2.537025e+000
      vertex -1.295140e-002  4.105035e+001  2.529403e+000
    endloop
  endfacet
  facet normal  6.055561e-002  3.092697e-001  9.490445e-001
    outer loop
      vertex -1.295140e-002  4.105035e+001  2.529403e+000
      vertex -2.609825e-002  4.102954e+001  2.537025e+000
      vertex  1.286468e-005  4.102300e+001  2.537491e+000
    endloop
  endfacet
  facet normal  2.987911e-002  2.963750e-001  9.546042e-001
    outer loop
      vertex -1.295140e-002  4.105035e+001  2.529403e+000
      vertex  1.286468e-005  4.102300e+001  2.537491e+000
      vertex -2.195035e-004  4.104747e+001  2.529899e+000
    endloop
  endfacet
  facet normal  3.122782e-003  2.962741e-001  9.550979e-001
    outer loop
      vertex  2.741184e-003  4.104785e+001  2.529773e+000
      vertex -2.195035e-004  4.104747e+001  2.529899e+000
      vertex  1.286468e-005  4.102300e+001  2.537491e+000
    endloop
  endfacet
  facet normal -5.823242e-002  3.019107e-001  9.515560e-001
    outer loop
      vertex  1.286468e-005  4.102300e+001  2.537491e+000
      vertex  2.608451e-002  4.102948e+001  2.537029e+000
      vertex  2.741184e-003  4.104785e+001  2.529773e+000
    endloop
  endfacet
  facet normal -4.269873e-002  3.196833e-001  9.465618e-001
    outer loop
      vertex  2.608451e-002  4.102948e+001  2.537029e+000
      vertex  1.486833e-002  4.105227e+001  2.528829e+000
      vertex  2.741184e-003  4.104785e+001  2.529773e+000
    endloop
  endfacet
  facet normal -8.634111e-002  2.994994e-001  9.501817e-001
    outer loop
      vertex  2.351588e-002  4.105843e+001  2.527673e+000
      vertex  1.486833e-002  4.105227e+001  2.528829e+000
      vertex  2.608451e-002  4.102948e+001  2.537029e+000
    endloop
  endfacet
  facet normal -1.566958e-001  2.911760e-001  9.437495e-001
    outer loop
      vertex  2.608451e-002  4.102948e+001  2.537029e+000
      vertex  4.989697e-002  4.104612e+001  2.535850e+000
      vertex  2.351588e-002  4.105843e+001  2.527673e+000
    endloop
  endfacet
  facet normal  1.258056e-001  1.145171e-001  9.854231e-001
    outer loop
      vertex -1.319279e-001  4.121599e+001  2.524238e+000
      vertex -1.848849e-001  4.119651e+001  2.533262e+000
      vertex -8.610711e-002  4.109540e+001  2.532402e+000
    endloop
  endfacet
  facet normal  9.053109e-002  7.999398e-002  9.926757e-001
    outer loop
      vertex -8.610711e-002  4.109540e+001  2.532402e+000
      vertex -1.848849e-001  4.119651e+001  2.533262e+000
      vertex -1.185986e-001  4.107226e+001  2.537230e+000
    endloop
  endfacet
  facet normal  6.811094e-002  1.112158e-001  9.914595e-001
    outer loop
      vertex -8.610711e-002  4.109540e+001  2.532402e+000
      vertex -1.185986e-001  4.107226e+001  2.537230e+000
      vertex -6.972961e-002  4.106893e+001  2.534246e+000
    endloop
  endfacet
  facet normal  6.714547e-002  9.550475e-002  9.931619e-001
    outer loop
      vertex -6.972961e-002  4.106893e+001  2.534246e+000
      vertex -1.185986e-001  4.107226e+001  2.537230e+000
      vertex -8.769967e-002  4.103748e+001  2.538486e+000
    endloop
  endfacet
  facet normal  4.445442e-002  1.084601e-001  9.931064e-001
    outer loop
      vertex -6.972961e-002  4.106893e+001  2.534246e+000
      vertex -8.769967e-002  4.103748e+001  2.538486e+000
      vertex -4.994775e-002  4.104617e+001  2.535846e+000
    endloop
  endfacet
  facet normal  4.739909e-002  9.602571e-002  9.942497e-001
    outer loop
      vertex -4.994775e-002  4.104617e+001  2.535846e+000
      vertex -8.769967e-002  4.103748e+001  2.538486e+000
      vertex -6.827956e-002  4.102171e+001  2.539082e+000
    endloop
  endfacet
  facet normal  2.794906e-002  1.105014e-001  9.934829e-001
    outer loop
      vertex -4.994775e-002  4.104617e+001  2.535846e+000
      vertex -6.827956e-002  4.102171e+001  2.539082e+000
      vertex -2.609825e-002  4.102954e+001  2.537025e+000
    endloop
  endfacet
  facet normal  2.966596e-002  1.014891e-001  9.943942e-001
    outer loop
      vertex -2.609825e-002  4.102954e+001  2.537025e+000
      vertex -6.827956e-002  4.102171e+001  2.539082e+000
      vertex -2.411353e-002  4.100093e+001  2.539886e+000
    endloop
  endfacet
  facet normal  7.301924e-003  9.999437e-002  9.949613e-001
    outer loop
      vertex -2.609825e-002  4.102954e+001  2.537025e+000
      vertex -2.411353e-002  4.100093e+001  2.539886e+000
      vertex  1.286468e-005  4.102300e+001  2.537491e+000
    endloop
  endfacet
  facet normal  7.829145e-003  9.942374e-002  9.950144e-001
    outer loop
      vertex  1.286468e-005  4.102300e+001  2.537491e+000
      vertex -2.411353e-002  4.100093e+001  2.539886e+000
      vertex  6.938894e-018  4.099789e+001  2.540000e+000
    endloop
  endfacet
  facet normal -7.098150e-003  9.943184e-002  9.950191e-001
    outer loop
      vertex  1.286468e-005  4.102300e+001  2.537491e+000
      vertex  6.938894e-018  4.099789e+001  2.540000e+000
      vertex  2.608451e-002  4.102948e+001  2.537029e+000
    endloop
  endfacet
  facet normal -6.126033e-003  9.863737e-002  9.951045e-001
    outer loop
      vertex  2.608451e-002  4.102948e+001  2.537029e+000
      vertex  6.938894e-018  4.099789e+001  2.540000e+000
      vertex  1.896284e-002  4.099978e+001  2.539929e+000
    endloop
  endfacet
  facet normal -2.415527e-002  1.028910e-001  9.943992e-001
    outer loop
      vertex  2.608451e-002  4.102948e+001  2.537029e+000
      vertex  1.896284e-002  4.099978e+001  2.539929e+000
      vertex  5.466569e-002  4.101316e+001  2.539412e+000
    endloop
  endfacet
  facet normal -1.307913e-001  1.013303e-001  9.862180e-001
    outer loop
      vertex  1.848849e-001  4.119651e+001  2.533262e+000
      vertex  1.319279e-001  4.121599e+001  2.524238e+000
      vertex  1.185853e-001  4.107232e+001  2.537230e+000
    endloop
  endfacet
  facet normal -7.860696e-002  9.702258e-002  9.921733e-001
    outer loop
      vertex  1.185853e-001  4.107232e+001  2.537230e+000
      vertex  1.319279e-001  4.121599e+001  2.524238e+000
      vertex  8.619054e-002  4.109556e+001  2.532391e+000
    endloop
  endfacet
  facet normal -7.467086e-002  1.024580e-001  9.919307e-001
    outer loop
      vertex  1.185853e-001  4.107232e+001  2.537230e+000
      vertex  8.619054e-002  4.109556e+001  2.532391e+000
      vertex  8.675608e-002  4.103665e+001  2.538518e+000
    endloop
  endfacet
  facet normal -5.426145e-002  1.027883e-001  9.932222e-001
    outer loop
      vertex  8.675608e-002  4.103665e+001  2.538518e+000
      vertex  8.619054e-002  4.109556e+001  2.532391e+000
      vertex  6.973125e-002  4.106897e+001  2.534243e+000
    endloop
  endfacet
  facet normal -4.943761e-002  1.053272e-001  9.932079e-001
    outer loop
      vertex  8.675608e-002  4.103665e+001  2.538518e+000
      vertex  6.973125e-002  4.106897e+001  2.534243e+000
      vertex  5.466569e-002  4.101316e+001  2.539412e+000
    endloop
  endfacet
  facet normal -3.708748e-002  1.020748e-001  9.940851e-001
    outer loop
      vertex  5.466569e-002  4.101316e+001  2.539412e+000
      vertex  6.973125e-002  4.106897e+001  2.534243e+000
      vertex  4.989697e-002  4.104612e+001  2.535850e+000
    endloop
  endfacet
  facet normal -2.347484e-002  1.040669e-001  9.942932e-001
    outer loop
      vertex  5.466569e-002  4.101316e+001  2.539412e+000
      vertex  4.989697e-002  4.104612e+001  2.535850e+000
      vertex  2.608451e-002  4.102948e+001  2.537029e+000
    endloop
  endfacet
  facet normal  5.071564e-001  2.818235e-001  8.144740e-001
    outer loop
      vertex -8.782034e-002  4.123152e+001  2.491398e+000
      vertex -1.319279e-001  4.121599e+001  2.524238e+000
      vertex -7.699311e-002  4.118313e+001  2.501401e+000
    endloop
  endfacet
  facet normal  4.930466e-001  2.438871e-001  8.351191e-001
    outer loop
      vertex -7.699311e-002  4.118313e+001  2.501401e+000
      vertex -1.319279e-001  4.121599e+001  2.524238e+000
      vertex -8.610711e-002  4.109540e+001  2.532402e+000
    endloop
  endfacet
  facet normal  3.086937e-001  2.882410e-001  9.064354e-001
    outer loop
      vertex -7.699311e-002  4.118313e+001  2.501401e+000
      vertex -8.610711e-002  4.109540e+001  2.532402e+000
      vertex -5.297123e-002  4.110745e+001  2.517286e+000
    endloop
  endfacet
  facet normal  2.226960e-001  2.596330e-001  9.396793e-001
    outer loop
      vertex -4.994775e-002  4.104617e+001  2.535846e+000
      vertex -3.268114e-002  4.106928e+001  2.525370e+000
      vertex -6.972961e-002  4.106893e+001  2.534246e+000
    endloop
  endfacet
  facet normal  2.185906e-001  3.120063e-001  9.245919e-001
    outer loop
      vertex -6.972961e-002  4.106893e+001  2.534246e+000
      vertex -3.268114e-002  4.106928e+001  2.525370e+000
      vertex -5.297123e-002  4.110745e+001  2.517286e+000
    endloop
  endfacet
  facet normal  3.202453e-001  2.615751e-001  9.105061e-001
    outer loop
      vertex -6.972961e-002  4.106893e+001  2.534246e+000
      vertex -5.297123e-002  4.110745e+001  2.517286e+000
      vertex -8.610711e-002  4.109540e+001  2.532402e+000
    endloop
  endfacet
  facet normal -5.190894e-001  2.524244e-001  8.165954e-001
    outer loop
      vertex  1.319279e-001  4.121599e+001  2.524238e+000
      vertex  8.782034e-002  4.123152e+001  2.491398e+000
      vertex  8.619054e-002  4.109556e+001  2.532391e+000
    endloop
  endfacet
  facet normal -3.642831e-001  2.728292e-001  8.904281e-001
    outer loop
      vertex  8.619054e-002  4.109556e+001  2.532391e+000
      vertex  8.782034e-002  4.123152e+001  2.491398e+000
      vertex  6.917506e-002  4.115411e+001  2.507490e+000
    endloop
  endfacet
  facet normal -3.496481e-001  2.787888e-001  8.944401e-001
    outer loop
      vertex  8.619054e-002  4.109556e+001  2.532391e+000
      vertex  6.917506e-002  4.115411e+001  2.507490e+000
      vertex  6.973125e-002  4.106897e+001  2.534243e+000
    endloop
  endfacet
  facet normal -2.582606e-001  2.880847e-001  9.221218e-001
    outer loop
      vertex  6.973125e-002  4.106897e+001  2.534243e+000
      vertex  6.917506e-002  4.115411e+001  2.507490e+000
      vertex  4.708029e-002  4.109489e+001  2.519801e+000
    endloop
  endfacet
  facet normal -2.577552e-001  2.885278e-001  9.221247e-001
    outer loop
      vertex  6.973125e-002  4.106897e+001  2.534243e+000
      vertex  4.708029e-002  4.109489e+001  2.519801e+000
      vertex  4.989697e-002  4.104612e+001  2.535850e+000
    endloop
  endfacet
  facet normal -1.632532e-001  2.998396e-001  9.399173e-001
    outer loop
      vertex  4.989697e-002  4.104612e+001  2.535850e+000
      vertex  4.708029e-002  4.109489e+001  2.519801e+000
      vertex  3.071988e-002  4.106622e+001  2.526108e+000
    endloop
  endfacet
  facet normal -1.415803e-001  3.191423e-001  9.370717e-001
    outer loop
      vertex  4.989697e-002  4.104612e+001  2.535850e+000
      vertex  3.071988e-002  4.106622e+001  2.526108e+000
      vertex  2.351588e-002  4.105843e+001  2.527673e+000
    endloop
  endfacet
  facet normal  1.452565e-001  5.744779e-001  8.055282e-001
    outer loop
      vertex  3.891059e-001  5.071124e+001  8.262979e-001
      vertex  4.455237e-001  5.072350e+001  8.073861e-001
      vertex  3.892242e-001  5.077533e+001  7.805691e-001
    endloop
  endfacet
  facet normal  2.367129e-001  6.367279e-001  7.338559e-001
    outer loop
      vertex  3.892242e-001  5.077533e+001  7.805691e-001
      vertex  4.455237e-001  5.072350e+001  8.073861e-001
      vertex  4.228984e-001  5.077916e+001  7.663841e-001
    endloop
  endfacet
  facet normal  2.319297e-002  9.499484e-001  3.115447e-001
    outer loop
      vertex  3.892242e-001  5.077533e+001  7.805691e-001
      vertex  4.228984e-001  5.077916e+001  7.663841e-001
      vertex  3.892242e-001  5.080000e+001  7.053591e-001
    endloop
  endfacet
  facet normal -6.479879e-001  3.826699e-001  6.585405e-001
    outer loop
      vertex  3.271238e-001  5.076280e+001  7.702286e-001
      vertex  3.013999e-001  5.067300e+001  7.970995e-001
      vertex  3.323619e-001  5.069014e+001  8.176037e-001
    endloop
  endfacet
  facet normal -3.106940e-001  5.033316e-001  8.063042e-001
    outer loop
      vertex  3.271238e-001  5.076280e+001  7.702286e-001
      vertex  3.323619e-001  5.069014e+001  8.176037e-001
      vertex  3.891059e-001  5.071124e+001  8.262979e-001
    endloop
  endfacet
  facet normal -2.450679e-001  5.634039e-001  7.889980e-001
    outer loop
      vertex  3.271238e-001  5.076280e+001  7.702286e-001
      vertex  3.891059e-001  5.071124e+001  8.262979e-001
      vertex  3.892242e-001  5.077533e+001  7.805691e-001
    endloop
  endfacet
  facet normal -2.367085e-001  9.231999e-001  3.027723e-001
    outer loop
      vertex  3.271238e-001  5.076280e+001  7.702286e-001
      vertex  3.892242e-001  5.077533e+001  7.805691e-001
      vertex  3.892242e-001  5.080000e+001  7.053591e-001
    endloop
  endfacet
  facet normal  8.806892e-001  2.118199e-001  4.236968e-001
    outer loop
      vertex  2.115600e+000  4.646333e+001  1.405645e+000
      vertex  1.917283e+000  4.747133e+001  1.313931e+000
      vertex  1.898820e+000  4.747325e+001  1.351346e+000
    endloop
  endfacet
  facet normal  9.493625e-001  1.903206e-001 -2.499775e-001
    outer loop
      vertex  1.915039e+000  4.745081e+001  1.229141e+000
      vertex  1.923439e+000  4.746355e+001  1.270742e+000
      vertex  2.135870e+000  4.647396e+001  1.324083e+000
    endloop
  endfacet
  facet normal  9.741954e-001  2.010068e-001  1.026628e-001
    outer loop
      vertex  1.917283e+000  4.747133e+001  1.313931e+000
      vertex  2.115600e+000  4.646333e+001  1.405645e+000
      vertex  1.923439e+000  4.746355e+001  1.270742e+000
    endloop
  endfacet
  facet normal  8.769109e-001  2.257052e-001  4.243637e-001
    outer loop
      vertex  1.923439e+000  4.746355e+001  1.270742e+000
      vertex  2.115600e+000  4.646333e+001  1.405645e+000
      vertex  2.132461e+000  4.646880e+001  1.367891e+000
    endloop
  endfacet
  facet normal  9.716185e-001  2.140052e-001  1.007923e-001
    outer loop
      vertex  1.923439e+000  4.746355e+001  1.270742e+000
      vertex  2.132461e+000  4.646880e+001  1.367891e+000
      vertex  2.135870e+000  4.647396e+001  1.324083e+000
    endloop
  endfacet
  facet normal  8.177685e-001  1.303838e-001 -5.605841e-001
    outer loop
      vertex  1.915039e+000  4.745081e+001  1.229141e+000
      vertex  2.135870e+000  4.647396e+001  1.324083e+000
      vertex  1.894707e+000  4.743565e+001  1.195955e+000
    endloop
  endfacet
  facet normal  9.472339e-001  2.046693e-001 -2.466953e-001
    outer loop
      vertex  1.894707e+000  4.743565e+001  1.195955e+000
      vertex  2.135870e+000  4.647396e+001  1.324083e+000
      vertex  2.123983e+000  4.647782e+001  1.281644e+000
    endloop
  endfacet
  facet normal  8.140795e-001  1.445462e-001 -5.624774e-001
    outer loop
      vertex  1.894707e+000  4.743565e+001  1.195955e+000
      vertex  2.123983e+000  4.647782e+001  1.281644e+000
      vertex  2.100057e+000  4.647986e+001  1.247540e+000
    endloop
  endfacet
  facet normal -3.296453e-001  1.558895e-001  9.311458e-001
    outer loop
      vertex  8.533521e-001  4.381929e+001  2.343800e+000
      vertex  1.319279e-001  4.121599e+001  2.524238e+000
      vertex  8.885302e-001  4.381301e+001  2.357305e+000
    endloop
  endfacet
  facet normal -5.326864e-001  2.168890e-001  8.180492e-001
    outer loop
      vertex  4.003161e-001  4.215843e+001  2.449135e+000
      vertex  8.782034e-002  4.123152e+001  2.491398e+000
      vertex  1.319279e-001  4.121599e+001  2.524238e+000
    endloop
  endfacet
  facet normal -7.915731e-001  1.788602e-001 -5.843124e-001
    outer loop
      vertex  4.003161e-001  4.215843e+001  2.449135e+000
      vertex  1.319279e-001  4.121599e+001  2.524238e+000
      vertex  8.533521e-001  4.381929e+001  2.343800e+000
    endloop
  endfacet
  facet normal -3.355412e-001  1.505031e-001  9.299253e-001
    outer loop
      vertex  4.003161e-001  4.215843e+001  2.449135e+000
      vertex  8.533521e-001  4.381929e+001  2.343800e+000
      vertex  1.063703e+000  4.511535e+001  2.209941e+000
    endloop
  endfacet
  facet normal  8.564406e-002  7.054818e-002  9.938250e-001
    outer loop
      vertex  1.367891e+000  4.646880e+001  2.132461e+000
      vertex  1.324083e+000  4.647396e+001  2.135870e+000
      vertex  9.258899e-001  4.380532e+001  2.359623e+000
    endloop
  endfacet
  facet normal -4.320848e-002  8.987434e-002  9.950154e-001
    outer loop
      vertex  9.258899e-001  4.380532e+001  2.359623e+000
      vertex  1.324083e+000  4.647396e+001  2.135870e+000
      vertex  8.885302e-001  4.381301e+001  2.357305e+000
    endloop
  endfacet
  facet normal -4.279823e-002  9.181722e-002  9.948557e-001
    outer loop
      vertex  9.258899e-001  4.380532e+001  2.359623e+000
      vertex  8.885302e-001  4.381301e+001  2.357305e+000
      vertex  5.930559e-001  4.249656e+001  2.466092e+000
    endloop
  endfacet
  facet normal -2.621518e-001  1.377688e-001  9.551420e-001
    outer loop
      vertex  5.930559e-001  4.249656e+001  2.466092e+000
      vertex  8.885302e-001  4.381301e+001  2.357305e+000
      vertex  1.319279e-001  4.121599e+001  2.524238e+000
    endloop
  endfacet
  facet normal  7.729454e-003  4.258032e-002  9.990631e-001
    outer loop
      vertex  5.930559e-001  4.249656e+001  2.466092e+000
      vertex  1.319279e-001  4.121599e+001  2.524238e+000
      vertex  5.802000e-001  4.234042e+001  2.472846e+000
    endloop
  endfacet
  facet normal -1.321352e-001  9.776052e-002  9.863991e-001
    outer loop
      vertex  5.802000e-001  4.234042e+001  2.472846e+000
      vertex  1.319279e-001  4.121599e+001  2.524238e+000
      vertex  1.848849e-001  4.119651e+001  2.533262e+000
    endloop
  endfacet
  facet normal -5.628632e-001  1.414136e-001  8.143631e-001
    outer loop
      vertex  1.247540e+000  4.647986e+001  2.100057e+000
      vertex  1.063703e+000  4.511535e+001  2.209941e+000
      vertex  1.281644e+000  4.647782e+001  2.123983e+000
    endloop
  endfacet
  facet normal -9.863749e-001  1.541559e-001 -5.744904e-002
    outer loop
      vertex  1.281644e+000  4.647782e+001  2.123983e+000
      vertex  1.063703e+000  4.511535e+001  2.209941e+000
      vertex  8.533521e-001  4.381929e+001  2.343800e+000
    endloop
  endfacet
  facet normal -2.575449e-001  1.207591e-001  9.586906e-001
    outer loop
      vertex  1.281644e+000  4.647782e+001  2.123983e+000
      vertex  8.533521e-001  4.381929e+001  2.343800e+000
      vertex  1.324083e+000  4.647396e+001  2.135870e+000
    endloop
  endfacet
  facet normal -3.345588e-001  1.324050e-001  9.330270e-001
    outer loop
      vertex  1.324083e+000  4.647396e+001  2.135870e+000
      vertex  8.533521e-001  4.381929e+001  2.343800e+000
      vertex  8.885302e-001  4.381301e+001  2.357305e+000
    endloop
  endfacet
  facet normal  4.100960e-001  1.975102e-002  9.118285e-001
    outer loop
      vertex  1.405645e+000  4.646333e+001  2.115600e+000
      vertex  1.367891e+000  4.646880e+001  2.132461e+000
      vertex  1.216412e+000  4.512093e+001  2.229785e+000
    endloop
  endfacet
  facet normal  2.370257e-001  4.344002e-002  9.705318e-001
    outer loop
      vertex  1.216412e+000  4.512093e+001  2.229785e+000
      vertex  1.367891e+000  4.646880e+001  2.132461e+000
      vertex  9.258899e-001  4.380532e+001  2.359623e+000
    endloop
  endfacet
  facet normal  2.416678e-001  4.230680e-002  9.694363e-001
    outer loop
      vertex  1.216412e+000  4.512093e+001  2.229785e+000
      vertex  9.258899e-001  4.380532e+001  2.359623e+000
      vertex  9.602717e-001  4.379541e+001  2.351484e+000
    endloop
  endfacet
  facet normal  2.162011e-001  2.441974e-002  9.760434e-001
    outer loop
      vertex  5.930559e-001  4.249656e+001  2.466092e+000
      vertex  5.802000e-001  4.234042e+001  2.472846e+000
      vertex  9.258899e-001  4.380532e+001  2.359623e+000
    endloop
  endfacet
  facet normal  2.356173e-001  1.949829e-002  9.716502e-001
    outer loop
      vertex  9.258899e-001  4.380532e+001  2.359623e+000
      vertex  5.802000e-001  4.234042e+001  2.472846e+000
      vertex  9.602717e-001  4.379541e+001  2.351484e+000
    endloop
  endfacet
  facet normal  3.183862e-001  3.740340e-001  8.710505e-001
    outer loop
      vertex  6.546396e-001  5.007575e+001  1.009095e+000
      vertex  4.455237e-001  5.072350e+001  8.073861e-001
      vertex  6.524876e-001  4.990479e+001  1.083294e+000
    endloop
  endfacet
  facet normal  2.247349e-001  3.617301e-001  9.047903e-001
    outer loop
      vertex  6.524876e-001  4.990479e+001  1.083294e+000
      vertex  4.455237e-001  5.072350e+001  8.073861e-001
      vertex  3.891059e-001  5.071124e+001  8.262979e-001
    endloop
  endfacet
  facet normal  3.037812e-001  3.779193e-001  8.745821e-001
    outer loop
      vertex  6.524876e-001  4.990479e+001  1.083294e+000
      vertex  3.891059e-001  5.071124e+001  8.262979e-001
      vertex  1.270742e+000  4.746355e+001  1.923439e+000
    endloop
  endfacet
  facet normal -2.375656e-001  2.523896e-001  9.380096e-001
    outer loop
      vertex  1.270742e+000  4.746355e+001  1.923439e+000
      vertex  3.891059e-001  5.071124e+001  8.262979e-001
      vertex  3.323619e-001  5.069014e+001  8.176037e-001
    endloop
  endfacet
  facet normal -2.630591e-001  2.434497e-001  9.335588e-001
    outer loop
      vertex  1.270742e+000  4.746355e+001  1.923439e+000
      vertex  3.323619e-001  5.069014e+001  8.176037e-001
      vertex  1.229141e+000  4.745081e+001  1.915039e+000
    endloop
  endfacet
  facet normal -5.898808e-001  1.083039e-001  8.001943e-001
    outer loop
      vertex  3.013999e-001  5.067300e+001  7.970995e-001
      vertex  1.195955e+000  4.743565e+001  1.894707e+000
      vertex  3.323619e-001  5.069014e+001  8.176037e-001
    endloop
  endfacet
  facet normal -5.587432e-001  1.231689e-001  8.201435e-001
    outer loop
      vertex  3.323619e-001  5.069014e+001  8.176037e-001
      vertex  1.195955e+000  4.743565e+001  1.894707e+000
      vertex  1.229141e+000  4.745081e+001  1.915039e+000
    endloop
  endfacet
  facet normal  3.913343e-001  3.897598e-001  8.336335e-001
    outer loop
      vertex  1.351346e+000  4.747325e+001  1.898820e+000
      vertex  6.546396e-001  5.007575e+001  1.009095e+000
      vertex  1.313931e+000  4.747133e+001  1.917283e+000
    endloop
  endfacet
  facet normal  2.828444e-001  3.788723e-001  8.811668e-001
    outer loop
      vertex  1.313931e+000  4.747133e+001  1.917283e+000
      vertex  6.546396e-001  5.007575e+001  1.009095e+000
      vertex  6.524876e-001  4.990479e+001  1.083294e+000
    endloop
  endfacet
  facet normal  7.223106e-002  3.408732e-001  9.373303e-001
    outer loop
      vertex  1.313931e+000  4.747133e+001  1.917283e+000
      vertex  6.524876e-001  4.990479e+001  1.083294e+000
      vertex  1.270742e+000  4.746355e+001  1.923439e+000
    endloop
  endfacet
  facet normal  4.239771e-001  2.118067e-001  8.805574e-001
    outer loop
      vertex  1.351346e+000  4.747325e+001  1.898820e+000
      vertex  1.367891e+000  4.646880e+001  2.132461e+000
      vertex  1.405645e+000  4.646333e+001  2.115600e+000
    endloop
  endfacet
  facet normal -2.486737e-001  1.904585e-001  9.496774e-001
    outer loop
      vertex  1.281644e+000  4.647782e+001  2.123983e+000
      vertex  1.324083e+000  4.647396e+001  2.135870e+000
      vertex  1.270742e+000  4.746355e+001  1.923439e+000
    endloop
  endfacet
  facet normal  1.020777e-001  2.269692e-001  9.685376e-001
    outer loop
      vertex  1.367891e+000  4.646880e+001  2.132461e+000
      vertex  1.351346e+000  4.747325e+001  1.898820e+000
      vertex  1.324083e+000  4.647396e+001  2.135870e+000
    endloop
  endfacet
  facet normal  4.255692e-001  1.978596e-001  8.830302e-001
    outer loop
      vertex  1.324083e+000  4.647396e+001  2.135870e+000
      vertex  1.351346e+000  4.747325e+001  1.898820e+000
      vertex  1.313931e+000  4.747133e+001  1.917283e+000
    endloop
  endfacet
  facet normal  9.997304e-002  2.139804e-001  9.717087e-001
    outer loop
      vertex  1.324083e+000  4.647396e+001  2.135870e+000
      vertex  1.313931e+000  4.747133e+001  1.917283e+000
      vertex  1.270742e+000  4.746355e+001  1.923439e+000
    endloop
  endfacet
  facet normal -5.606036e-001  1.591312e-001  8.126505e-001
    outer loop
      vertex  1.281644e+000  4.647782e+001  2.123983e+000
      vertex  1.270742e+000  4.746355e+001  1.923439e+000
      vertex  1.247540e+000  4.647986e+001  2.100057e+000
    endloop
  endfacet
  facet normal -2.465686e-001  1.768952e-001  9.528442e-001
    outer loop
      vertex  1.247540e+000  4.647986e+001  2.100057e+000
      vertex  1.270742e+000  4.746355e+001  1.923439e+000
      vertex  1.229141e+000  4.745081e+001  1.915039e+000
    endloop
  endfacet
  facet normal -5.640297e-001  1.442431e-001  8.130587e-001
    outer loop
      vertex  1.247540e+000  4.647986e+001  2.100057e+000
      vertex  1.229141e+000  4.745081e+001  1.915039e+000
      vertex  1.195955e+000  4.743565e+001  1.894707e+000
    endloop
  endfacet
  facet normal  1.703807e-001  2.900097e-001  9.417350e-001
    outer loop
      vertex -4.901543e-002  4.576675e+001  1.081727e+000
      vertex -5.297123e-002  4.110745e+001  2.517286e+000
      vertex -3.268114e-002  4.106928e+001  2.525370e+000
    endloop
  endfacet
  facet normal -5.801710e-001  2.973546e-001  7.582754e-001
    outer loop
      vertex  8.796874e-002  4.205511e+001  2.168546e+000
      vertex  6.917506e-002  4.115411e+001  2.507490e+000
      vertex  8.782034e-002  4.123152e+001  2.491398e+000
    endloop
  endfacet
  facet normal  6.109291e-001  2.890346e-001  7.370378e-001
    outer loop
      vertex -8.782034e-002  4.123152e+001  2.491398e+000
      vertex -7.699311e-002  4.118313e+001  2.501401e+000
      vertex -8.797078e-002  4.205511e+001  2.168548e+000
    endloop
  endfacet
  facet normal  1.029120e-001  2.925310e-001  9.507023e-001
    outer loop
      vertex -4.901543e-002  4.576675e+001  1.081727e+000
      vertex -3.268114e-002  4.106928e+001  2.525370e+000
      vertex -2.230069e-002  4.105706e+001  2.528006e+000
    endloop
  endfacet
  facet normal -9.855395e-001  4.945732e-002  1.620673e-001
    outer loop
      vertex -8.790117e-002  4.489750e+001  1.301571e+000
      vertex -8.797078e-002  4.205511e+001  2.168548e+000
      vertex -7.699311e-002  4.118313e+001  2.501401e+000
    endloop
  endfacet
  facet normal  3.237756e-001  2.916877e-001  9.000486e-001
    outer loop
      vertex -8.790117e-002  4.489750e+001  1.301571e+000
      vertex -7.699311e-002  4.118313e+001  2.501401e+000
      vertex -5.297123e-002  4.110745e+001  2.517286e+000
    endloop
  endfacet
  facet normal -7.686188e-001  1.889559e-001  6.111636e-001
    outer loop
      vertex -8.790117e-002  4.489750e+001  1.301571e+000
      vertex -5.297123e-002  4.110745e+001  2.517286e+000
      vertex -4.901543e-002  4.576675e+001  1.081727e+000
    endloop
  endfacet
  facet normal  8.040056e-001  1.117413e-001  5.840281e-001
    outer loop
      vertex -8.790117e-002  4.489750e+001  1.301571e+000
      vertex -4.901543e-002  4.576675e+001  1.081727e+000
      vertex -8.768722e-002  4.728489e+001  8.445016e-001
    endloop
  endfacet
  facet normal -1.959452e-001  1.027170e-001  9.752204e-001
    outer loop
      vertex  1.416506e-013  4.576478e+001  1.072086e+000
      vertex  4.901543e-002  4.576675e+001  1.081727e+000
      vertex  1.811560e-002  5.067387e+001  5.586662e-001
    endloop
  endfacet
  facet normal  1.609359e-001  1.020748e-001  9.816723e-001
    outer loop
      vertex  1.416506e-013  4.576478e+001  1.072086e+000
      vertex  1.811560e-002  5.067387e+001  5.586662e-001
      vertex -5.732676e-002  5.067379e+001  5.710430e-001
    endloop
  endfacet
  facet normal  1.959288e-001  1.018347e-001  9.753162e-001
    outer loop
      vertex  1.416506e-013  4.576478e+001  1.072086e+000
      vertex -5.732676e-002  5.067379e+001  5.710430e-001
      vertex -4.901543e-002  4.576675e+001  1.081727e+000
    endloop
  endfacet
  facet normal  1.959237e-001  2.888823e-001  9.371023e-001
    outer loop
      vertex  1.416506e-013  4.576478e+001  1.072086e+000
      vertex -4.901543e-002  4.576675e+001  1.081727e+000
      vertex -2.230069e-002  4.105706e+001  2.528006e+000
    endloop
  endfacet
  facet normal  6.870107e-002  2.944605e-001  9.531910e-001
    outer loop
      vertex  1.416506e-013  4.576478e+001  1.072086e+000
      vertex -2.230069e-002  4.105706e+001  2.528006e+000
      vertex -1.295140e-002  4.105035e+001  2.529403e+000
    endloop
  endfacet
  facet normal  2.958143e-002  2.951272e-001  9.549999e-001
    outer loop
      vertex  1.416506e-013  4.576478e+001  1.072086e+000
      vertex -1.295140e-002  4.105035e+001  2.529403e+000
      vertex -2.195035e-004  4.104747e+001  2.529899e+000
    endloop
  endfacet
  facet normal  3.264704e-003  2.952559e-001  9.554126e-001
    outer loop
      vertex  1.416506e-013  4.576478e+001  1.072086e+000
      vertex -2.195035e-004  4.104747e+001  2.529899e+000
      vertex  2.741184e-003  4.104785e+001  2.529773e+000
    endloop
  endfacet
  facet normal -3.308581e-002  2.950766e-001  9.549006e-001
    outer loop
      vertex  1.416506e-013  4.576478e+001  1.072086e+000
      vertex  2.741184e-003  4.104785e+001  2.529773e+000
      vertex  1.486833e-002  4.105227e+001  2.528829e+000
    endloop
  endfacet
  facet normal -8.221803e-002  2.940969e-001  9.522328e-001
    outer loop
      vertex  1.416506e-013  4.576478e+001  1.072086e+000
      vertex  1.486833e-002  4.105227e+001  2.528829e+000
      vertex  2.351588e-002  4.105843e+001  2.527673e+000
    endloop
  endfacet
  facet normal -1.107471e-001  2.931496e-001  9.496307e-001
    outer loop
      vertex  1.416506e-013  4.576478e+001  1.072086e+000
      vertex  2.351588e-002  4.105843e+001  2.527673e+000
      vertex  3.071988e-002  4.106622e+001  2.526108e+000
    endloop
  endfacet
  facet normal -1.466805e-001  2.915561e-001  9.452406e-001
    outer loop
      vertex  1.416506e-013  4.576478e+001  1.072086e+000
      vertex  3.071988e-002  4.106622e+001  2.526108e+000
      vertex  4.708029e-002  4.109489e+001  2.519801e+000
    endloop
  endfacet
  facet normal -8.736554e-001  8.220038e-002  4.795512e-001
    outer loop
      vertex  8.790424e-002  4.489750e+001  1.301574e+000
      vertex  8.769999e-002  4.825576e+001  7.255585e-001
      vertex  4.901543e-002  4.576675e+001  1.081727e+000
    endloop
  endfacet
  facet normal  9.848523e-001  9.468603e-003  1.731372e-001
    outer loop
      vertex  4.901543e-002  4.576675e+001  1.081727e+000
      vertex  8.769999e-002  4.825576e+001  7.255585e-001
      vertex  8.782209e-002  5.067364e+001  5.926341e-001
    endloop
  endfacet
  facet normal -4.359204e-001  9.267639e-002  8.952008e-001
    outer loop
      vertex  4.901543e-002  4.576675e+001  1.081727e+000
      vertex  8.782209e-002  5.067364e+001  5.926341e-001
      vertex  1.811560e-002  5.067387e+001  5.586662e-001
    endloop
  endfacet
  facet normal  7.442724e-001  1.948652e-001  6.388162e-001
    outer loop
      vertex  8.790424e-002  4.489750e+001  1.301574e+000
      vertex  4.901543e-002  4.576675e+001  1.081727e+000
      vertex  8.796874e-002  4.205511e+001  2.168546e+000
    endloop
  endfacet
  facet normal  9.300932e-001  1.121801e-001  3.497749e-001
    outer loop
      vertex  8.796874e-002  4.205511e+001  2.168546e+000
      vertex  4.901543e-002  4.576675e+001  1.081727e+000
      vertex  6.917506e-002  4.115411e+001  2.507490e+000
    endloop
  endfacet
  facet normal -1.959252e-001  2.888082e-001  9.371249e-001
    outer loop
      vertex  4.901543e-002  4.576675e+001  1.081727e+000
      vertex  1.416506e-013  4.576478e+001  1.072086e+000
      vertex  6.917506e-002  4.115411e+001  2.507490e+000
    endloop
  endfacet
  facet normal -2.467974e-001  2.846779e-001  9.263096e-001
    outer loop
      vertex  6.917506e-002  4.115411e+001  2.507490e+000
      vertex  1.416506e-013  4.576478e+001  1.072086e+000
      vertex  4.708029e-002  4.109489e+001  2.519801e+000
    endloop
  endfacet
  facet normal  5.765770e-001  6.058216e-002  8.147936e-001
    outer loop
      vertex -8.782034e-002  5.067364e+001  5.926324e-001
      vertex -8.768722e-002  4.728489e+001  8.445016e-001
      vertex -5.732676e-002  5.067379e+001  5.710430e-001
    endloop
  endfacet
  facet normal -9.092047e-001  4.157366e-002  4.142686e-001
    outer loop
      vertex -5.732676e-002  5.067379e+001  5.710430e-001
      vertex -8.768722e-002  4.728489e+001  8.445016e-001
      vertex -4.901543e-002  4.576675e+001  1.081727e+000
    endloop
  endfacet
  facet normal  9.417350e-001  2.900097e-001 -1.703807e-001
    outer loop
      vertex  1.081727e+000  4.576675e+001  4.901543e-002
      vertex  2.517286e+000  4.110745e+001  5.297123e-002
      vertex  2.525370e+000  4.106928e+001  3.268114e-002
    endloop
  endfacet
  facet normal  7.582754e-001  2.973546e-001  5.801710e-001
    outer loop
      vertex  2.168546e+000  4.205511e+001 -8.796874e-002
      vertex  2.507490e+000  4.115411e+001 -6.917506e-002
      vertex  2.491398e+000  4.123152e+001 -8.782034e-002
    endloop
  endfacet
  facet normal  7.370378e-001  2.890346e-001 -6.109291e-001
    outer loop
      vertex  2.491398e+000  4.123152e+001  8.782034e-002
      vertex  2.501401e+000  4.118313e+001  7.699311e-002
      vertex  2.168548e+000  4.205511e+001  8.797078e-002
    endloop
  endfacet
  facet normal  9.507023e-001  2.925310e-001 -1.029120e-001
    outer loop
      vertex  1.081727e+000  4.576675e+001  4.901543e-002
      vertex  2.525370e+000  4.106928e+001  3.268114e-002
      vertex  2.528006e+000  4.105706e+001  2.230069e-002
    endloop
  endfacet
  facet normal  1.620673e-001  4.945732e-002  9.855395e-001
    outer loop
      vertex  1.301571e+000  4.489750e+001  8.790117e-002
      vertex  2.168548e+000  4.205511e+001  8.797078e-002
      vertex  2.501401e+000  4.118313e+001  7.699311e-002
    endloop
  endfacet
  facet normal  9.000486e-001  2.916877e-001 -3.237756e-001
    outer loop
      vertex  1.301571e+000  4.489750e+001  8.790117e-002
      vertex  2.501401e+000  4.118313e+001  7.699311e-002
      vertex  2.517286e+000  4.110745e+001  5.297123e-002
    endloop
  endfacet
  facet normal  6.111636e-001  1.889559e-001  7.686188e-001
    outer loop
      vertex  1.301571e+000  4.489750e+001  8.790117e-002
      vertex  2.517286e+000  4.110745e+001  5.297123e-002
      vertex  1.081727e+000  4.576675e+001  4.901543e-002
    endloop
  endfacet
  facet normal  5.840281e-001  1.117413e-001 -8.040056e-001
    outer loop
      vertex  1.301571e+000  4.489750e+001  8.790117e-002
      vertex  1.081727e+000  4.576675e+001  4.901543e-002
      vertex  8.445016e-001  4.728489e+001  8.768722e-002
    endloop
  endfacet
  facet normal  9.752204e-001  1.027170e-001  1.959452e-001
    outer loop
      vertex  1.072086e+000  4.576478e+001  7.507589e-013
      vertex  1.081727e+000  4.576675e+001 -4.901543e-002
      vertex  5.586662e-001  5.067387e+001 -1.811560e-002
    endloop
  endfacet
  facet normal  9.816723e-001  1.020748e-001 -1.609359e-001
    outer loop
      vertex  1.072086e+000  4.576478e+001  7.507589e-013
      vertex  5.586662e-001  5.067387e+001 -1.811560e-002
      vertex  5.710430e-001  5.067379e+001  5.732676e-002
    endloop
  endfacet
  facet normal  9.753162e-001  1.018347e-001 -1.959288e-001
    outer loop
      vertex  1.072086e+000  4.576478e+001  7.507589e-013
      vertex  5.710430e-001  5.067379e+001  5.732676e-002
      vertex  1.081727e+000  4.576675e+001  4.901543e-002
    endloop
  endfacet
  facet normal  9.371024e-001  2.888823e-001 -1.959237e-001
    outer loop
      vertex  1.072086e+000  4.576478e+001  7.507589e-013
      vertex  1.081727e+000  4.576675e+001  4.901543e-002
      vertex  2.528006e+000  4.105706e+001  2.230069e-002
    endloop
  endfacet
  facet normal  9.531910e-001  2.944605e-001 -6.870107e-002
    outer loop
      vertex  1.072086e+000  4.576478e+001  7.507589e-013
      vertex  2.528006e+000  4.105706e+001  2.230069e-002
      vertex  2.529403e+000  4.105035e+001  1.295140e-002
    endloop
  endfacet
  facet normal  9.549999e-001  2.951272e-001 -2.958143e-002
    outer loop
      vertex  1.072086e+000  4.576478e+001  7.507589e-013
      vertex  2.529403e+000  4.105035e+001  1.295140e-002
      vertex  2.529899e+000  4.104747e+001  2.195035e-004
    endloop
  endfacet
  facet normal  9.554126e-001  2.952559e-001 -3.264704e-003
    outer loop
      vertex  1.072086e+000  4.576478e+001  7.507589e-013
      vertex  2.529899e+000  4.104747e+001  2.195035e-004
      vertex  2.529773e+000  4.104785e+001 -2.741184e-003
    endloop
  endfacet
  facet normal  9.549006e-001  2.950766e-001  3.308581e-002
    outer loop
      vertex  1.072086e+000  4.576478e+001  7.507589e-013
      vertex  2.529773e+000  4.104785e+001 -2.741184e-003
      vertex  2.528829e+000  4.105227e+001 -1.486833e-002
    endloop
  endfacet
  facet normal  9.522328e-001  2.940969e-001  8.221803e-002
    outer loop
      vertex  1.072086e+000  4.576478e+001  7.507589e-013
      vertex  2.528829e+000  4.105227e+001 -1.486833e-002
      vertex  2.527673e+000  4.105843e+001 -2.351588e-002
    endloop
  endfacet
  facet normal  9.496307e-001  2.931496e-001  1.107471e-001
    outer loop
      vertex  1.072086e+000  4.576478e+001  7.507589e-013
      vertex  2.527673e+000  4.105843e+001 -2.351588e-002
      vertex  2.526108e+000  4.106622e+001 -3.071988e-002
    endloop
  endfacet
  facet normal  9.452406e-001  2.915561e-001  1.466805e-001
    outer loop
      vertex  1.072086e+000  4.576478e+001  7.507589e-013
      vertex  2.526108e+000  4.106622e+001 -3.071988e-002
      vertex  2.519801e+000  4.109489e+001 -4.708029e-002
    endloop
  endfacet
  facet normal  4.795512e-001  8.220038e-002  8.736554e-001
    outer loop
      vertex  1.301574e+000  4.489750e+001 -8.790424e-002
      vertex  7.255585e-001  4.825576e+001 -8.769999e-002
      vertex  1.081727e+000  4.576675e+001 -4.901543e-002
    endloop
  endfacet
  facet normal  1.731372e-001  9.468602e-003 -9.848521e-001
    outer loop
      vertex  1.081727e+000  4.576675e+001 -4.901543e-002
      vertex  7.255585e-001  4.825576e+001 -8.769999e-002
      vertex  5.926341e-001  5.067364e+001 -8.782209e-002
    endloop
  endfacet
  facet normal  8.952008e-001  9.267639e-002  4.359204e-001
    outer loop
      vertex  1.081727e+000  4.576675e+001 -4.901543e-002
      vertex  5.926341e-001  5.067364e+001 -8.782209e-002
      vertex  5.586662e-001  5.067387e+001 -1.811560e-002
    endloop
  endfacet
  facet normal  6.388162e-001  1.948652e-001 -7.442724e-001
    outer loop
      vertex  1.301574e+000  4.489750e+001 -8.790424e-002
      vertex  1.081727e+000  4.576675e+001 -4.901543e-002
      vertex  2.168546e+000  4.205511e+001 -8.796874e-002
    endloop
  endfacet
  facet normal  3.497749e-001  1.121801e-001 -9.300932e-001
    outer loop
      vertex  2.168546e+000  4.205511e+001 -8.796874e-002
      vertex  1.081727e+000  4.576675e+001 -4.901543e-002
      vertex  2.507490e+000  4.115411e+001 -6.917506e-002
    endloop
  endfacet
  facet normal  9.371249e-001  2.888082e-001  1.959252e-001
    outer loop
      vertex  1.081727e+000  4.576675e+001 -4.901543e-002
      vertex  1.072086e+000  4.576478e+001  7.507589e-013
      vertex  2.507490e+000  4.115411e+001 -6.917506e-002
    endloop
  endfacet
  facet normal  9.263096e-001  2.846779e-001  2.467974e-001
    outer loop
      vertex  2.507490e+000  4.115411e+001 -6.917506e-002
      vertex  1.072086e+000  4.576478e+001  7.507589e-013
      vertex  2.519801e+000  4.109489e+001 -4.708029e-002
    endloop
  endfacet
  facet normal  8.147936e-001  6.058216e-002 -5.765770e-001
    outer loop
      vertex  5.926324e-001  5.067364e+001  8.782034e-002
      vertex  8.445016e-001  4.728489e+001  8.768722e-002
      vertex  5.710430e-001  5.067379e+001  5.732676e-002
    endloop
  endfacet
  facet normal  4.142686e-001  4.157366e-002  9.092047e-001
    outer loop
      vertex  5.710430e-001  5.067379e+001  5.732676e-002
      vertex  8.445016e-001  4.728489e+001  8.768722e-002
      vertex  1.081727e+000  4.576675e+001  4.901543e-002
    endloop
  endfacet
  facet normal -1.703807e-001  2.900097e-001 -9.417350e-001
    outer loop
      vertex  4.901543e-002  4.576675e+001 -1.081727e+000
      vertex  5.297123e-002  4.110745e+001 -2.517286e+000
      vertex  3.268114e-002  4.106928e+001 -2.525370e+000
    endloop
  endfacet
  facet normal  5.801710e-001  2.973546e-001 -7.582754e-001
    outer loop
      vertex -8.796874e-002  4.205511e+001 -2.168546e+000
      vertex -6.917506e-002  4.115411e+001 -2.507490e+000
      vertex -8.782034e-002  4.123152e+001 -2.491398e+000
    endloop
  endfacet
  facet normal -6.109291e-001  2.890346e-001 -7.370378e-001
    outer loop
      vertex  8.782034e-002  4.123152e+001 -2.491398e+000
      vertex  7.699311e-002  4.118313e+001 -2.501401e+000
      vertex  8.797078e-002  4.205511e+001 -2.168548e+000
    endloop
  endfacet
  facet normal -1.029120e-001  2.925310e-001 -9.507023e-001
    outer loop
      vertex  4.901543e-002  4.576675e+001 -1.081727e+000
      vertex  3.268114e-002  4.106928e+001 -2.525370e+000
      vertex  2.230069e-002  4.105706e+001 -2.528006e+000
    endloop
  endfacet
  facet normal  9.855395e-001  4.945732e-002 -1.620673e-001
    outer loop
      vertex  8.790117e-002  4.489750e+001 -1.301571e+000
      vertex  8.797078e-002  4.205511e+001 -2.168548e+000
      vertex  7.699311e-002  4.118313e+001 -2.501401e+000
    endloop
  endfacet
  facet normal -3.237756e-001  2.916877e-001 -9.000486e-001
    outer loop
      vertex  8.790117e-002  4.489750e+001 -1.301571e+000
      vertex  7.699311e-002  4.118313e+001 -2.501401e+000
      vertex  5.297123e-002  4.110745e+001 -2.517286e+000
    endloop
  endfacet
  facet normal  7.686188e-001  1.889559e-001 -6.111636e-001
    outer loop
      vertex  8.790117e-002  4.489750e+001 -1.301571e+000
      vertex  5.297123e-002  4.110745e+001 -2.517286e+000
      vertex  4.901543e-002  4.576675e+001 -1.081727e+000
    endloop
  endfacet
  facet normal -8.040056e-001  1.117413e-001 -5.840281e-001
    outer loop
      vertex  8.790117e-002  4.489750e+001 -1.301571e+000
      vertex  4.901543e-002  4.576675e+001 -1.081727e+000
      vertex  8.768722e-002  4.728489e+001 -8.445016e-001
    endloop
  endfacet
  facet normal  1.959452e-001  1.027170e-001 -9.752204e-001
    outer loop
      vertex  2.152081e-013  4.576478e+001 -1.072086e+000
      vertex -4.901543e-002  4.576675e+001 -1.081727e+000
      vertex -1.811560e-002  5.067387e+001 -5.586662e-001
    endloop
  endfacet
  facet normal -1.609359e-001  1.020748e-001 -9.816723e-001
    outer loop
      vertex  2.152081e-013  4.576478e+001 -1.072086e+000
      vertex -1.811560e-002  5.067387e+001 -5.586662e-001
      vertex  5.732676e-002  5.067379e+001 -5.710430e-001
    endloop
  endfacet
  facet normal -1.959288e-001  1.018347e-001 -9.753162e-001
    outer loop
      vertex  2.152081e-013  4.576478e+001 -1.072086e+000
      vertex  5.732676e-002  5.067379e+001 -5.710430e-001
      vertex  4.901543e-002  4.576675e+001 -1.081727e+000
    endloop
  endfacet
  facet normal -1.959237e-001  2.888823e-001 -9.371023e-001
    outer loop
      vertex  2.152081e-013  4.576478e+001 -1.072086e+000
      vertex  4.901543e-002  4.576675e+001 -1.081727e+000
      vertex  2.230069e-002  4.105706e+001 -2.528006e+000
    endloop
  endfacet
  facet normal -6.870107e-002  2.944605e-001 -9.531910e-001
    outer loop
      vertex  2.152081e-013  4.576478e+001 -1.072086e+000
      vertex  2.230069e-002  4.105706e+001 -2.528006e+000
      vertex  1.295140e-002  4.105035e+001 -2.529403e+000
    endloop
  endfacet
  facet normal -2.958143e-002  2.951272e-001 -9.549999e-001
    outer loop
      vertex  2.152081e-013  4.576478e+001 -1.072086e+000
      vertex  1.295140e-002  4.105035e+001 -2.529403e+000
      vertex  2.195035e-004  4.104747e+001 -2.529899e+000
    endloop
  endfacet
  facet normal -3.264704e-003  2.952559e-001 -9.554126e-001
    outer loop
      vertex  2.152081e-013  4.576478e+001 -1.072086e+000
      vertex  2.195035e-004  4.104747e+001 -2.529899e+000
      vertex -2.741184e-003  4.104785e+001 -2.529773e+000
    endloop
  endfacet
  facet normal  3.308581e-002  2.950766e-001 -9.549006e-001
    outer loop
      vertex  2.152081e-013  4.576478e+001 -1.072086e+000
      vertex -2.741184e-003  4.104785e+001 -2.529773e+000
      vertex -1.486833e-002  4.105227e+001 -2.528829e+000
    endloop
  endfacet
  facet normal  8.221803e-002  2.940969e-001 -9.522328e-001
    outer loop
      vertex  2.152081e-013  4.576478e+001 -1.072086e+000
      vertex -1.486833e-002  4.105227e+001 -2.528829e+000
      vertex -2.351588e-002  4.105843e+001 -2.527673e+000
    endloop
  endfacet
  facet normal  1.107471e-001  2.931496e-001 -9.496307e-001
    outer loop
      vertex  2.152081e-013  4.576478e+001 -1.072086e+000
      vertex -2.351588e-002  4.105843e+001 -2.527673e+000
      vertex -3.071988e-002  4.106622e+001 -2.526108e+000
    endloop
  endfacet
  facet normal  1.466805e-001  2.915561e-001 -9.452406e-001
    outer loop
      vertex  2.152081e-013  4.576478e+001 -1.072086e+000
      vertex -3.071988e-002  4.106622e+001 -2.526108e+000
      vertex -4.708029e-002  4.109489e+001 -2.519801e+000
    endloop
  endfacet
  facet normal  8.736554e-001  8.220038e-002 -4.795512e-001
    outer loop
      vertex -8.790424e-002  4.489750e+001 -1.301574e+000
      vertex -8.769999e-002  4.825576e+001 -7.255585e-001
      vertex -4.901543e-002  4.576675e+001 -1.081727e+000
    endloop
  endfacet
  facet normal -9.848523e-001  9.468603e-003 -1.731372e-001
    outer loop
      vertex -4.901543e-002  4.576675e+001 -1.081727e+000
      vertex -8.769999e-002  4.825576e+001 -7.255585e-001
      vertex -8.782209e-002  5.067364e+001 -5.926341e-001
    endloop
  endfacet
  facet normal  4.359204e-001  9.267639e-002 -8.952008e-001
    outer loop
      vertex -4.901543e-002  4.576675e+001 -1.081727e+000
      vertex -8.782209e-002  5.067364e+001 -5.926341e-001
      vertex -1.811560e-002  5.067387e+001 -5.586662e-001
    endloop
  endfacet
  facet normal -7.442724e-001  1.948652e-001 -6.388162e-001
    outer loop
      vertex -8.790424e-002  4.489750e+001 -1.301574e+000
      vertex -4.901543e-002  4.576675e+001 -1.081727e+000
      vertex -8.796874e-002  4.205511e+001 -2.168546e+000
    endloop
  endfacet
  facet normal -9.300932e-001  1.121801e-001 -3.497749e-001
    outer loop
      vertex -8.796874e-002  4.205511e+001 -2.168546e+000
      vertex -4.901543e-002  4.576675e+001 -1.081727e+000
      vertex -6.917506e-002  4.115411e+001 -2.507490e+000
    endloop
  endfacet
  facet normal  1.959252e-001  2.888082e-001 -9.371249e-001
    outer loop
      vertex -4.901543e-002  4.576675e+001 -1.081727e+000
      vertex  2.152081e-013  4.576478e+001 -1.072086e+000
      vertex -6.917506e-002  4.115411e+001 -2.507490e+000
    endloop
  endfacet
  facet normal  2.467974e-001  2.846779e-001 -9.263096e-001
    outer loop
      vertex -6.917506e-002  4.115411e+001 -2.507490e+000
      vertex  2.152081e-013  4.576478e+001 -1.072086e+000
      vertex -4.708029e-002  4.109489e+001 -2.519801e+000
    endloop
  endfacet
  facet normal -5.765770e-001  6.058216e-002 -8.147936e-001
    outer loop
      vertex  8.782034e-002  5.067364e+001 -5.926324e-001
      vertex  8.768722e-002  4.728489e+001 -8.445016e-001
      vertex  5.732676e-002  5.067379e+001 -5.710430e-001
    endloop
  endfacet
  facet normal  9.092047e-001  4.157366e-002 -4.142686e-001
    outer loop
      vertex  5.732676e-002  5.067379e+001 -5.710430e-001
      vertex  8.768722e-002  4.728489e+001 -8.445016e-001
      vertex  4.901543e-002  4.576675e+001 -1.081727e+000
    endloop
  endfacet
  facet normal -9.417350e-001  2.900097e-001  1.703807e-001
    outer loop
      vertex -1.081727e+000  4.576675e+001 -4.901543e-002
      vertex -2.517286e+000  4.110745e+001 -5.297123e-002
      vertex -2.525370e+000  4.106928e+001 -3.268114e-002
    endloop
  endfacet
  facet normal -7.582754e-001  2.973546e-001 -5.801710e-001
    outer loop
      vertex -2.168546e+000  4.205511e+001  8.796874e-002
      vertex -2.507490e+000  4.115411e+001  6.917506e-002
      vertex -2.491398e+000  4.123152e+001  8.782034e-002
    endloop
  endfacet
  facet normal -7.370378e-001  2.890346e-001  6.109291e-001
    outer loop
      vertex -2.491398e+000  4.123152e+001 -8.782034e-002
      vertex -2.501401e+000  4.118313e+001 -7.699311e-002
      vertex -2.168548e+000  4.205511e+001 -8.797078e-002
    endloop
  endfacet
  facet normal -9.507023e-001  2.925310e-001  1.029120e-001
    outer loop
      vertex -1.081727e+000  4.576675e+001 -4.901543e-002
      vertex -2.525370e+000  4.106928e+001 -3.268114e-002
      vertex -2.528006e+000  4.105706e+001 -2.230069e-002
    endloop
  endfacet
  facet normal -1.620673e-001  4.945732e-002 -9.855395e-001
    outer loop
      vertex -1.301571e+000  4.489750e+001 -8.790117e-002
      vertex -2.168548e+000  4.205511e+001 -8.797078e-002
      vertex -2.501401e+000  4.118313e+001 -7.699311e-002
    endloop
  endfacet
  facet normal -9.000486e-001  2.916877e-001  3.237756e-001
    outer loop
      vertex -1.301571e+000  4.489750e+001 -8.790117e-002
      vertex -2.501401e+000  4.118313e+001 -7.699311e-002
      vertex -2.517286e+000  4.110745e+001 -5.297123e-002
    endloop
  endfacet
  facet normal -6.111636e-001  1.889559e-001 -7.686188e-001
    outer loop
      vertex -1.301571e+000  4.489750e+001 -8.790117e-002
      vertex -2.517286e+000  4.110745e+001 -5.297123e-002
      vertex -1.081727e+000  4.576675e+001 -4.901543e-002
    endloop
  endfacet
  facet normal -5.840281e-001  1.117413e-001  8.040056e-001
    outer loop
      vertex -1.301571e+000  4.489750e+001 -8.790117e-002
      vertex -1.081727e+000  4.576675e+001 -4.901543e-002
      vertex -8.445016e-001  4.728489e+001 -8.768722e-002
    endloop
  endfacet
  facet normal -9.752204e-001  1.027170e-001 -1.959452e-001
    outer loop
      vertex -1.072086e+000  4.576478e+001 -7.507589e-013
      vertex -1.081727e+000  4.576675e+001  4.901543e-002
      vertex -5.586662e-001  5.067387e+001  1.811560e-002
    endloop
  endfacet
  facet normal -9.816723e-001  1.020748e-001  1.609359e-001
    outer loop
      vertex -1.072086e+000  4.576478e+001 -7.507589e-013
      vertex -5.586662e-001  5.067387e+001  1.811560e-002
      vertex -5.710430e-001  5.067379e+001 -5.732676e-002
    endloop
  endfacet
  facet normal -9.753162e-001  1.018347e-001  1.959288e-001
    outer loop
      vertex -1.072086e+000  4.576478e+001 -7.507589e-013
      vertex -5.710430e-001  5.067379e+001 -5.732676e-002
      vertex -1.081727e+000  4.576675e+001 -4.901543e-002
    endloop
  endfacet
  facet normal -9.371024e-001  2.888823e-001  1.959237e-001
    outer loop
      vertex -1.072086e+000  4.576478e+001 -7.507589e-013
      vertex -1.081727e+000  4.576675e+001 -4.901543e-002
      vertex -2.528006e+000  4.105706e+001 -2.230069e-002
    endloop
  endfacet
  facet normal -9.531910e-001  2.944605e-001  6.870107e-002
    outer loop
      vertex -1.072086e+000  4.576478e+001 -7.507589e-013
      vertex -2.528006e+000  4.105706e+001 -2.230069e-002
      vertex -2.529403e+000  4.105035e+001 -1.295140e-002
    endloop
  endfacet
  facet normal -9.549999e-001  2.951272e-001  2.958143e-002
    outer loop
      vertex -1.072086e+000  4.576478e+001 -7.507589e-013
      vertex -2.529403e+000  4.105035e+001 -1.295140e-002
      vertex -2.529899e+000  4.104747e+001 -2.195035e-004
    endloop
  endfacet
  facet normal -9.554126e-001  2.952559e-001  3.264704e-003
    outer loop
      vertex -1.072086e+000  4.576478e+001 -7.507589e-013
      vertex -2.529899e+000  4.104747e+001 -2.195035e-004
      vertex -2.529773e+000  4.104785e+001  2.741184e-003
    endloop
  endfacet
  facet normal -9.549006e-001  2.950766e-001 -3.308581e-002
    outer loop
      vertex -1.072086e+000  4.576478e+001 -7.507589e-013
      vertex -2.529773e+000  4.104785e+001  2.741184e-003
      vertex -2.528829e+000  4.105227e+001  1.486833e-002
    endloop
  endfacet
  facet normal -9.522328e-001  2.940969e-001 -8.221803e-002
    outer loop
      vertex -1.072086e+000  4.576478e+001 -7.507589e-013
      vertex -2.528829e+000  4.105227e+001  1.486833e-002
      vertex -2.527673e+000  4.105843e+001  2.351588e-002
    endloop
  endfacet
  facet normal -9.496307e-001  2.931496e-001 -1.107471e-001
    outer loop
      vertex -1.072086e+000  4.576478e+001 -7.507589e-013
      vertex -2.527673e+000  4.105843e+001  2.351588e-002
      vertex -2.526108e+000  4.106622e+001  3.071988e-002
    endloop
  endfacet
  facet normal -9.452406e-001  2.915561e-001 -1.466805e-001
    outer loop
      vertex -1.072086e+000  4.576478e+001 -7.507589e-013
      vertex -2.526108e+000  4.106622e+001  3.071988e-002
      vertex -2.519801e+000  4.109489e+001  4.708029e-002
    endloop
  endfacet
  facet normal -4.795512e-001  8.220038e-002 -8.736554e-001
    outer loop
      vertex -1.301574e+000  4.489750e+001  8.790424e-002
      vertex -7.255585e-001  4.825576e+001  8.769999e-002
      vertex -1.081727e+000  4.576675e+001  4.901543e-002
    endloop
  endfacet
  facet normal -1.731372e-001  9.468602e-003  9.848521e-001
    outer loop
      vertex -1.081727e+000  4.576675e+001  4.901543e-002
      vertex -7.255585e-001  4.825576e+001  8.769999e-002
      vertex -5.926341e-001  5.067364e+001  8.782209e-002
    endloop
  endfacet
  facet normal -8.952008e-001  9.267639e-002 -4.359204e-001
    outer loop
      vertex -1.081727e+000  4.576675e+001  4.901543e-002
      vertex -5.926341e-001  5.067364e+001  8.782209e-002
      vertex -5.586662e-001  5.067387e+001  1.811560e-002
    endloop
  endfacet
  facet normal -6.388162e-001  1.948652e-001  7.442724e-001
    outer loop
      vertex -1.301574e+000  4.489750e+001  8.790424e-002
      vertex -1.081727e+000  4.576675e+001  4.901543e-002
      vertex -2.168546e+000  4.205511e+001  8.796874e-002
    endloop
  endfacet
  facet normal -3.497749e-001  1.121801e-001  9.300932e-001
    outer loop
      vertex -2.168546e+000  4.205511e+001  8.796874e-002
      vertex -1.081727e+000  4.576675e+001  4.901543e-002
      vertex -2.507490e+000  4.115411e+001  6.917506e-002
    endloop
  endfacet
  facet normal -9.371249e-001  2.888082e-001 -1.959252e-001
    outer loop
      vertex -1.081727e+000  4.576675e+001  4.901543e-002
      vertex -1.072086e+000  4.576478e+001 -7.507589e-013
      vertex -2.507490e+000  4.115411e+001  6.917506e-002
    endloop
  endfacet
  facet normal -9.263096e-001  2.846779e-001 -2.467974e-001
    outer loop
      vertex -2.507490e+000  4.115411e+001  6.917506e-002
      vertex -1.072086e+000  4.576478e+001 -7.507589e-013
      vertex -2.519801e+000  4.109489e+001  4.708029e-002
    endloop
  endfacet
  facet normal -8.147936e-001  6.058216e-002  5.765770e-001
    outer loop
      vertex -5.926324e-001  5.067364e+001 -8.782034e-002
      vertex -8.445016e-001  4.728489e+001 -8.768722e-002
      vertex -5.710430e-001  5.067379e+001 -5.732676e-002
    endloop
  endfacet
  facet normal -4.142686e-001  4.157366e-002 -9.092047e-001
    outer loop
      vertex -5.710430e-001  5.067379e+001 -5.732676e-002
      vertex -8.445016e-001  4.728489e+001 -8.768722e-002
      vertex -1.081727e+000  4.576675e+001 -4.901543e-002
    endloop
  endfacet
  facet normal  6.725642e-001  2.637752e-001  6.914334e-001
    outer loop
      vertex  2.449135e+000  4.215843e+001 -4.003161e-001
      vertex  2.168546e+000  4.205511e+001 -8.796874e-002
      vertex  2.491398e+000  4.123152e+001 -8.782034e-002
    endloop
  endfacet
  facet normal  6.915460e-001  2.109333e-001  6.908482e-001
    outer loop
      vertex  2.209941e+000  4.511535e+001 -1.063703e+000
      vertex  1.301574e+000  4.489750e+001 -8.790424e-002
      vertex  2.449135e+000  4.215843e+001 -4.003161e-001
    endloop
  endfacet
  facet normal  6.914761e-001  2.108946e-001  6.909301e-001
    outer loop
      vertex  2.449135e+000  4.215843e+001 -4.003161e-001
      vertex  1.301574e+000  4.489750e+001 -8.790424e-002
      vertex  2.168546e+000  4.205511e+001 -8.796874e-002
    endloop
  endfacet
  facet normal  7.127057e-001  1.222026e-001  6.907367e-001
    outer loop
      vertex  1.301574e+000  4.489750e+001 -8.790424e-002
      vertex  2.209941e+000  4.511535e+001 -1.063703e+000
      vertex  7.255585e-001  4.825576e+001 -8.769999e-002
    endloop
  endfacet
  facet normal  7.423937e-001  1.478227e-001  6.534524e-001
    outer loop
      vertex  7.255585e-001  4.825576e+001 -8.769999e-002
      vertex  2.209941e+000  4.511535e+001 -1.063703e+000
      vertex  2.100057e+000  4.647986e+001 -1.247540e+000
    endloop
  endfacet
  facet normal  7.258641e-001  1.193911e-001  6.773971e-001
    outer loop
      vertex  7.255585e-001  4.825576e+001 -8.769999e-002
      vertex  2.100057e+000  4.647986e+001 -1.247540e+000
      vertex  1.894707e+000  4.743565e+001 -1.195955e+000
    endloop
  endfacet
  facet normal  7.213830e-001  5.379566e-002  6.904437e-001
    outer loop
      vertex  7.970995e-001  5.067300e+001 -3.013999e-001
      vertex  5.926341e-001  5.067364e+001 -8.782209e-002
      vertex  1.894707e+000  4.743565e+001 -1.195955e+000
    endloop
  endfacet
  facet normal  7.015721e-001  3.860531e-002  7.115520e-001
    outer loop
      vertex  1.894707e+000  4.743565e+001 -1.195955e+000
      vertex  5.926341e-001  5.067364e+001 -8.782209e-002
      vertex  7.255585e-001  4.825576e+001 -8.769999e-002
    endloop
  endfacet
  facet normal  6.725640e-001  2.637752e-001 -6.914335e-001
    outer loop
      vertex  2.168548e+000  4.205511e+001  8.797078e-002
      vertex  2.449113e+000  4.215842e+001  4.002926e-001
      vertex  2.491398e+000  4.123152e+001  8.782034e-002
    endloop
  endfacet
  facet normal  6.915505e-001  2.109172e-001 -6.908488e-001
    outer loop
      vertex  1.301571e+000  4.489750e+001  8.790117e-002
      vertex  2.209940e+000  4.511535e+001  1.063702e+000
      vertex  2.168548e+000  4.205511e+001  8.797078e-002
    endloop
  endfacet
  facet normal  6.914592e-001  2.109449e-001 -6.909316e-001
    outer loop
      vertex  2.168548e+000  4.205511e+001  8.797078e-002
      vertex  2.209940e+000  4.511535e+001  1.063702e+000
      vertex  2.449113e+000  4.215842e+001  4.002926e-001
    endloop
  endfacet
  facet normal  7.067261e-001  1.500618e-001 -6.913897e-001
    outer loop
      vertex  2.209940e+000  4.511535e+001  1.063702e+000
      vertex  1.301571e+000  4.489750e+001  8.790117e-002
      vertex  2.100057e+000  4.647986e+001  1.247540e+000
    endloop
  endfacet
  facet normal  7.182299e-001  1.374455e-001 -6.820957e-001
    outer loop
      vertex  2.100057e+000  4.647986e+001  1.247540e+000
      vertex  1.301571e+000  4.489750e+001  8.790117e-002
      vertex  8.445016e-001  4.728489e+001  8.768722e-002
    endloop
  endfacet
  facet normal  7.130567e-001  1.158804e-001 -6.914635e-001
    outer loop
      vertex  2.100057e+000  4.647986e+001  1.247540e+000
      vertex  8.445016e-001  4.728489e+001  8.768722e-002
      vertex  1.894707e+000  4.743565e+001  1.195955e+000
    endloop
  endfacet
  facet normal  7.213888e-001  5.364432e-002 -6.904495e-001
    outer loop
      vertex  5.926324e-001  5.067364e+001  8.782034e-002
      vertex  7.970995e-001  5.067300e+001  3.013999e-001
      vertex  8.445016e-001  4.728489e+001  8.768722e-002
    endloop
  endfacet
  facet normal  7.211651e-001  5.365587e-002 -6.906822e-001
    outer loop
      vertex  8.445016e-001  4.728489e+001  8.768722e-002
      vertex  7.970995e-001  5.067300e+001  3.013999e-001
      vertex  1.894707e+000  4.743565e+001  1.195955e+000
    endloop
  endfacet
  facet normal -6.914334e-001  2.637752e-001  6.725642e-001
    outer loop
      vertex  4.003161e-001  4.215843e+001  2.449135e+000
      vertex  8.796874e-002  4.205511e+001  2.168546e+000
      vertex  8.782034e-002  4.123152e+001  2.491398e+000
    endloop
  endfacet
  facet normal -6.908482e-001  2.109333e-001  6.915460e-001
    outer loop
      vertex  1.063703e+000  4.511535e+001  2.209941e+000
      vertex  8.790424e-002  4.489750e+001  1.301574e+000
      vertex  4.003161e-001  4.215843e+001  2.449135e+000
    endloop
  endfacet
  facet normal -6.909301e-001  2.108946e-001  6.914761e-001
    outer loop
      vertex  4.003161e-001  4.215843e+001  2.449135e+000
      vertex  8.790424e-002  4.489750e+001  1.301574e+000
      vertex  8.796874e-002  4.205511e+001  2.168546e+000
    endloop
  endfacet
  facet normal -6.907367e-001  1.222026e-001  7.127057e-001
    outer loop
      vertex  8.790424e-002  4.489750e+001  1.301574e+000
      vertex  1.063703e+000  4.511535e+001  2.209941e+000
      vertex  8.769999e-002  4.825576e+001  7.255585e-001
    endloop
  endfacet
  facet normal -6.534524e-001  1.478227e-001  7.423937e-001
    outer loop
      vertex  8.769999e-002  4.825576e+001  7.255585e-001
      vertex  1.063703e+000  4.511535e+001  2.209941e+000
      vertex  1.247540e+000  4.647986e+001  2.100057e+000
    endloop
  endfacet
  facet normal -6.773971e-001  1.193911e-001  7.258641e-001
    outer loop
      vertex  8.769999e-002  4.825576e+001  7.255585e-001
      vertex  1.247540e+000  4.647986e+001  2.100057e+000
      vertex  1.195955e+000  4.743565e+001  1.894707e+000
    endloop
  endfacet
  facet normal -6.904437e-001  5.379566e-002  7.213830e-001
    outer loop
      vertex  3.013999e-001  5.067300e+001  7.970995e-001
      vertex  8.782209e-002  5.067364e+001  5.926341e-001
      vertex  1.195955e+000  4.743565e+001  1.894707e+000
    endloop
  endfacet
  facet normal -7.115520e-001  3.860531e-002  7.015721e-001
    outer loop
      vertex  1.195955e+000  4.743565e+001  1.894707e+000
      vertex  8.782209e-002  5.067364e+001  5.926341e-001
      vertex  8.769999e-002  4.825576e+001  7.255585e-001
    endloop
  endfacet
  facet normal  6.914335e-001  2.637752e-001  6.725640e-001
    outer loop
      vertex -8.797078e-002  4.205511e+001  2.168548e+000
      vertex -4.002926e-001  4.215842e+001  2.449113e+000
      vertex -8.782034e-002  4.123152e+001  2.491398e+000
    endloop
  endfacet
  facet normal  6.908488e-001  2.109172e-001  6.915505e-001
    outer loop
      vertex -8.790117e-002  4.489750e+001  1.301571e+000
      vertex -1.063702e+000  4.511535e+001  2.209940e+000
      vertex -8.797078e-002  4.205511e+001  2.168548e+000
    endloop
  endfacet
  facet normal  6.909316e-001  2.109449e-001  6.914592e-001
    outer loop
      vertex -8.797078e-002  4.205511e+001  2.168548e+000
      vertex -1.063702e+000  4.511535e+001  2.209940e+000
      vertex -4.002926e-001  4.215842e+001  2.449113e+000
    endloop
  endfacet
  facet normal  6.913897e-001  1.500618e-001  7.067261e-001
    outer loop
      vertex -1.063702e+000  4.511535e+001  2.209940e+000
      vertex -8.790117e-002  4.489750e+001  1.301571e+000
      vertex -1.247540e+000  4.647986e+001  2.100057e+000
    endloop
  endfacet
  facet normal  6.820957e-001  1.374455e-001  7.182299e-001
    outer loop
      vertex -1.247540e+000  4.647986e+001  2.100057e+000
      vertex -8.790117e-002  4.489750e+001  1.301571e+000
      vertex -8.768722e-002  4.728489e+001  8.445016e-001
    endloop
  endfacet
  facet normal  6.914635e-001  1.158804e-001  7.130567e-001
    outer loop
      vertex -1.247540e+000  4.647986e+001  2.100057e+000
      vertex -8.768722e-002  4.728489e+001  8.445016e-001
      vertex -1.195955e+000  4.743565e+001  1.894707e+000
    endloop
  endfacet
  facet normal  6.904495e-001  5.364432e-002  7.213888e-001
    outer loop
      vertex -8.782034e-002  5.067364e+001  5.926324e-001
      vertex -3.013999e-001  5.067300e+001  7.970995e-001
      vertex -8.768722e-002  4.728489e+001  8.445016e-001
    endloop
  endfacet
  facet normal  6.906822e-001  5.365587e-002  7.211651e-001
    outer loop
      vertex -8.768722e-002  4.728489e+001  8.445016e-001
      vertex -3.013999e-001  5.067300e+001  7.970995e-001
      vertex -1.195955e+000  4.743565e+001  1.894707e+000
    endloop
  endfacet
  facet normal  6.914334e-001  2.637752e-001 -6.725642e-001
    outer loop
      vertex -4.003161e-001  4.215843e+001 -2.449135e+000
      vertex -8.796874e-002  4.205511e+001 -2.168546e+000
      vertex -8.782034e-002  4.123152e+001 -2.491398e+000
    endloop
  endfacet
  facet normal  6.908482e-001  2.109333e-001 -6.915460e-001
    outer loop
      vertex -1.063703e+000  4.511535e+001 -2.209941e+000
      vertex -8.790424e-002  4.489750e+001 -1.301574e+000
      vertex -4.003161e-001  4.215843e+001 -2.449135e+000
    endloop
  endfacet
  facet normal  6.909301e-001  2.108946e-001 -6.914761e-001
    outer loop
      vertex -4.003161e-001  4.215843e+001 -2.449135e+000
      vertex -8.790424e-002  4.489750e+001 -1.301574e+000
      vertex -8.796874e-002  4.205511e+001 -2.168546e+000
    endloop
  endfacet
  facet normal  6.907367e-001  1.222026e-001 -7.127057e-001
    outer loop
      vertex -8.790424e-002  4.489750e+001 -1.301574e+000
      vertex -1.063703e+000  4.511535e+001 -2.209941e+000
      vertex -8.769999e-002  4.825576e+001 -7.255585e-001
    endloop
  endfacet
  facet normal  6.534524e-001  1.478227e-001 -7.423937e-001
    outer loop
      vertex -8.769999e-002  4.825576e+001 -7.255585e-001
      vertex -1.063703e+000  4.511535e+001 -2.209941e+000
      vertex -1.247540e+000  4.647986e+001 -2.100057e+000
    endloop
  endfacet
  facet normal  6.773971e-001  1.193911e-001 -7.258641e-001
    outer loop
      vertex -8.769999e-002  4.825576e+001 -7.255585e-001
      vertex -1.247540e+000  4.647986e+001 -2.100057e+000
      vertex -1.195955e+000  4.743565e+001 -1.894707e+000
    endloop
  endfacet
  facet normal  6.904437e-001  5.379566e-002 -7.213830e-001
    outer loop
      vertex -3.013999e-001  5.067300e+001 -7.970995e-001
      vertex -8.782209e-002  5.067364e+001 -5.926341e-001
      vertex -1.195955e+000  4.743565e+001 -1.894707e+000
    endloop
  endfacet
  facet normal  7.115520e-001  3.860531e-002 -7.015721e-001
    outer loop
      vertex -1.195955e+000  4.743565e+001 -1.894707e+000
      vertex -8.782209e-002  5.067364e+001 -5.926341e-001
      vertex -8.769999e-002  4.825576e+001 -7.255585e-001
    endloop
  endfacet
  facet normal -6.914335e-001  2.637752e-001 -6.725640e-001
    outer loop
      vertex  8.797078e-002  4.205511e+001 -2.168548e+000
      vertex  4.002926e-001  4.215842e+001 -2.449113e+000
      vertex  8.782034e-002  4.123152e+001 -2.491398e+000
    endloop
  endfacet
  facet normal -6.908488e-001  2.109172e-001 -6.915505e-001
    outer loop
      vertex  8.790117e-002  4.489750e+001 -1.301571e+000
      vertex  1.063702e+000  4.511535e+001 -2.209940e+000
      vertex  8.797078e-002  4.205511e+001 -2.168548e+000
    endloop
  endfacet
  facet normal -6.909316e-001  2.109449e-001 -6.914592e-001
    outer loop
      vertex  8.797078e-002  4.205511e+001 -2.168548e+000
      vertex  1.063702e+000  4.511535e+001 -2.209940e+000
      vertex  4.002926e-001  4.215842e+001 -2.449113e+000
    endloop
  endfacet
  facet normal -6.913897e-001  1.500618e-001 -7.067261e-001
    outer loop
      vertex  1.063702e+000  4.511535e+001 -2.209940e+000
      vertex  8.790117e-002  4.489750e+001 -1.301571e+000
      vertex  1.247540e+000  4.647986e+001 -2.100057e+000
    endloop
  endfacet
  facet normal -6.820957e-001  1.374455e-001 -7.182299e-001
    outer loop
      vertex  1.247540e+000  4.647986e+001 -2.100057e+000
      vertex  8.790117e-002  4.489750e+001 -1.301571e+000
      vertex  8.768722e-002  4.728489e+001 -8.445016e-001
    endloop
  endfacet
  facet normal -6.914635e-001  1.158804e-001 -7.130567e-001
    outer loop
      vertex  1.247540e+000  4.647986e+001 -2.100057e+000
      vertex  8.768722e-002  4.728489e+001 -8.445016e-001
      vertex  1.195955e+000  4.743565e+001 -1.894707e+000
    endloop
  endfacet
  facet normal -6.904495e-001  5.364432e-002 -7.213888e-001
    outer loop
      vertex  8.782034e-002  5.067364e+001 -5.926324e-001
      vertex  3.013999e-001  5.067300e+001 -7.970995e-001
      vertex  8.768722e-002  4.728489e+001 -8.445016e-001
    endloop
  endfacet
  facet normal -6.906822e-001  5.365587e-002 -7.211651e-001
    outer loop
      vertex  8.768722e-002  4.728489e+001 -8.445016e-001
      vertex  3.013999e-001  5.067300e+001 -7.970995e-001
      vertex  1.195955e+000  4.743565e+001 -1.894707e+000
    endloop
  endfacet
  facet normal -6.725642e-001  2.637752e-001 -6.914334e-001
    outer loop
      vertex -2.449135e+000  4.215843e+001  4.003161e-001
      vertex -2.168546e+000  4.205511e+001  8.796874e-002
      vertex -2.491398e+000  4.123152e+001  8.782034e-002
    endloop
  endfacet
  facet normal -6.915460e-001  2.109333e-001 -6.908482e-001
    outer loop
      vertex -2.209941e+000  4.511535e+001  1.063703e+000
      vertex -1.301574e+000  4.489750e+001  8.790424e-002
      vertex -2.449135e+000  4.215843e+001  4.003161e-001
    endloop
  endfacet
  facet normal -6.914761e-001  2.108946e-001 -6.909301e-001
    outer loop
      vertex -2.449135e+000  4.215843e+001  4.003161e-001
      vertex -1.301574e+000  4.489750e+001  8.790424e-002
      vertex -2.168546e+000  4.205511e+001  8.796874e-002
    endloop
  endfacet
  facet normal -7.127057e-001  1.222026e-001 -6.907367e-001
    outer loop
      vertex -1.301574e+000  4.489750e+001  8.790424e-002
      vertex -2.209941e+000  4.511535e+001  1.063703e+000
      vertex -7.255585e-001  4.825576e+001  8.769999e-002
    endloop
  endfacet
  facet normal -7.423937e-001  1.478227e-001 -6.534524e-001
    outer loop
      vertex -7.255585e-001  4.825576e+001  8.769999e-002
      vertex -2.209941e+000  4.511535e+001  1.063703e+000
      vertex -2.100057e+000  4.647986e+001  1.247540e+000
    endloop
  endfacet
  facet normal -7.258641e-001  1.193911e-001 -6.773971e-001
    outer loop
      vertex -7.255585e-001  4.825576e+001  8.769999e-002
      vertex -2.100057e+000  4.647986e+001  1.247540e+000
      vertex -1.894707e+000  4.743565e+001  1.195955e+000
    endloop
  endfacet
  facet normal -7.213830e-001  5.379566e-002 -6.904437e-001
    outer loop
      vertex -7.970995e-001  5.067300e+001  3.013999e-001
      vertex -5.926341e-001  5.067364e+001  8.782209e-002
      vertex -1.894707e+000  4.743565e+001  1.195955e+000
    endloop
  endfacet
  facet normal -7.015721e-001  3.860531e-002 -7.115520e-001
    outer loop
      vertex -1.894707e+000  4.743565e+001  1.195955e+000
      vertex -5.926341e-001  5.067364e+001  8.782209e-002
      vertex -7.255585e-001  4.825576e+001  8.769999e-002
    endloop
  endfacet
  facet normal -6.725640e-001  2.637752e-001  6.914335e-001
    outer loop
      vertex -2.168548e+000  4.205511e+001 -8.797078e-002
      vertex -2.449113e+000  4.215842e+001 -4.002926e-001
      vertex -2.491398e+000  4.123152e+001 -8.782034e-002
    endloop
  endfacet
  facet normal -6.915505e-001  2.109172e-001  6.908488e-001
    outer loop
      vertex -1.301571e+000  4.489750e+001 -8.790117e-002
      vertex -2.209940e+000  4.511535e+001 -1.063702e+000
      vertex -2.168548e+000  4.205511e+001 -8.797078e-002
    endloop
  endfacet
  facet normal -6.914592e-001  2.109449e-001  6.909316e-001
    outer loop
      vertex -2.168548e+000  4.205511e+001 -8.797078e-002
      vertex -2.209940e+000  4.511535e+001 -1.063702e+000
      vertex -2.449113e+000  4.215842e+001 -4.002926e-001
    endloop
  endfacet
  facet normal -7.067261e-001  1.500618e-001  6.913897e-001
    outer loop
      vertex -2.209940e+000  4.511535e+001 -1.063702e+000
      vertex -1.301571e+000  4.489750e+001 -8.790117e-002
      vertex -2.100057e+000  4.647986e+001 -1.247540e+000
    endloop
  endfacet
  facet normal -7.182299e-001  1.374455e-001  6.820957e-001
    outer loop
      vertex -2.100057e+000  4.647986e+001 -1.247540e+000
      vertex -1.301571e+000  4.489750e+001 -8.790117e-002
      vertex -8.445016e-001  4.728489e+001 -8.768722e-002
    endloop
  endfacet
  facet normal -7.130567e-001  1.158804e-001  6.914635e-001
    outer loop
      vertex -2.100057e+000  4.647986e+001 -1.247540e+000
      vertex -8.445016e-001  4.728489e+001 -8.768722e-002
      vertex -1.894707e+000  4.743565e+001 -1.195955e+000
    endloop
  endfacet
  facet normal -7.213888e-001  5.364432e-002  6.904495e-001
    outer loop
      vertex -5.926324e-001  5.067364e+001 -8.782034e-002
      vertex -7.970995e-001  5.067300e+001 -3.013999e-001
      vertex -8.445016e-001  4.728489e+001 -8.768722e-002
    endloop
  endfacet
  facet normal -7.211651e-001  5.365587e-002  6.906822e-001
    outer loop
      vertex -8.445016e-001  4.728489e+001 -8.768722e-002
      vertex -7.970995e-001  5.067300e+001 -3.013999e-001
      vertex -1.894707e+000  4.743565e+001 -1.195955e+000
    endloop
  endfacet
  facet normal  7.579594e-001  1.449039e-001  6.360036e-001
    outer loop
      vertex  1.807778e+000  3.837071e+001  2.154425e+000
      vertex  2.435612e+000  3.837071e+001  1.406201e+000
      vertex  1.796051e+000  4.000500e+001  1.796051e+000
    endloop
  endfacet
  facet normal  9.902688e-001  1.391678e-001  -0.000000e+000
    outer loop
      vertex  2.769676e+000  3.837071e+001  4.883686e-001
      vertex  2.769676e+000  3.837071e+001 -4.883686e-001
      vertex  2.540000e+000  4.000500e+001  1.555301e-016
    endloop
  endfacet
  facet normal  8.975077e-001  2.372230e-001  3.717598e-001
    outer loop
      vertex  1.796051e+000  4.000500e+001  1.796051e+000
      vertex  2.769676e+000  3.837071e+001  4.883686e-001
      vertex  2.540000e+000  4.000500e+001  1.555301e-016
    endloop
  endfacet
  facet normal  9.034327e-001  2.751091e-001  3.288226e-001
    outer loop
      vertex  2.435612e+000  3.837071e+001  1.406201e+000
      vertex  2.769676e+000  3.837071e+001  4.883686e-001
      vertex  1.796051e+000  4.000500e+001  1.796051e+000
    endloop
  endfacet
  facet normal  7.579594e-001  1.449039e-001 -6.360036e-001
    outer loop
      vertex  2.435612e+000  3.837071e+001 -1.406201e+000
      vertex  1.807778e+000  3.837071e+001 -2.154425e+000
      vertex  1.796051e+000  4.000500e+001 -1.796051e+000
    endloop
  endfacet
  facet normal  8.918812e-001  2.609021e-001 -3.694292e-001
    outer loop
      vertex  2.540000e+000  4.000500e+001  1.555301e-016
      vertex  2.435612e+000  3.837071e+001 -1.406201e+000
      vertex  1.796051e+000  4.000500e+001 -1.796051e+000
    endloop
  endfacet
  facet normal  9.149225e-001  2.280893e-001 -3.330045e-001
    outer loop
      vertex  2.769676e+000  3.837071e+001 -4.883686e-001
      vertex  2.435612e+000  3.837071e+001 -1.406201e+000
      vertex  2.540000e+000  4.000500e+001  1.555301e-016
    endloop
  endfacet
  facet normal  4.908951e-001  1.899696e-001 -8.502551e-001
    outer loop
      vertex  1.807778e+000  3.837071e+001 -2.154425e+000
      vertex  9.618984e-001  3.837071e+001 -2.642794e+000
      vertex  1.796051e+000  4.000500e+001 -1.796051e+000
    endloop
  endfacet
  facet normal  3.892073e-001  6.276534e-001  6.742172e-001
    outer loop
      vertex  1.800160e+000  3.691313e+001  3.117781e+000
      vertex  1.832181e+000  3.692078e+001  3.092169e+000
      vertex  1.768713e+000  3.691838e+001  3.131041e+000
    endloop
  endfacet
  facet normal  7.785025e-001  6.276416e-001  4.680675e-005
    outer loop
      vertex  3.600157e+000  3.691313e+001 -9.424193e-005
      vertex  3.593987e+000  3.692078e+001 -4.063066e-002
      vertex  3.595917e+000  3.691838e+001  3.377009e-002
    endloop
  endfacet
  facet normal  3.892898e-001  6.276441e-001 -6.741784e-001
    outer loop
      vertex  1.799997e+000  3.691313e+001 -3.117875e+000
      vertex  1.761806e+000  3.692078e+001 -3.132800e+000
      vertex  1.827205e+000  3.691838e+001 -3.097271e+000
    endloop
  endfacet
  facet normal  6.492674e-002  2.473944e-001  9.667370e-001
    outer loop
      vertex -6.221206e-016  4.000500e+001  2.540000e+000
      vertex  0.000000e+000  3.758463e+001  3.159388e+000
      vertex  9.129438e-001  3.737379e+001  3.152029e+000
    endloop
  endfacet
  facet normal  5.355440e-001  3.631618e-001  7.624343e-001
    outer loop
      vertex -6.221206e-016  4.000500e+001  2.540000e+000
      vertex  9.129438e-001  3.737379e+001  3.152029e+000
      vertex  9.618984e-001  3.837071e+001  2.642794e+000
    endloop
  endfacet
  facet normal  4.721119e-001  3.293050e-001  8.177215e-001
    outer loop
      vertex -6.221206e-016  4.000500e+001  2.540000e+000
      vertex  9.618984e-001  3.837071e+001  2.642794e+000
      vertex  1.807778e+000  3.837071e+001  2.154425e+000
    endloop
  endfacet
  facet normal  3.748622e-001  2.011411e-001  9.049975e-001
    outer loop
      vertex -6.221206e-016  4.000500e+001  2.540000e+000
      vertex  1.807778e+000  3.837071e+001  2.154425e+000
      vertex  1.796051e+000  4.000500e+001  1.796051e+000
    endloop
  endfacet
  facet normal  6.272659e-001  4.312792e-001  6.484873e-001
    outer loop
      vertex  1.848348e+000  3.693386e+001  3.070762e+000
      vertex  2.269721e+000  3.737078e+001  2.372602e+000
      vertex  1.807778e+000  3.837071e+001  2.154425e+000
    endloop
  endfacet
  facet normal  4.350574e-001  4.928494e-001  7.535413e-001
    outer loop
      vertex  1.848348e+000  3.693386e+001  3.070762e+000
      vertex  1.807778e+000  3.837071e+001  2.154425e+000
      vertex  9.618984e-001  3.837071e+001  2.642794e+000
    endloop
  endfacet
  facet normal  2.754532e-001  4.265399e-001  8.615041e-001
    outer loop
      vertex  1.848348e+000  3.693386e+001  3.070762e+000
      vertex  9.618984e-001  3.837071e+001  2.642794e+000
      vertex  9.129438e-001  3.737379e+001  3.152029e+000
    endloop
  endfacet
  facet normal  3.710657e-001  6.702554e-001  6.427035e-001
    outer loop
      vertex  1.848348e+000  3.693386e+001  3.070762e+000
      vertex  9.129438e-001  3.737379e+001  3.152029e+000
      vertex  1.735184e+000  3.693386e+001  3.136097e+000
    endloop
  endfacet
  facet normal  3.904118e-001  6.247531e-001  6.762117e-001
    outer loop
      vertex  1.848348e+000  3.693386e+001  3.070762e+000
      vertex  1.735184e+000  3.693386e+001  3.136097e+000
      vertex  1.768713e+000  3.691838e+001  3.131041e+000
    endloop
  endfacet
  facet normal  3.907424e-001  6.242211e-001  6.765118e-001
    outer loop
      vertex  1.848348e+000  3.693386e+001  3.070762e+000
      vertex  1.768713e+000  3.691838e+001  3.131041e+000
      vertex  1.832181e+000  3.692078e+001  3.092169e+000
    endloop
  endfacet
  facet normal  8.752394e-001  4.312792e-001 -2.189845e-001
    outer loop
      vertex  3.583532e+000  3.693386e+001 -6.533536e-002
      vertex  3.189594e+000  3.737078e+001 -7.793353e-001
      vertex  2.769676e+000  3.837071e+001 -4.883686e-001
    endloop
  endfacet
  facet normal  8.701146e-001  4.928494e-001  -0.000000e+000
    outer loop
      vertex  3.583532e+000  3.693386e+001 -6.533536e-002
      vertex  2.769676e+000  3.837071e+001 -4.883686e-001
      vertex  2.769676e+000  3.837071e+001  4.883686e-001
    endloop
  endfacet
  facet normal  8.838090e-001  4.265070e-001  1.922850e-001
    outer loop
      vertex  3.583532e+000  3.693386e+001 -6.533536e-002
      vertex  2.769676e+000  3.837071e+001  4.883686e-001
      vertex  3.185858e+000  3.737411e+001  7.860109e-001
    endloop
  endfacet
  facet normal  7.420732e-001  6.703190e-001  0.000000e+000
    outer loop
      vertex  3.583532e+000  3.693386e+001 -6.533536e-002
      vertex  3.185858e+000  3.737411e+001  7.860109e-001
      vertex  3.583532e+000  3.693386e+001  6.533536e-002
    endloop
  endfacet
  facet normal  7.808242e-001  6.247508e-001  0.000000e+000
    outer loop
      vertex  3.583532e+000  3.693386e+001 -6.533536e-002
      vertex  3.583532e+000  3.693386e+001  6.533536e-002
      vertex  3.595917e+000  3.691838e+001  3.377009e-002
    endloop
  endfacet
  facet normal  7.812440e-001  6.242258e-001 -1.344684e-004
    outer loop
      vertex  3.583532e+000  3.693386e+001 -6.533536e-002
      vertex  3.595917e+000  3.691838e+001  3.377009e-002
      vertex  3.593987e+000  3.692078e+001 -4.063066e-002
    endloop
  endfacet
  facet normal  2.479944e-001  4.312870e-001 -8.674620e-001
    outer loop
      vertex  1.735184e+000  3.693386e+001 -3.136097e+000
      vertex  9.201802e-001  3.737066e+001 -3.151930e+000
      vertex  9.618984e-001  3.837071e+001 -2.642794e+000
    endloop
  endfacet
  facet normal  4.350574e-001  4.928494e-001 -7.535413e-001
    outer loop
      vertex  1.735184e+000  3.693386e+001 -3.136097e+000
      vertex  9.618984e-001  3.837071e+001 -2.642794e+000
      vertex  1.807778e+000  3.837071e+001 -2.154425e+000
    endloop
  endfacet
  facet normal  6.084282e-001  4.265070e-001 -6.692584e-001
    outer loop
      vertex  1.735184e+000  3.693386e+001 -3.136097e+000
      vertex  1.807778e+000  3.837071e+001 -2.154425e+000
      vertex  2.273634e+000  3.737411e+001 -2.366028e+000
    endloop
  endfacet
  facet normal  3.710373e-001  6.703185e-001 -6.426543e-001
    outer loop
      vertex  1.735184e+000  3.693386e+001 -3.136097e+000
      vertex  2.273634e+000  3.737411e+001 -2.366028e+000
      vertex  1.848348e+000  3.693386e+001 -3.070762e+000
    endloop
  endfacet
  facet normal  3.904105e-001  6.247564e-001 -6.762094e-001
    outer loop
      vertex  1.735184e+000  3.693386e+001 -3.136097e+000
      vertex  1.848348e+000  3.693386e+001 -3.070762e+000
      vertex  1.827205e+000  3.691838e+001 -3.097271e+000
    endloop
  endfacet
  facet normal  3.905054e-001  6.242231e-001 -6.766469e-001
    outer loop
      vertex  1.735184e+000  3.693386e+001 -3.136097e+000
      vertex  1.827205e+000  3.691838e+001 -3.097271e+000
      vertex  1.761806e+000  3.692078e+001 -3.132800e+000
    endloop
  endfacet
  facet normal  8.423103e-001  4.433109e-001  3.065759e-001
    outer loop
      vertex  2.769676e+000  3.837071e+001  4.883686e-001
      vertex  2.435612e+000  3.837071e+001  1.406201e+000
      vertex  3.185858e+000  3.737411e+001  7.860109e-001
    endloop
  endfacet
  facet normal  8.382472e-001  4.012636e-001  3.692277e-001
    outer loop
      vertex  3.185858e+000  3.737411e+001  7.860109e-001
      vertex  2.435612e+000  3.837071e+001  1.406201e+000
      vertex  2.733477e+000  3.758464e+001  1.584237e+000
    endloop
  endfacet
  facet normal  7.022389e-001  3.995582e-001  5.892484e-001
    outer loop
      vertex  2.435612e+000  3.837071e+001  1.406201e+000
      vertex  1.807778e+000  3.837071e+001  2.154425e+000
      vertex  2.733477e+000  3.758464e+001  1.584237e+000
    endloop
  endfacet
  facet normal  7.126546e-001  4.471694e-001  5.405210e-001
    outer loop
      vertex  2.733477e+000  3.758464e+001  1.584237e+000
      vertex  1.807778e+000  3.837071e+001  2.154425e+000
      vertex  2.269721e+000  3.737078e+001  2.372602e+000
    endloop
  endfacet
  facet normal  6.866576e-001  4.433109e-001 -5.761742e-001
    outer loop
      vertex  1.807778e+000  3.837071e+001 -2.154425e+000
      vertex  2.435612e+000  3.837071e+001 -1.406201e+000
      vertex  2.273634e+000  3.737411e+001 -2.366028e+000
    endloop
  endfacet
  facet normal  7.388842e-001  4.012637e-001 -5.413297e-001
    outer loop
      vertex  2.273634e+000  3.737411e+001 -2.366028e+000
      vertex  2.435612e+000  3.837071e+001 -1.406201e+000
      vertex  2.738729e+000  3.758464e+001 -1.575142e+000
    endloop
  endfacet
  facet normal  8.614236e-001  3.995583e-001 -3.135325e-001
    outer loop
      vertex  2.435612e+000  3.837071e+001 -1.406201e+000
      vertex  2.769676e+000  3.837071e+001 -4.883686e-001
      vertex  2.738729e+000  3.758464e+001 -1.575142e+000
    endloop
  endfacet
  facet normal  8.244321e-001  4.471694e-001 -3.469164e-001
    outer loop
      vertex  2.738729e+000  3.758464e+001 -1.575142e+000
      vertex  2.769676e+000  3.837071e+001 -4.883686e-001
      vertex  3.189594e+000  3.737078e+001 -7.793353e-001
    endloop
  endfacet
  facet normal  3.681886e-001  2.726148e-001 -8.888860e-001
    outer loop
      vertex  1.796051e+000  4.000500e+001 -1.796051e+000
      vertex  9.618984e-001  3.837071e+001 -2.642794e+000
      vertex  3.110603e-016  4.000500e+001 -2.540000e+000
    endloop
  endfacet
  facet normal  5.380583e-001  3.644902e-001 -7.600263e-001
    outer loop
      vertex  3.110603e-016  4.000500e+001 -2.540000e+000
      vertex  9.618984e-001  3.837071e+001 -2.642794e+000
      vertex  9.201802e-001  3.737066e+001 -3.151930e+000
    endloop
  endfacet
  facet normal  6.536282e-002  2.473874e-001 -9.667095e-001
    outer loop
      vertex  3.110603e-016  4.000500e+001 -2.540000e+000
      vertex  9.201802e-001  3.737066e+001 -3.151930e+000
      vertex -1.156355e-011  3.758463e+001 -3.159388e+000
    endloop
  endfacet
  facet normal  0.000000e+000  1.000000e+000  0.000000e+000
    outer loop
      vertex  3.892242e-001  5.080000e+001  7.053591e-001
      vertex  7.053591e-001  5.080000e+001  3.892242e-001
      vertex  5.008960e-001  5.080000e+001  1.756442e-001
    endloop
  endfacet
  facet normal  0.000000e+000  9.999999e-001  0.000000e+000
    outer loop
      vertex  3.892242e-001  5.080000e+001  7.053591e-001
      vertex  5.008960e-001  5.080000e+001  1.756442e-001
      vertex  4.566797e-001  5.080000e+001  1.120663e-001
    endloop
  endfacet
  facet normal  0.000000e+000  1.000000e+000  0.000000e+000
    outer loop
      vertex  3.892242e-001  5.080000e+001  7.053591e-001
      vertex  4.566797e-001  5.080000e+001  1.120663e-001
      vertex  4.333766e-001  5.080000e+001  3.838419e-002
    endloop
  endfacet
  facet normal  0.000000e+000  1.000000e+000  0.000000e+000
    outer loop
      vertex  3.892242e-001  5.080000e+001  7.053591e-001
      vertex  4.333766e-001  5.080000e+001  3.838419e-002
      vertex  3.892242e-001  5.080000e+001 -7.053591e-001
    endloop
  endfacet
  facet normal  0.000000e+000  1.000000e+000  -0.000000e+000
    outer loop
      vertex  3.892242e-001  5.080000e+001  7.053591e-001
      vertex  3.892242e-001  5.080000e+001 -7.053591e-001
      vertex  1.756442e-001  5.080000e+001 -5.008960e-001
    endloop
  endfacet
  facet normal  0.000000e+000  9.999999e-001  0.000000e+000
    outer loop
      vertex  3.892242e-001  5.080000e+001  7.053591e-001
      vertex  1.756442e-001  5.080000e+001 -5.008960e-001
      vertex  1.756442e-001  5.080000e+001  5.008960e-001
    endloop
  endfacet
  facet normal  -0.000000e+000  1.000000e+000  0.000000e+000
    outer loop
      vertex -3.892242e-001  5.080000e+001 -7.053591e-001
      vertex -7.053591e-001  5.080000e+001 -3.892242e-001
      vertex -5.008960e-001  5.080000e+001 -1.756442e-001
    endloop
  endfacet
  facet normal  -0.000000e+000  9.999999e-001  0.000000e+000
    outer loop
      vertex -3.892242e-001  5.080000e+001 -7.053591e-001
      vertex -5.008960e-001  5.080000e+001 -1.756442e-001
      vertex -4.566797e-001  5.080000e+001 -1.120663e-001
    endloop
  endfacet
  facet normal  -0.000000e+000  1.000000e+000  0.000000e+000
    outer loop
      vertex -3.892242e-001  5.080000e+001 -7.053591e-001
      vertex -4.566797e-001  5.080000e+001 -1.120663e-001
      vertex -4.333766e-001  5.080000e+001 -3.838419e-002
    endloop
  endfacet
  facet normal  -0.000000e+000  1.000000e+000  0.000000e+000
    outer loop
      vertex -3.892242e-001  5.080000e+001 -7.053591e-001
      vertex -4.333766e-001  5.080000e+001 -3.838419e-002
      vertex -3.892242e-001  5.080000e+001  7.053591e-001
    endloop
  endfacet
  facet normal  0.000000e+000  1.000000e+000  0.000000e+000
    outer loop
      vertex -3.892242e-001  5.080000e+001 -7.053591e-001
      vertex -3.892242e-001  5.080000e+001  7.053591e-001
      vertex -1.756442e-001  5.080000e+001  5.008960e-001
    endloop
  endfacet
  facet normal  0.000000e+000  9.999999e-001  0.000000e+000
    outer loop
      vertex -3.892242e-001  5.080000e+001 -7.053591e-001
      vertex -1.756442e-001  5.080000e+001  5.008960e-001
      vertex -1.756442e-001  5.080000e+001 -5.008960e-001
    endloop
  endfacet
  facet normal  0.000000e+000  1.000000e+000  0.000000e+000
    outer loop
      vertex  3.892242e-001  5.080000e+001 -7.053591e-001
      vertex  4.333766e-001  5.080000e+001  3.838419e-002
      vertex  4.334442e-001  5.080000e+001 -3.855680e-002
    endloop
  endfacet
  facet normal  0.000000e+000  1.000000e+000  0.000000e+000
    outer loop
      vertex  3.892242e-001  5.080000e+001 -7.053591e-001
      vertex  4.334442e-001  5.080000e+001 -3.855680e-002
      vertex  4.565954e-001  5.080000e+001 -1.120698e-001
    endloop
  endfacet
  facet normal  0.000000e+000  1.000000e+000  0.000000e+000
    outer loop
      vertex  3.892242e-001  5.080000e+001 -7.053591e-001
      vertex  4.565954e-001  5.080000e+001 -1.120698e-001
      vertex  5.008960e-001  5.080000e+001 -1.756442e-001
    endloop
  endfacet
  facet normal  0.000000e+000  1.000000e+000  0.000000e+000
    outer loop
      vertex  3.892242e-001  5.080000e+001 -7.053591e-001
      vertex  5.008960e-001  5.080000e+001 -1.756442e-001
      vertex  7.053591e-001  5.080000e+001 -3.892242e-001
    endloop
  endfacet
  facet normal  0.000000e+000  1.000000e+000  -0.000000e+000
    outer loop
      vertex -3.892242e-001  5.080000e+001  7.053591e-001
      vertex -4.333766e-001  5.080000e+001 -3.838419e-002
      vertex -4.334442e-001  5.080000e+001  3.855680e-002
    endloop
  endfacet
  facet normal  0.000000e+000  1.000000e+000  -0.000000e+000
    outer loop
      vertex -3.892242e-001  5.080000e+001  7.053591e-001
      vertex -4.334442e-001  5.080000e+001  3.855680e-002
      vertex -4.565954e-001  5.080000e+001  1.120698e-001
    endloop
  endfacet
  facet normal  0.000000e+000  1.000000e+000  -0.000000e+000
    outer loop
      vertex -3.892242e-001  5.080000e+001  7.053591e-001
      vertex -4.565954e-001  5.080000e+001  1.120698e-001
      vertex -5.008960e-001  5.080000e+001  1.756442e-001
    endloop
  endfacet
  facet normal  0.000000e+000  1.000000e+000  -0.000000e+000
    outer loop
      vertex -3.892242e-001  5.080000e+001  7.053591e-001
      vertex -5.008960e-001  5.080000e+001  1.756442e-001
      vertex -7.053591e-001  5.080000e+001  3.892242e-001
    endloop
  endfacet
  facet normal  0.000000e+000  1.000000e+000  -0.000000e+000
    outer loop
      vertex  1.756442e-001  5.080000e+001  5.008960e-001
      vertex  1.756442e-001  5.080000e+001 -5.008960e-001
      vertex  1.120698e-001  5.080000e+001  4.565954e-001
    endloop
  endfacet
  facet normal  0.000000e+000  1.000000e+000  0.000000e+000
    outer loop
      vertex  1.120698e-001  5.080000e+001  4.565954e-001
      vertex  1.756442e-001  5.080000e+001 -5.008960e-001
      vertex  1.120663e-001  5.080000e+001 -4.566797e-001
    endloop
  endfacet
  facet normal  0.000000e+000  1.000000e+000  -0.000000e+000
    outer loop
      vertex  1.120698e-001  5.080000e+001  4.565954e-001
      vertex  1.120663e-001  5.080000e+001 -4.566797e-001
      vertex  3.855680e-002  5.080000e+001  4.334442e-001
    endloop
  endfacet
  facet normal  0.000000e+000  1.000000e+000  0.000000e+000
    outer loop
      vertex  3.855680e-002  5.080000e+001  4.334442e-001
      vertex  1.120663e-001  5.080000e+001 -4.566797e-001
      vertex  3.838419e-002  5.080000e+001 -4.333766e-001
    endloop
  endfacet
  facet normal  0.000000e+000  1.000000e+000  -0.000000e+000
    outer loop
      vertex  3.855680e-002  5.080000e+001  4.334442e-001
      vertex  3.838419e-002  5.080000e+001 -4.333766e-001
      vertex -3.838419e-002  5.080000e+001  4.333766e-001
    endloop
  endfacet
  facet normal  0.000000e+000  1.000000e+000  0.000000e+000
    outer loop
      vertex -3.838419e-002  5.080000e+001  4.333766e-001
      vertex  3.838419e-002  5.080000e+001 -4.333766e-001
      vertex -3.855680e-002  5.080000e+001 -4.334442e-001
    endloop
  endfacet
  facet normal  0.000000e+000  1.000000e+000  -0.000000e+000
    outer loop
      vertex -3.838419e-002  5.080000e+001  4.333766e-001
      vertex -3.855680e-002  5.080000e+001 -4.334442e-001
      vertex -1.120663e-001  5.080000e+001  4.566797e-001
    endloop
  endfacet
  facet normal  0.000000e+000  1.000000e+000  0.000000e+000
    outer loop
      vertex -1.120663e-001  5.080000e+001  4.566797e-001
      vertex -3.855680e-002  5.080000e+001 -4.334442e-001
      vertex -1.120698e-001  5.080000e+001 -4.565954e-001
    endloop
  endfacet
  facet normal  0.000000e+000  1.000000e+000  -0.000000e+000
    outer loop
      vertex -1.120663e-001  5.080000e+001  4.566797e-001
      vertex -1.120698e-001  5.080000e+001 -4.565954e-001
      vertex -1.756442e-001  5.080000e+001  5.008960e-001
    endloop
  endfacet
  facet normal  0.000000e+000  1.000000e+000  0.000000e+000
    outer loop
      vertex -1.756442e-001  5.080000e+001  5.008960e-001
      vertex -1.120698e-001  5.080000e+001 -4.565954e-001
      vertex -1.756442e-001  5.080000e+001 -5.008960e-001
    endloop
  endfacet
  facet normal -3.826834e-001  2.424556e-016  9.238796e-001
    outer loop
      vertex -1.796051e+000  4.000500e+001  1.796051e+000
      vertex -6.221206e-016  4.000500e+001  2.540000e+000
      vertex  6.938894e-018  4.099789e+001  2.540000e+000
    endloop
  endfacet
  facet normal -6.908731e-002 -5.151460e-001  8.543135e-001
    outer loop
      vertex -1.796051e+000  4.000500e+001  1.796051e+000
      vertex  6.938894e-018  4.099789e+001  2.540000e+000
      vertex -2.411353e-002  4.100093e+001  2.539886e+000
    endloop
  endfacet
  facet normal -1.843016e-001 -3.562552e-001  9.160323e-001
    outer loop
      vertex -1.796051e+000  4.000500e+001  1.796051e+000
      vertex -2.411353e-002  4.100093e+001  2.539886e+000
      vertex -6.827956e-002  4.102171e+001  2.539082e+000
    endloop
  endfacet
  facet normal -2.445046e-001 -2.659552e-001  9.324620e-001
    outer loop
      vertex -1.796051e+000  4.000500e+001  1.796051e+000
      vertex -6.827956e-002  4.102171e+001  2.539082e+000
      vertex -8.769967e-002  4.103748e+001  2.538486e+000
    endloop
  endfacet
  facet normal -2.781328e-001 -2.132660e-001  9.365681e-001
    outer loop
      vertex -1.796051e+000  4.000500e+001  1.796051e+000
      vertex -8.769967e-002  4.103748e+001  2.538486e+000
      vertex -1.185986e-001  4.107226e+001  2.537230e+000
    endloop
  endfacet
  facet normal -3.228542e-001 -1.423594e-001  9.356810e-001
    outer loop
      vertex -1.796051e+000  4.000500e+001  1.796051e+000
      vertex -1.185986e-001  4.107226e+001  2.537230e+000
      vertex -1.848849e-001  4.119651e+001  2.533262e+000
    endloop
  endfacet
  facet normal -3.617410e-001 -8.525439e-002  9.283724e-001
    outer loop
      vertex -1.796051e+000  4.000500e+001  1.796051e+000
      vertex -1.848849e-001  4.119651e+001  2.533262e+000
      vertex -4.819168e-001  4.202781e+001  2.493864e+000
    endloop
  endfacet
  facet normal -4.193801e-001 -4.040520e-002  9.069111e-001
    outer loop
      vertex -1.796051e+000  4.000500e+001  1.796051e+000
      vertex -4.819168e-001  4.202781e+001  2.493864e+000
      vertex -9.607934e-001  4.379770e+001  2.351271e+000
    endloop
  endfacet
  facet normal -4.992069e-001 -1.688264e-002  8.663183e-001
    outer loop
      vertex -1.796051e+000  4.000500e+001  1.796051e+000
      vertex -9.607934e-001  4.379770e+001  2.351271e+000
      vertex -1.216703e+000  4.512265e+001  2.229626e+000
    endloop
  endfacet
  facet normal -5.554744e-001 -7.562901e-003  8.314992e-001
    outer loop
      vertex -1.796051e+000  4.000500e+001  1.796051e+000
      vertex -1.216703e+000  4.512265e+001  2.229626e+000
      vertex -1.405645e+000  4.646333e+001  2.115600e+000
    endloop
  endfacet
  facet normal -7.070855e-001  7.757814e-003  7.070855e-001
    outer loop
      vertex -1.796051e+000  4.000500e+001  1.796051e+000
      vertex -1.405645e+000  4.646333e+001  2.115600e+000
      vertex -2.115600e+000  4.646333e+001  1.405645e+000
    endloop
  endfacet
  facet normal -8.315275e-001 -7.566862e-003  5.554320e-001
    outer loop
      vertex -1.796051e+000  4.000500e+001  1.796051e+000
      vertex -2.115600e+000  4.646333e+001  1.405645e+000
      vertex -2.229785e+000  4.512093e+001  1.216412e+000
    endloop
  endfacet
  facet normal -8.663746e-001 -1.690272e-002  4.991088e-001
    outer loop
      vertex -1.796051e+000  4.000500e+001  1.796051e+000
      vertex -2.229785e+000  4.512093e+001  1.216412e+000
      vertex -2.351484e+000  4.379541e+001  9.602717e-001
    endloop
  endfacet
  facet normal -9.226804e-001 -5.093475e-002  3.821867e-001
    outer loop
      vertex -1.796051e+000  4.000500e+001  1.796051e+000
      vertex -2.351484e+000  4.379541e+001  9.602717e-001
      vertex -2.540000e+000  4.000500e+001 -4.665904e-016
    endloop
  endfacet
  facet normal -2.217271e-001 -2.290944e-001  9.478147e-001
    outer loop
      vertex -2.540000e+000  4.000500e+001 -4.665904e-016
      vertex -2.351484e+000  4.379541e+001  9.602717e-001
      vertex -2.472846e+000  4.234042e+001  5.802000e-001
    endloop
  endfacet
  facet normal -9.701801e-001 -3.179936e-002  2.402902e-001
    outer loop
      vertex -2.540000e+000  4.000500e+001 -4.665904e-016
      vertex -2.472846e+000  4.234042e+001  5.802000e-001
      vertex -2.533262e+000  4.119651e+001  1.848849e-001
    endloop
  endfacet
  facet normal -9.975808e-001 -5.116357e-003  6.932743e-002
    outer loop
      vertex -2.540000e+000  4.000500e+001 -4.665904e-016
      vertex -2.533262e+000  4.119651e+001  1.848849e-001
      vertex -2.537224e+000  4.107241e+001  1.187187e-001
    endloop
  endfacet
  facet normal -9.990773e-001 -2.172605e-003  4.289480e-002
    outer loop
      vertex -2.540000e+000  4.000500e+001 -4.665904e-016
      vertex -2.537224e+000  4.107241e+001  1.187187e-001
      vertex -2.538516e+000  4.103656e+001  8.681603e-002
    endloop
  endfacet
  facet normal -9.995097e-001 -1.194977e-003  3.128590e-002
    outer loop
      vertex -2.540000e+000  4.000500e+001 -4.665904e-016
      vertex -2.538516e+000  4.103656e+001  8.681603e-002
      vertex -2.539110e+000  4.102093e+001  6.724537e-002
    endloop
  endfacet
  facet normal -9.997967e-001 -4.581913e-004  2.015848e-002
    outer loop
      vertex -2.540000e+000  4.000500e+001 -4.665904e-016
      vertex -2.539110e+000  4.102093e+001  6.724537e-002
      vertex -2.539773e+000  4.100391e+001  3.397370e-002
    endloop
  endfacet
  facet normal -9.999775e-001 -8.131181e-007  6.711662e-003
    outer loop
      vertex -2.540000e+000  4.000500e+001 -4.665904e-016
      vertex -2.539773e+000  4.100391e+001  3.397370e-002
      vertex -2.540000e+000  4.099789e+001  1.202915e-004
    endloop
  endfacet
  facet normal -9.999934e-001  4.408135e-007 -3.638501e-003
    outer loop
      vertex -2.540000e+000  4.000500e+001 -4.665904e-016
      vertex -2.540000e+000  4.099789e+001  1.202915e-004
      vertex -2.539932e+000  4.099977e+001 -1.861996e-002
    endloop
  endfacet
  facet normal -9.238563e-001 -7.099479e-003 -3.826738e-001
    outer loop
      vertex -2.540000e+000  4.000500e+001 -4.665904e-016
      vertex -2.539932e+000  4.099977e+001 -1.861996e-002
      vertex -1.796051e+000  4.000500e+001 -1.796051e+000
    endloop
  endfacet
  facet normal -9.054644e-001 -3.936639e-001 -1.586283e-001
    outer loop
      vertex -1.796051e+000  4.000500e+001 -1.796051e+000
      vertex -2.539932e+000  4.099977e+001 -1.861996e-002
      vertex -2.539424e+000  4.101290e+001 -5.408327e-002
    endloop
  endfacet
  facet normal -9.316754e-001 -2.731106e-001 -2.395653e-001
    outer loop
      vertex -1.796051e+000  4.000500e+001 -1.796051e+000
      vertex -2.539424e+000  4.101290e+001 -5.408327e-002
      vertex -2.538196e+000  4.104523e+001 -9.572645e-002
    endloop
  endfacet
  facet normal -9.371489e-001 -1.841638e-001 -2.963706e-001
    outer loop
      vertex -1.796051e+000  4.000500e+001 -1.796051e+000
      vertex -2.538196e+000  4.104523e+001 -9.572645e-002
      vertex -2.535813e+000  4.111366e+001 -1.457811e-001
    endloop
  endfacet
  facet normal -9.342881e-001 -1.282455e-001 -3.326545e-001
    outer loop
      vertex -1.796051e+000  4.000500e+001 -1.796051e+000
      vertex -2.535813e+000  4.111366e+001 -1.457811e-001
      vertex -2.533262e+000  4.119651e+001 -1.848849e-001
    endloop
  endfacet
  facet normal -9.283724e-001 -8.525439e-002 -3.617410e-001
    outer loop
      vertex -1.796051e+000  4.000500e+001 -1.796051e+000
      vertex -2.533262e+000  4.119651e+001 -1.848849e-001
      vertex -2.493864e+000  4.202781e+001 -4.819168e-001
    endloop
  endfacet
  facet normal -9.069111e-001 -4.040520e-002 -4.193801e-001
    outer loop
      vertex -1.796051e+000  4.000500e+001 -1.796051e+000
      vertex -2.493864e+000  4.202781e+001 -4.819168e-001
      vertex -2.351271e+000  4.379770e+001 -9.607934e-001
    endloop
  endfacet
  facet normal -8.663183e-001 -1.688264e-002 -4.992069e-001
    outer loop
      vertex -1.796051e+000  4.000500e+001 -1.796051e+000
      vertex -2.351271e+000  4.379770e+001 -9.607934e-001
      vertex -2.229626e+000  4.512265e+001 -1.216703e+000
    endloop
  endfacet
  facet normal -8.314992e-001 -7.562901e-003 -5.554744e-001
    outer loop
      vertex -1.796051e+000  4.000500e+001 -1.796051e+000
      vertex -2.229626e+000  4.512265e+001 -1.216703e+000
      vertex -2.115600e+000  4.646333e+001 -1.405645e+000
    endloop
  endfacet
  facet normal -7.070855e-001  7.757814e-003 -7.070855e-001
    outer loop
      vertex -1.796051e+000  4.000500e+001 -1.796051e+000
      vertex -2.115600e+000  4.646333e+001 -1.405645e+000
      vertex -1.405645e+000  4.646333e+001 -2.115600e+000
    endloop
  endfacet
  facet normal -5.554320e-001 -7.566862e-003 -8.315275e-001
    outer loop
      vertex -1.796051e+000  4.000500e+001 -1.796051e+000
      vertex -1.405645e+000  4.646333e+001 -2.115600e+000
      vertex -1.216412e+000  4.512093e+001 -2.229785e+000
    endloop
  endfacet
  facet normal -4.991088e-001 -1.690272e-002 -8.663746e-001
    outer loop
      vertex -1.796051e+000  4.000500e+001 -1.796051e+000
      vertex -1.216412e+000  4.512093e+001 -2.229785e+000
      vertex -9.602717e-001  4.379541e+001 -2.351484e+000
    endloop
  endfacet
  facet normal -3.821867e-001 -5.093475e-002 -9.226803e-001
    outer loop
      vertex -1.796051e+000  4.000500e+001 -1.796051e+000
      vertex -9.602717e-001  4.379541e+001 -2.351484e+000
      vertex  3.110603e-016  4.000500e+001 -2.540000e+000
    endloop
  endfacet
  facet normal -9.478147e-001 -2.290944e-001 -2.217271e-001
    outer loop
      vertex  3.110603e-016  4.000500e+001 -2.540000e+000
      vertex -9.602717e-001  4.379541e+001 -2.351484e+000
      vertex -5.802000e-001  4.234042e+001 -2.472846e+000
    endloop
  endfacet
  facet normal -2.402902e-001 -3.179936e-002 -9.701801e-001
    outer loop
      vertex  3.110603e-016  4.000500e+001 -2.540000e+000
      vertex -5.802000e-001  4.234042e+001 -2.472846e+000
      vertex -1.848849e-001  4.119651e+001 -2.533262e+000
    endloop
  endfacet
  facet normal -6.927335e-002 -5.107945e-003 -9.975846e-001
    outer loop
      vertex  3.110603e-016  4.000500e+001 -2.540000e+000
      vertex -1.848849e-001  4.119651e+001 -2.533262e+000
      vertex -1.185853e-001  4.107232e+001 -2.537230e+000
    endloop
  endfacet
  facet normal -4.284855e-002 -2.168105e-003 -9.990792e-001
    outer loop
      vertex  3.110603e-016  4.000500e+001 -2.540000e+000
      vertex -1.185853e-001  4.107232e+001 -2.537230e+000
      vertex -8.675608e-002  4.103665e+001 -2.538518e+000
    endloop
  endfacet
  facet normal -2.854845e-002 -9.648092e-004 -9.995919e-001
    outer loop
      vertex  3.110603e-016  4.000500e+001 -2.540000e+000
      vertex -8.675608e-002  4.103665e+001 -2.538518e+000
      vertex -5.466569e-002  4.101316e+001 -2.539412e+000
    endloop
  endfacet
  facet normal -1.456682e-002 -2.065038e-004 -9.998938e-001
    outer loop
      vertex  3.110603e-016  4.000500e+001 -2.540000e+000
      vertex -5.466569e-002  4.101316e+001 -2.539412e+000
      vertex -1.896284e-002  4.099978e+001 -2.539929e+000
    endloop
  endfacet
  facet normal -3.734136e-003  0.000000e+000 -9.999930e-001
    outer loop
      vertex  3.110603e-016  4.000500e+001 -2.540000e+000
      vertex -1.896284e-002  4.099978e+001 -2.539929e+000
      vertex  3.110603e-016  4.099789e+001 -2.540000e+000
    endloop
  endfacet
  facet normal -6.493523e-001  3.958321e-001 -6.493523e-001
    outer loop
      vertex -1.898820e+000  4.747325e+001 -1.351346e+000
      vertex -1.009095e+000  5.007575e+001 -6.546396e-001
      vertex -1.351346e+000  4.747325e+001 -1.898820e+000
    endloop
  endfacet
  facet normal -6.493523e-001  3.958322e-001 -6.493523e-001
    outer loop
      vertex -1.351346e+000  4.747325e+001 -1.898820e+000
      vertex -1.009095e+000  5.007575e+001 -6.546396e-001
      vertex -6.546396e-001  5.007575e+001 -1.009095e+000
    endloop
  endfacet
  facet normal -6.451935e-001  4.092073e-001 -6.451935e-001
    outer loop
      vertex -6.546396e-001  5.007575e+001 -1.009095e+000
      vertex -1.009095e+000  5.007575e+001 -6.546396e-001
      vertex -8.073861e-001  5.072350e+001 -4.455237e-001
    endloop
  endfacet
  facet normal -6.451935e-001  4.092074e-001 -6.451935e-001
    outer loop
      vertex -6.546396e-001  5.007575e+001 -1.009095e+000
      vertex -8.073861e-001  5.072350e+001 -4.455237e-001
      vertex -4.455237e-001  5.072350e+001 -8.073861e-001
    endloop
  endfacet
  facet normal -6.493523e-001  3.958321e-001  6.493523e-001
    outer loop
      vertex -1.351346e+000  4.747325e+001  1.898820e+000
      vertex -6.546396e-001  5.007575e+001  1.009095e+000
      vertex -1.898820e+000  4.747325e+001  1.351346e+000
    endloop
  endfacet
  facet normal -6.493523e-001  3.958322e-001  6.493523e-001
    outer loop
      vertex -1.898820e+000  4.747325e+001  1.351346e+000
      vertex -6.546396e-001  5.007575e+001  1.009095e+000
      vertex -1.009095e+000  5.007575e+001  6.546396e-001
    endloop
  endfacet
  facet normal -6.451935e-001  4.092073e-001  6.451935e-001
    outer loop
      vertex -1.009095e+000  5.007575e+001  6.546396e-001
      vertex -6.546396e-001  5.007575e+001  1.009095e+000
      vertex -4.455237e-001  5.072350e+001  8.073861e-001
    endloop
  endfacet
  facet normal -6.451935e-001  4.092074e-001  6.451935e-001
    outer loop
      vertex -1.009095e+000  5.007575e+001  6.546396e-001
      vertex -4.455237e-001  5.072350e+001  8.073861e-001
      vertex -8.073861e-001  5.072350e+001  4.455237e-001
    endloop
  endfacet
  facet normal  6.493524e-001  3.958322e-001 -6.493524e-001
    outer loop
      vertex  1.898820e+000  4.747325e+001 -1.351346e+000
      vertex  1.351346e+000  4.747325e+001 -1.898820e+000
      vertex  6.546396e-001  5.007575e+001 -1.009095e+000
    endloop
  endfacet
  facet normal  6.493523e-001  3.958322e-001 -6.493523e-001
    outer loop
      vertex  1.898820e+000  4.747325e+001 -1.351346e+000
      vertex  6.546396e-001  5.007575e+001 -1.009095e+000
      vertex  1.009095e+000  5.007575e+001 -6.546396e-001
    endloop
  endfacet
  facet normal  6.451935e-001  4.092073e-001 -6.451935e-001
    outer loop
      vertex  1.009095e+000  5.007575e+001 -6.546396e-001
      vertex  6.546396e-001  5.007575e+001 -1.009095e+000
      vertex  4.455237e-001  5.072350e+001 -8.073861e-001
    endloop
  endfacet
  facet normal  6.451935e-001  4.092074e-001 -6.451935e-001
    outer loop
      vertex  1.009095e+000  5.007575e+001 -6.546396e-001
      vertex  4.455237e-001  5.072350e+001 -8.073861e-001
      vertex  8.073861e-001  5.072350e+001 -4.455237e-001
    endloop
  endfacet
  facet normal  6.493523e-001  3.958321e-001  6.493523e-001
    outer loop
      vertex  1.898820e+000  4.747325e+001  1.351346e+000
      vertex  1.009095e+000  5.007575e+001  6.546396e-001
      vertex  1.351346e+000  4.747325e+001  1.898820e+000
    endloop
  endfacet
  facet normal  6.493523e-001  3.958322e-001  6.493523e-001
    outer loop
      vertex  1.351346e+000  4.747325e+001  1.898820e+000
      vertex  1.009095e+000  5.007575e+001  6.546396e-001
      vertex  6.546396e-001  5.007575e+001  1.009095e+000
    endloop
  endfacet
  facet normal  6.451935e-001  4.092073e-001  6.451935e-001
    outer loop
      vertex  6.546396e-001  5.007575e+001  1.009095e+000
      vertex  1.009095e+000  5.007575e+001  6.546396e-001
      vertex  8.073861e-001  5.072350e+001  4.455237e-001
    endloop
  endfacet
  facet normal  6.451935e-001  4.092074e-001  6.451935e-001
    outer loop
      vertex  6.546396e-001  5.007575e+001  1.009095e+000
      vertex  8.073861e-001  5.072350e+001  4.455237e-001
      vertex  4.455237e-001  5.072350e+001  8.073861e-001
    endloop
  endfacet
  facet normal -6.947048e-001  1.864691e-001 -6.947048e-001
    outer loop
      vertex -1.351346e+000  4.747325e+001 -1.898820e+000
      vertex -1.405645e+000  4.646333e+001 -2.115600e+000
      vertex -1.898820e+000  4.747325e+001 -1.351346e+000
    endloop
  endfacet
  facet normal -6.947048e-001  1.864691e-001 -6.947048e-001
    outer loop
      vertex -1.898820e+000  4.747325e+001 -1.351346e+000
      vertex -1.405645e+000  4.646333e+001 -2.115600e+000
      vertex -2.115600e+000  4.646333e+001 -1.405645e+000
    endloop
  endfacet
  facet normal -6.947048e-001  1.864691e-001  6.947048e-001
    outer loop
      vertex -1.351346e+000  4.747325e+001  1.898820e+000
      vertex -1.898820e+000  4.747325e+001  1.351346e+000
      vertex -1.405645e+000  4.646333e+001  2.115600e+000
    endloop
  endfacet
  facet normal -6.947048e-001  1.864691e-001  6.947048e-001
    outer loop
      vertex -1.405645e+000  4.646333e+001  2.115600e+000
      vertex -1.898820e+000  4.747325e+001  1.351346e+000
      vertex -2.115600e+000  4.646333e+001  1.405645e+000
    endloop
  endfacet
  facet normal  6.947048e-001  1.864691e-001 -6.947048e-001
    outer loop
      vertex  2.115600e+000  4.646333e+001 -1.405645e+000
      vertex  1.405645e+000  4.646333e+001 -2.115600e+000
      vertex  1.898820e+000  4.747325e+001 -1.351346e+000
    endloop
  endfacet
  facet normal  6.947048e-001  1.864691e-001 -6.947048e-001
    outer loop
      vertex  1.898820e+000  4.747325e+001 -1.351346e+000
      vertex  1.405645e+000  4.646333e+001 -2.115600e+000
      vertex  1.351346e+000  4.747325e+001 -1.898820e+000
    endloop
  endfacet
  facet normal  6.947048e-001  1.864691e-001  6.947048e-001
    outer loop
      vertex  2.115600e+000  4.646333e+001  1.405645e+000
      vertex  1.898820e+000  4.747325e+001  1.351346e+000
      vertex  1.405645e+000  4.646333e+001  2.115600e+000
    endloop
  endfacet
  facet normal  6.947048e-001  1.864691e-001  6.947048e-001
    outer loop
      vertex  1.405645e+000  4.646333e+001  2.115600e+000
      vertex  1.898820e+000  4.747325e+001  1.351346e+000
      vertex  1.351346e+000  4.747325e+001  1.898820e+000
    endloop
  endfacet
  facet normal  3.826834e-001  0.000000e+000 -9.238796e-001
    outer loop
      vertex  1.796051e+000  4.000500e+001 -1.796051e+000
      vertex  3.110603e-016  4.000500e+001 -2.540000e+000
      vertex  3.110603e-016  4.099789e+001 -2.540000e+000
    endloop
  endfacet
  facet normal  6.908731e-002 -5.151460e-001 -8.543135e-001
    outer loop
      vertex  1.796051e+000  4.000500e+001 -1.796051e+000
      vertex  3.110603e-016  4.099789e+001 -2.540000e+000
      vertex  2.411353e-002  4.100093e+001 -2.539886e+000
    endloop
  endfacet
  facet normal  1.843016e-001 -3.562552e-001 -9.160323e-001
    outer loop
      vertex  1.796051e+000  4.000500e+001 -1.796051e+000
      vertex  2.411353e-002  4.100093e+001 -2.539886e+000
      vertex  6.827956e-002  4.102171e+001 -2.539082e+000
    endloop
  endfacet
  facet normal  2.445046e-001 -2.659552e-001 -9.324620e-001
    outer loop
      vertex  1.796051e+000  4.000500e+001 -1.796051e+000
      vertex  6.827956e-002  4.102171e+001 -2.539082e+000
      vertex  8.769967e-002  4.103748e+001 -2.538486e+000
    endloop
  endfacet
  facet normal  2.781328e-001 -2.132660e-001 -9.365681e-001
    outer loop
      vertex  1.796051e+000  4.000500e+001 -1.796051e+000
      vertex  8.769967e-002  4.103748e+001 -2.538486e+000
      vertex  1.185986e-001  4.107226e+001 -2.537230e+000
    endloop
  endfacet
  facet normal  3.228542e-001 -1.423594e-001 -9.356810e-001
    outer loop
      vertex  1.796051e+000  4.000500e+001 -1.796051e+000
      vertex  1.185986e-001  4.107226e+001 -2.537230e+000
      vertex  1.848849e-001  4.119651e+001 -2.533262e+000
    endloop
  endfacet
  facet normal  3.617410e-001 -8.525439e-002 -9.283724e-001
    outer loop
      vertex  1.796051e+000  4.000500e+001 -1.796051e+000
      vertex  1.848849e-001  4.119651e+001 -2.533262e+000
      vertex  4.819168e-001  4.202781e+001 -2.493864e+000
    endloop
  endfacet
  facet normal  4.193801e-001 -4.040520e-002 -9.069111e-001
    outer loop
      vertex  1.796051e+000  4.000500e+001 -1.796051e+000
      vertex  4.819168e-001  4.202781e+001 -2.493864e+000
      vertex  9.607934e-001  4.379770e+001 -2.351271e+000
    endloop
  endfacet
  facet normal  4.992069e-001 -1.688264e-002 -8.663183e-001
    outer loop
      vertex  1.796051e+000  4.000500e+001 -1.796051e+000
      vertex  9.607934e-001  4.379770e+001 -2.351271e+000
      vertex  1.216703e+000  4.512265e+001 -2.229626e+000
    endloop
  endfacet
  facet normal  5.554744e-001 -7.562901e-003 -8.314992e-001
    outer loop
      vertex  1.796051e+000  4.000500e+001 -1.796051e+000
      vertex  1.216703e+000  4.512265e+001 -2.229626e+000
      vertex  1.405645e+000  4.646333e+001 -2.115600e+000
    endloop
  endfacet
  facet normal  7.070855e-001  7.757814e-003 -7.070855e-001
    outer loop
      vertex  1.796051e+000  4.000500e+001 -1.796051e+000
      vertex  1.405645e+000  4.646333e+001 -2.115600e+000
      vertex  2.115600e+000  4.646333e+001 -1.405645e+000
    endloop
  endfacet
  facet normal  8.315275e-001 -7.566862e-003 -5.554320e-001
    outer loop
      vertex  1.796051e+000  4.000500e+001 -1.796051e+000
      vertex  2.115600e+000  4.646333e+001 -1.405645e+000
      vertex  2.229785e+000  4.512093e+001 -1.216412e+000
    endloop
  endfacet
  facet normal  8.663746e-001 -1.690272e-002 -4.991088e-001
    outer loop
      vertex  1.796051e+000  4.000500e+001 -1.796051e+000
      vertex  2.229785e+000  4.512093e+001 -1.216412e+000
      vertex  2.351484e+000  4.379541e+001 -9.602717e-001
    endloop
  endfacet
  facet normal  9.226804e-001 -5.093475e-002 -3.821867e-001
    outer loop
      vertex  1.796051e+000  4.000500e+001 -1.796051e+000
      vertex  2.351484e+000  4.379541e+001 -9.602717e-001
      vertex  2.540000e+000  4.000500e+001  1.555301e-016
    endloop
  endfacet
  facet normal  2.217271e-001 -2.290944e-001 -9.478147e-001
    outer loop
      vertex  2.540000e+000  4.000500e+001  1.555301e-016
      vertex  2.351484e+000  4.379541e+001 -9.602717e-001
      vertex  2.472846e+000  4.234042e+001 -5.802000e-001
    endloop
  endfacet
  facet normal  9.701801e-001 -3.179936e-002 -2.402902e-001
    outer loop
      vertex  2.540000e+000  4.000500e+001  1.555301e-016
      vertex  2.472846e+000  4.234042e+001 -5.802000e-001
      vertex  2.533262e+000  4.119651e+001 -1.848849e-001
    endloop
  endfacet
  facet normal  9.975808e-001 -5.116357e-003 -6.932743e-002
    outer loop
      vertex  2.540000e+000  4.000500e+001  1.555301e-016
      vertex  2.533262e+000  4.119651e+001 -1.848849e-001
      vertex  2.537224e+000  4.107241e+001 -1.187187e-001
    endloop
  endfacet
  facet normal  9.990773e-001 -2.172605e-003 -4.289480e-002
    outer loop
      vertex  2.540000e+000  4.000500e+001  1.555301e-016
      vertex  2.537224e+000  4.107241e+001 -1.187187e-001
      vertex  2.538516e+000  4.103656e+001 -8.681603e-002
    endloop
  endfacet
  facet normal  9.995097e-001 -1.194977e-003 -3.128590e-002
    outer loop
      vertex  2.540000e+000  4.000500e+001  1.555301e-016
      vertex  2.538516e+000  4.103656e+001 -8.681603e-002
      vertex  2.539110e+000  4.102093e+001 -6.724537e-002
    endloop
  endfacet
  facet normal  9.997967e-001 -4.581913e-004 -2.015848e-002
    outer loop
      vertex  2.540000e+000  4.000500e+001  1.555301e-016
      vertex  2.539110e+000  4.102093e+001 -6.724537e-002
      vertex  2.539773e+000  4.100391e+001 -3.397370e-002
    endloop
  endfacet
  facet normal  9.999775e-001 -8.131181e-007 -6.711662e-003
    outer loop
      vertex  2.540000e+000  4.000500e+001  1.555301e-016
      vertex  2.539773e+000  4.100391e+001 -3.397370e-002
      vertex  2.540000e+000  4.099789e+001 -1.202915e-004
    endloop
  endfacet
  facet normal  9.999934e-001  4.408135e-007  3.638501e-003
    outer loop
      vertex  2.540000e+000  4.000500e+001  1.555301e-016
      vertex  2.540000e+000  4.099789e+001 -1.202915e-004
      vertex  2.539932e+000  4.099977e+001  1.861996e-002
    endloop
  endfacet
  facet normal  9.238563e-001 -7.099479e-003  3.826738e-001
    outer loop
      vertex  2.540000e+000  4.000500e+001  1.555301e-016
      vertex  2.539932e+000  4.099977e+001  1.861996e-002
      vertex  1.796051e+000  4.000500e+001  1.796051e+000
    endloop
  endfacet
  facet normal  9.054644e-001 -3.936639e-001  1.586283e-001
    outer loop
      vertex  1.796051e+000  4.000500e+001  1.796051e+000
      vertex  2.539932e+000  4.099977e+001  1.861996e-002
      vertex  2.539424e+000  4.101290e+001  5.408327e-002
    endloop
  endfacet
  facet normal  9.316754e-001 -2.731106e-001  2.395653e-001
    outer loop
      vertex  1.796051e+000  4.000500e+001  1.796051e+000
      vertex  2.539424e+000  4.101290e+001  5.408327e-002
      vertex  2.538196e+000  4.104523e+001  9.572645e-002
    endloop
  endfacet
  facet normal  9.371489e-001 -1.841638e-001  2.963706e-001
    outer loop
      vertex  1.796051e+000  4.000500e+001  1.796051e+000
      vertex  2.538196e+000  4.104523e+001  9.572645e-002
      vertex  2.535813e+000  4.111366e+001  1.457811e-001
    endloop
  endfacet
  facet normal  9.342881e-001 -1.282455e-001  3.326545e-001
    outer loop
      vertex  1.796051e+000  4.000500e+001  1.796051e+000
      vertex  2.535813e+000  4.111366e+001  1.457811e-001
      vertex  2.533262e+000  4.119651e+001  1.848849e-001
    endloop
  endfacet
  facet normal  9.283724e-001 -8.525439e-002  3.617410e-001
    outer loop
      vertex  1.796051e+000  4.000500e+001  1.796051e+000
      vertex  2.533262e+000  4.119651e+001  1.848849e-001
      vertex  2.493864e+000  4.202781e+001  4.819168e-001
    endloop
  endfacet
  facet normal  9.069111e-001 -4.040520e-002  4.193801e-001
    outer loop
      vertex  1.796051e+000  4.000500e+001  1.796051e+000
      vertex  2.493864e+000  4.202781e+001  4.819168e-001
      vertex  2.351271e+000  4.379770e+001  9.607934e-001
    endloop
  endfacet
  facet normal  8.663183e-001 -1.688264e-002  4.992069e-001
    outer loop
      vertex  1.796051e+000  4.000500e+001  1.796051e+000
      vertex  2.351271e+000  4.379770e+001  9.607934e-001
      vertex  2.229626e+000  4.512265e+001  1.216703e+000
    endloop
  endfacet
  facet normal  8.314992e-001 -7.562901e-003  5.554744e-001
    outer loop
      vertex  1.796051e+000  4.000500e+001  1.796051e+000
      vertex  2.229626e+000  4.512265e+001  1.216703e+000
      vertex  2.115600e+000  4.646333e+001  1.405645e+000
    endloop
  endfacet
  facet normal  7.070855e-001  7.757814e-003  7.070855e-001
    outer loop
      vertex  1.796051e+000  4.000500e+001  1.796051e+000
      vertex  2.115600e+000  4.646333e+001  1.405645e+000
      vertex  1.405645e+000  4.646333e+001  2.115600e+000
    endloop
  endfacet
  facet normal  5.554320e-001 -7.566862e-003  8.315275e-001
    outer loop
      vertex  1.796051e+000  4.000500e+001  1.796051e+000
      vertex  1.405645e+000  4.646333e+001  2.115600e+000
      vertex  1.216412e+000  4.512093e+001  2.229785e+000
    endloop
  endfacet
  facet normal  4.991088e-001 -1.690272e-002  8.663746e-001
    outer loop
      vertex  1.796051e+000  4.000500e+001  1.796051e+000
      vertex  1.216412e+000  4.512093e+001  2.229785e+000
      vertex  9.602717e-001  4.379541e+001  2.351484e+000
    endloop
  endfacet
  facet normal  3.821867e-001 -5.093475e-002  9.226803e-001
    outer loop
      vertex  1.796051e+000  4.000500e+001  1.796051e+000
      vertex  9.602717e-001  4.379541e+001  2.351484e+000
      vertex -6.221206e-016  4.000500e+001  2.540000e+000
    endloop
  endfacet
  facet normal  9.478147e-001 -2.290944e-001  2.217271e-001
    outer loop
      vertex -6.221206e-016  4.000500e+001  2.540000e+000
      vertex  9.602717e-001  4.379541e+001  2.351484e+000
      vertex  5.802000e-001  4.234042e+001  2.472846e+000
    endloop
  endfacet
  facet normal  2.402902e-001 -3.179936e-002  9.701801e-001
    outer loop
      vertex -6.221206e-016  4.000500e+001  2.540000e+000
      vertex  5.802000e-001  4.234042e+001  2.472846e+000
      vertex  1.848849e-001  4.119651e+001  2.533262e+000
    endloop
  endfacet
  facet normal  6.927335e-002 -5.107945e-003  9.975846e-001
    outer loop
      vertex -6.221206e-016  4.000500e+001  2.540000e+000
      vertex  1.848849e-001  4.119651e+001  2.533262e+000
      vertex  1.185853e-001  4.107232e+001  2.537230e+000
    endloop
  endfacet
  facet normal  4.284855e-002 -2.168105e-003  9.990792e-001
    outer loop
      vertex -6.221206e-016  4.000500e+001  2.540000e+000
      vertex  1.185853e-001  4.107232e+001  2.537230e+000
      vertex  8.675608e-002  4.103665e+001  2.538518e+000
    endloop
  endfacet
  facet normal  2.854845e-002 -9.648092e-004  9.995919e-001
    outer loop
      vertex -6.221206e-016  4.000500e+001  2.540000e+000
      vertex  8.675608e-002  4.103665e+001  2.538518e+000
      vertex  5.466569e-002  4.101316e+001  2.539412e+000
    endloop
  endfacet
  facet normal  1.456682e-002 -2.065038e-004  9.998938e-001
    outer loop
      vertex -6.221206e-016  4.000500e+001  2.540000e+000
      vertex  5.466569e-002  4.101316e+001  2.539412e+000
      vertex  1.896284e-002  4.099978e+001  2.539929e+000
    endloop
  endfacet
  facet normal  3.734136e-003  0.000000e+000  9.999930e-001
    outer loop
      vertex -6.221206e-016  4.000500e+001  2.540000e+000
      vertex  1.896284e-002  4.099978e+001  2.539929e+000
      vertex  6.938894e-018  4.099789e+001  2.540000e+000
    endloop
  endfacet
  facet normal -7.579594e-001  1.449039e-001 -6.360036e-001
    outer loop
      vertex -1.807778e+000  3.837071e+001 -2.154425e+000
      vertex -2.435612e+000  3.837071e+001 -1.406201e+000
      vertex -1.796051e+000  4.000500e+001 -1.796051e+000
    endloop
  endfacet
  facet normal -9.902688e-001  1.391678e-001  0.000000e+000
    outer loop
      vertex -2.769676e+000  3.837071e+001 -4.883686e-001
      vertex -2.769676e+000  3.837071e+001  4.883686e-001
      vertex -2.540000e+000  4.000500e+001 -4.665904e-016
    endloop
  endfacet
  facet normal -8.975077e-001  2.372230e-001 -3.717598e-001
    outer loop
      vertex -1.796051e+000  4.000500e+001 -1.796051e+000
      vertex -2.769676e+000  3.837071e+001 -4.883686e-001
      vertex -2.540000e+000  4.000500e+001 -4.665904e-016
    endloop
  endfacet
  facet normal -9.034327e-001  2.751091e-001 -3.288226e-001
    outer loop
      vertex -2.435612e+000  3.837071e+001 -1.406201e+000
      vertex -2.769676e+000  3.837071e+001 -4.883686e-001
      vertex -1.796051e+000  4.000500e+001 -1.796051e+000
    endloop
  endfacet
  facet normal -7.579594e-001  1.449039e-001  6.360036e-001
    outer loop
      vertex -2.435612e+000  3.837071e+001  1.406201e+000
      vertex -1.807778e+000  3.837071e+001  2.154425e+000
      vertex -1.796051e+000  4.000500e+001  1.796051e+000
    endloop
  endfacet
  facet normal -8.918812e-001  2.609021e-001  3.694292e-001
    outer loop
      vertex -2.540000e+000  4.000500e+001 -4.665904e-016
      vertex -2.435612e+000  3.837071e+001  1.406201e+000
      vertex -1.796051e+000  4.000500e+001  1.796051e+000
    endloop
  endfacet
  facet normal -9.149225e-001  2.280893e-001  3.330045e-001
    outer loop
      vertex -2.769676e+000  3.837071e+001  4.883686e-001
      vertex -2.435612e+000  3.837071e+001  1.406201e+000
      vertex -2.540000e+000  4.000500e+001 -4.665904e-016
    endloop
  endfacet
  facet normal -4.908951e-001  1.899696e-001  8.502551e-001
    outer loop
      vertex -1.807778e+000  3.837071e+001  2.154425e+000
      vertex -9.618984e-001  3.837071e+001  2.642794e+000
      vertex -1.796051e+000  4.000500e+001  1.796051e+000
    endloop
  endfacet
  facet normal -3.892073e-001  6.276534e-001 -6.742172e-001
    outer loop
      vertex -1.800160e+000  3.691313e+001 -3.117781e+000
      vertex -1.832181e+000  3.692078e+001 -3.092169e+000
      vertex -1.768713e+000  3.691838e+001 -3.131041e+000
    endloop
  endfacet
  facet normal -7.785025e-001  6.276416e-001 -4.680675e-005
    outer loop
      vertex -3.600157e+000  3.691313e+001  9.424193e-005
      vertex -3.593987e+000  3.692078e+001  4.063066e-002
      vertex -3.595917e+000  3.691838e+001 -3.377009e-002
    endloop
  endfacet
  facet normal -3.892898e-001  6.276441e-001  6.741784e-001
    outer loop
      vertex -1.799997e+000  3.691313e+001  3.117875e+000
      vertex -1.761806e+000  3.692078e+001  3.132800e+000
      vertex -1.827205e+000  3.691838e+001  3.097271e+000
    endloop
  endfacet
  facet normal -6.492674e-002  2.473944e-001 -9.667370e-001
    outer loop
      vertex  3.110603e-016  4.000500e+001 -2.540000e+000
      vertex -1.156355e-011  3.758463e+001 -3.159388e+000
      vertex -9.129438e-001  3.737379e+001 -3.152029e+000
    endloop
  endfacet
  facet normal -5.355440e-001  3.631618e-001 -7.624343e-001
    outer loop
      vertex  3.110603e-016  4.000500e+001 -2.540000e+000
      vertex -9.129438e-001  3.737379e+001 -3.152029e+000
      vertex -9.618984e-001  3.837071e+001 -2.642794e+000
    endloop
  endfacet
  facet normal -4.721119e-001  3.293050e-001 -8.177215e-001
    outer loop
      vertex  3.110603e-016  4.000500e+001 -2.540000e+000
      vertex -9.618984e-001  3.837071e+001 -2.642794e+000
      vertex -1.807778e+000  3.837071e+001 -2.154425e+000
    endloop
  endfacet
  facet normal -3.748622e-001  2.011411e-001 -9.049975e-001
    outer loop
      vertex  3.110603e-016  4.000500e+001 -2.540000e+000
      vertex -1.807778e+000  3.837071e+001 -2.154425e+000
      vertex -1.796051e+000  4.000500e+001 -1.796051e+000
    endloop
  endfacet
  facet normal -6.272659e-001  4.312792e-001 -6.484873e-001
    outer loop
      vertex -1.848348e+000  3.693386e+001 -3.070762e+000
      vertex -2.269721e+000  3.737078e+001 -2.372602e+000
      vertex -1.807778e+000  3.837071e+001 -2.154425e+000
    endloop
  endfacet
  facet normal -4.350574e-001  4.928494e-001 -7.535413e-001
    outer loop
      vertex -1.848348e+000  3.693386e+001 -3.070762e+000
      vertex -1.807778e+000  3.837071e+001 -2.154425e+000
      vertex -9.618984e-001  3.837071e+001 -2.642794e+000
    endloop
  endfacet
  facet normal -2.754532e-001  4.265399e-001 -8.615041e-001
    outer loop
      vertex -1.848348e+000  3.693386e+001 -3.070762e+000
      vertex -9.618984e-001  3.837071e+001 -2.642794e+000
      vertex -9.129438e-001  3.737379e+001 -3.152029e+000
    endloop
  endfacet
  facet normal -3.710657e-001  6.702554e-001 -6.427035e-001
    outer loop
      vertex -1.848348e+000  3.693386e+001 -3.070762e+000
      vertex -9.129438e-001  3.737379e+001 -3.152029e+000
      vertex -1.735184e+000  3.693386e+001 -3.136097e+000
    endloop
  endfacet
  facet normal -3.904118e-001  6.247531e-001 -6.762117e-001
    outer loop
      vertex -1.848348e+000  3.693386e+001 -3.070762e+000
      vertex -1.735184e+000  3.693386e+001 -3.136097e+000
      vertex -1.768713e+000  3.691838e+001 -3.131041e+000
    endloop
  endfacet
  facet normal -3.907424e-001  6.242211e-001 -6.765118e-001
    outer loop
      vertex -1.848348e+000  3.693386e+001 -3.070762e+000
      vertex -1.768713e+000  3.691838e+001 -3.131041e+000
      vertex -1.832181e+000  3.692078e+001 -3.092169e+000
    endloop
  endfacet
  facet normal -8.752394e-001  4.312792e-001  2.189845e-001
    outer loop
      vertex -3.583532e+000  3.693386e+001  6.533536e-002
      vertex -3.189594e+000  3.737078e+001  7.793353e-001
      vertex -2.769676e+000  3.837071e+001  4.883686e-001
    endloop
  endfacet
  facet normal -8.701146e-001  4.928494e-001  0.000000e+000
    outer loop
      vertex -3.583532e+000  3.693386e+001  6.533536e-002
      vertex -2.769676e+000  3.837071e+001  4.883686e-001
      vertex -2.769676e+000  3.837071e+001 -4.883686e-001
    endloop
  endfacet
  facet normal -8.838090e-001  4.265070e-001 -1.922850e-001
    outer loop
      vertex -3.583532e+000  3.693386e+001  6.533536e-002
      vertex -2.769676e+000  3.837071e+001 -4.883686e-001
      vertex -3.185858e+000  3.737411e+001 -7.860109e-001
    endloop
  endfacet
  facet normal -7.420732e-001  6.703190e-001  0.000000e+000
    outer loop
      vertex -3.583532e+000  3.693386e+001  6.533536e-002
      vertex -3.185858e+000  3.737411e+001 -7.860109e-001
      vertex -3.583532e+000  3.693386e+001 -6.533536e-002
    endloop
  endfacet
  facet normal -7.808242e-001  6.247508e-001  0.000000e+000
    outer loop
      vertex -3.583532e+000  3.693386e+001  6.533536e-002
      vertex -3.583532e+000  3.693386e+001 -6.533536e-002
      vertex -3.595917e+000  3.691838e+001 -3.377009e-002
    endloop
  endfacet
  facet normal -7.812440e-001  6.242258e-001  1.344684e-004
    outer loop
      vertex -3.583532e+000  3.693386e+001  6.533536e-002
      vertex -3.595917e+000  3.691838e+001 -3.377009e-002
      vertex -3.593987e+000  3.692078e+001  4.063066e-002
    endloop
  endfacet
  facet normal -2.479944e-001  4.312870e-001  8.674620e-001
    outer loop
      vertex -1.735184e+000  3.693386e+001  3.136097e+000
      vertex -9.201802e-001  3.737066e+001  3.151930e+000
      vertex -9.618984e-001  3.837071e+001  2.642794e+000
    endloop
  endfacet
  facet normal -4.350574e-001  4.928494e-001  7.535413e-001
    outer loop
      vertex -1.735184e+000  3.693386e+001  3.136097e+000
      vertex -9.618984e-001  3.837071e+001  2.642794e+000
      vertex -1.807778e+000  3.837071e+001  2.154425e+000
    endloop
  endfacet
  facet normal -6.084282e-001  4.265070e-001  6.692584e-001
    outer loop
      vertex -1.735184e+000  3.693386e+001  3.136097e+000
      vertex -1.807778e+000  3.837071e+001  2.154425e+000
      vertex -2.273634e+000  3.737411e+001  2.366028e+000
    endloop
  endfacet
  facet normal -3.710373e-001  6.703185e-001  6.426543e-001
    outer loop
      vertex -1.735184e+000  3.693386e+001  3.136097e+000
      vertex -2.273634e+000  3.737411e+001  2.366028e+000
      vertex -1.848348e+000  3.693386e+001  3.070762e+000
    endloop
  endfacet
  facet normal -3.904105e-001  6.247564e-001  6.762094e-001
    outer loop
      vertex -1.735184e+000  3.693386e+001  3.136097e+000
      vertex -1.848348e+000  3.693386e+001  3.070762e+000
      vertex -1.827205e+000  3.691838e+001  3.097271e+000
    endloop
  endfacet
  facet normal -3.905054e-001  6.242231e-001  6.766469e-001
    outer loop
      vertex -1.735184e+000  3.693386e+001  3.136097e+000
      vertex -1.827205e+000  3.691838e+001  3.097271e+000
      vertex -1.761806e+000  3.692078e+001  3.132800e+000
    endloop
  endfacet
  facet normal -8.423103e-001  4.433109e-001 -3.065759e-001
    outer loop
      vertex -2.769676e+000  3.837071e+001 -4.883686e-001
      vertex -2.435612e+000  3.837071e+001 -1.406201e+000
      vertex -3.185858e+000  3.737411e+001 -7.860109e-001
    endloop
  endfacet
  facet normal -8.382472e-001  4.012636e-001 -3.692277e-001
    outer loop
      vertex -3.185858e+000  3.737411e+001 -7.860109e-001
      vertex -2.435612e+000  3.837071e+001 -1.406201e+000
      vertex -2.733477e+000  3.758464e+001 -1.584237e+000
    endloop
  endfacet
  facet normal -7.022389e-001  3.995582e-001 -5.892484e-001
    outer loop
      vertex -2.435612e+000  3.837071e+001 -1.406201e+000
      vertex -1.807778e+000  3.837071e+001 -2.154425e+000
      vertex -2.733477e+000  3.758464e+001 -1.584237e+000
    endloop
  endfacet
  facet normal -7.126546e-001  4.471694e-001 -5.405210e-001
    outer loop
      vertex -2.733477e+000  3.758464e+001 -1.584237e+000
      vertex -1.807778e+000  3.837071e+001 -2.154425e+000
      vertex -2.269721e+000  3.737078e+001 -2.372602e+000
    endloop
  endfacet
  facet normal -6.866576e-001  4.433109e-001  5.761742e-001
    outer loop
      vertex -1.807778e+000  3.837071e+001  2.154425e+000
      vertex -2.435612e+000  3.837071e+001  1.406201e+000
      vertex -2.273634e+000  3.737411e+001  2.366028e+000
    endloop
  endfacet
  facet normal -7.388842e-001  4.012637e-001  5.413297e-001
    outer loop
      vertex -2.273634e+000  3.737411e+001  2.366028e+000
      vertex -2.435612e+000  3.837071e+001  1.406201e+000
      vertex -2.738729e+000  3.758464e+001  1.575142e+000
    endloop
  endfacet
  facet normal -8.614236e-001  3.995583e-001  3.135325e-001
    outer loop
      vertex -2.435612e+000  3.837071e+001  1.406201e+000
      vertex -2.769676e+000  3.837071e+001  4.883686e-001
      vertex -2.738729e+000  3.758464e+001  1.575142e+000
    endloop
  endfacet
  facet normal -8.244321e-001  4.471694e-001  3.469164e-001
    outer loop
      vertex -2.738729e+000  3.758464e+001  1.575142e+000
      vertex -2.769676e+000  3.837071e+001  4.883686e-001
      vertex -3.189594e+000  3.737078e+001  7.793353e-001
    endloop
  endfacet
  facet normal -3.681886e-001  2.726148e-001  8.888860e-001
    outer loop
      vertex -1.796051e+000  4.000500e+001  1.796051e+000
      vertex -9.618984e-001  3.837071e+001  2.642794e+000
      vertex -6.221206e-016  4.000500e+001  2.540000e+000
    endloop
  endfacet
  facet normal -5.380583e-001  3.644902e-001  7.600263e-001
    outer loop
      vertex -6.221206e-016  4.000500e+001  2.540000e+000
      vertex -9.618984e-001  3.837071e+001  2.642794e+000
      vertex -9.201802e-001  3.737066e+001  3.151930e+000
    endloop
  endfacet
  facet normal -6.536282e-002  2.473874e-001  9.667095e-001
    outer loop
      vertex -6.221206e-016  4.000500e+001  2.540000e+000
      vertex -9.201802e-001  3.737066e+001  3.151930e+000
      vertex  0.000000e+000  3.758463e+001  3.159388e+000
    endloop
  endfacet
endsolid CATIA STL
